fetch_card_id,image_url,name,card_code,rarity,print_finish,set_name
mtg_109_r_aer_foil,https://card-images.fetchtcg.com/mtg/2460/large/mtg_109_r_aer_foil.png,Heroic Intervention,109,Rare,Foil,Aether Revolt
mtg_109_r_aer_normal,https://card-images.fetchtcg.com/mtg/2460/large/mtg_109_r_aer_normal.png,Heroic Intervention,109,Rare,Normal,Aether Revolt
mtg_119_r_arb_foil,https://card-images.fetchtcg.com/mtg/2464/large/mtg_119_r_arb_foil.png,Madrush Cyclops,119,Rare,Foil,Alara Reborn
mtg_119_r_arb_normal,https://card-images.fetchtcg.com/mtg/2464/large/mtg_119_r_arb_normal.png,Madrush Cyclops,119,Rare,Normal,Alara Reborn
mtg_1_m_akh_foil,https://card-images.fetchtcg.com/mtg/2469/large/mtg_1_m_akh_foil.png,Angel of Sanctions,1,Mythic,Foil,Amonkhet
mtg_1_m_akh_normal,https://card-images.fetchtcg.com/mtg/2469/large/mtg_1_m_akh_normal.png,Angel of Sanctions,1,Mythic,Normal,Amonkhet
mtg_2_r_akh_foil,https://card-images.fetchtcg.com/mtg/2469/large/mtg_2_r_akh_foil.png,Anointed Procession,2,Rare,Foil,Amonkhet
mtg_2_r_akh_normal,https://card-images.fetchtcg.com/mtg/2469/large/mtg_2_r_akh_normal.png,Anointed Procession,2,Rare,Normal,Amonkhet
mtg_10_u_acr_foil,https://card-images.fetchtcg.com/mtg/2494/large/mtg_10_u_acr_foil.png,Templar Knight,10,Uncommon,Foil,Assassin's Creed
mtg_10_u_acr_normal,https://card-images.fetchtcg.com/mtg/2494/large/mtg_10_u_acr_normal.png,Templar Knight,10,Uncommon,Normal,Assassin's Creed
mtg_38_r_acr_foil,https://card-images.fetchtcg.com/mtg/2494/large/mtg_38_r_acr_foil.png,The Spear of Leonidas,38,Rare,Foil,Assassin's Creed
mtg_38_r_acr_normal,https://card-images.fetchtcg.com/mtg/2494/large/mtg_38_r_acr_normal.png,The Spear of Leonidas,38,Rare,Normal,Assassin's Creed
mtg_71_u_acr_foil,https://card-images.fetchtcg.com/mtg/2494/large/mtg_71_u_acr_foil.png,Brotherhood Regalia,71,Uncommon,Foil,Assassin's Creed
mtg_71_u_acr_normal,https://card-images.fetchtcg.com/mtg/2494/large/mtg_71_u_acr_normal.png,Brotherhood Regalia,71,Uncommon,Normal,Assassin's Creed
mtg_72_r_acr_foil,https://card-images.fetchtcg.com/mtg/2494/large/mtg_72_r_acr_foil.png,"Excalibur, Sword of Eden",72,Rare,Foil,Assassin's Creed
mtg_72_r_acr_normal,https://card-images.fetchtcg.com/mtg/2494/large/mtg_72_r_acr_normal.png,"Excalibur, Sword of Eden",72,Rare,Normal,Assassin's Creed
mtg_8_r_acr_foil,https://card-images.fetchtcg.com/mtg/2494/large/mtg_8_r_acr_foil.png,"Senu, Keen-Eyed Protector",8,Rare,Foil,Assassin's Creed
mtg_8_r_acr_normal,https://card-images.fetchtcg.com/mtg/2494/large/mtg_8_r_acr_normal.png,"Senu, Keen-Eyed Protector",8,Rare,Normal,Assassin's Creed
mtg_81_u_acr_foil,https://card-images.fetchtcg.com/mtg/2494/large/mtg_81_u_acr_foil.png,Path to Exile,81,Uncommon,Foil,Assassin's Creed
mtg_81_u_acr_normal,https://card-images.fetchtcg.com/mtg/2494/large/mtg_81_u_acr_normal.png,Path to Exile,81,Uncommon,Normal,Assassin's Creed
mtg_82_u_acr_foil,https://card-images.fetchtcg.com/mtg/2494/large/mtg_82_u_acr_foil.png,Reconnaissance,82,Uncommon,Foil,Assassin's Creed
mtg_82_u_acr_normal,https://card-images.fetchtcg.com/mtg/2494/large/mtg_82_u_acr_normal.png,Reconnaissance,82,Uncommon,Normal,Assassin's Creed
mtg_89_r_acr_foil,https://card-images.fetchtcg.com/mtg/2494/large/mtg_89_r_acr_foil.png,Cover of Darkness,89,Rare,Foil,Assassin's Creed
mtg_89_r_acr_normal,https://card-images.fetchtcg.com/mtg/2494/large/mtg_89_r_acr_normal.png,Cover of Darkness,89,Rare,Normal,Assassin's Creed
mtg_99_m_acr_foil,https://card-images.fetchtcg.com/mtg/2494/large/mtg_99_m_acr_foil.png,Sword of Feast and Famine,99,Mythic,Foil,Assassin's Creed
mtg_99_m_acr_normal,https://card-images.fetchtcg.com/mtg/2494/large/mtg_99_m_acr_normal.png,Sword of Feast and Famine,99,Mythic,Normal,Assassin's Creed
mtg_227_desolate-lighthouse_r_avr_foil,https://card-images.fetchtcg.com/mtg/2499/large/mtg_227_desolate-lighthouse_r_avr_foil.png,Desolate Lighthouse,227_desolate-lighthouse,Rare,Foil,Avacyn Restored
mtg_227_desolate-lighthouse_r_avr_normal,https://card-images.fetchtcg.com/mtg/2499/large/mtg_227_desolate-lighthouse_r_avr_normal.png,Desolate Lighthouse,227_desolate-lighthouse,Rare,Normal,Avacyn Restored
mtg_atla-107_M_standard_foil,https://card-images.fetchtcg.com/mtg/4390/large/mtg_atla-107_M_standard_foil.png,"Koh, the Face Stealer",107,Mythic,Foil,Avatar The Last Airbender
mtg_atla-107_M_standard_normal,https://card-images.fetchtcg.com/mtg/4390/large/mtg_atla-107_M_standard_normal.png,"Koh, the Face Stealer",107,Mythic,Normal,Avatar The Last Airbender
mtg_atla-116_R_standard_foil,https://card-images.fetchtcg.com/mtg/4390/large/mtg_atla-116_R_standard_foil.png,Raven Eagle,116,Rare,Foil,Avatar The Last Airbender
mtg_atla-116_R_standard_normal,https://card-images.fetchtcg.com/mtg/4390/large/mtg_atla-116_R_standard_normal.png,Raven Eagle,116,Rare,Normal,Avatar The Last Airbender
mtg_atla-144_R_standard_foil,https://card-images.fetchtcg.com/mtg/4390/large/mtg_atla-144_R_standard_foil.png,The Last Agni Kai,144,Rare,Foil,Avatar The Last Airbender
mtg_atla-144_R_standard_normal,https://card-images.fetchtcg.com/mtg/4390/large/mtg_atla-144_R_standard_normal.png,The Last Agni Kai,144,Rare,Normal,Avatar The Last Airbender
mtg_atla-165_R_standard_normal,https://card-images.fetchtcg.com/mtg/4390/large/mtg_atla-165_R_standard_normal.png,Avatar Destiny,165,Rare,Normal,Avatar The Last Airbender
mtg_atla-178_R_standard_normal,https://card-images.fetchtcg.com/mtg/4390/large/mtg_atla-178_R_standard_normal.png,Elemental Teachings,178,Rare,Normal,Avatar The Last Airbender
mtg_atla-181_R_standard_foil,https://card-images.fetchtcg.com/mtg/4390/large/mtg_atla-181_R_standard_foil.png,Great Divide Guide,181,Rare,Foil,Avatar The Last Airbender
mtg_atla-181_R_standard_normal,https://card-images.fetchtcg.com/mtg/4390/large/mtg_atla-181_R_standard_normal.png,Great Divide Guide,181,Rare,Normal,Avatar The Last Airbender
mtg_atla-203_R_standard_foil,https://card-images.fetchtcg.com/mtg/4390/large/mtg_atla-203_R_standard_foil.png,"Aang, at the Crossroads",203,Rare,Foil,Avatar The Last Airbender
mtg_atla-203_R_standard_normal,https://card-images.fetchtcg.com/mtg/4390/large/mtg_atla-203_R_standard_normal.png,"Aang, at the Crossroads",203,Rare,Normal,Avatar The Last Airbender
mtg_atla-208_R_standard_foil,https://card-images.fetchtcg.com/mtg/4390/large/mtg_atla-208_R_standard_foil.png,"Azula, Cunning Usurper",208,Rare,Foil,Avatar The Last Airbender
mtg_atla-208_R_standard_normal,https://card-images.fetchtcg.com/mtg/4390/large/mtg_atla-208_R_standard_normal.png,"Azula, Cunning Usurper",208,Rare,Normal,Avatar The Last Airbender
mtg_atla-209_R_standard_foil,https://card-images.fetchtcg.com/mtg/4390/large/mtg_atla-209_R_standard_foil.png,Beifong's Bounty Hunters,209,Rare,Foil,Avatar The Last Airbender
mtg_atla-209_R_standard_normal,https://card-images.fetchtcg.com/mtg/4390/large/mtg_atla-209_R_standard_normal.png,Beifong's Bounty Hunters,209,Rare,Normal,Avatar The Last Airbender
mtg_atla-239_R_standard_normal,https://card-images.fetchtcg.com/mtg/4390/large/mtg_atla-239_R_standard_normal.png,Sandbender Scavengers,239,Rare,Normal,Avatar The Last Airbender
mtg_atla-242_R_standard_foil,https://card-images.fetchtcg.com/mtg/4390/large/mtg_atla-242_R_standard_foil.png,"Sokka, Tenacious Tactician",242,Rare,Foil,Avatar The Last Airbender
mtg_atla-242_R_standard_normal,https://card-images.fetchtcg.com/mtg/4390/large/mtg_atla-242_R_standard_normal.png,"Sokka, Tenacious Tactician",242,Rare,Normal,Avatar The Last Airbender
mtg_atla-246_R_standard_foil,https://card-images.fetchtcg.com/mtg/4390/large/mtg_atla-246_R_standard_foil.png,"Toph, Hardheaded Teacher",246,Rare,Foil,Avatar The Last Airbender
mtg_atla-246_R_standard_normal,https://card-images.fetchtcg.com/mtg/4390/large/mtg_atla-246_R_standard_normal.png,"Toph, Hardheaded Teacher",246,Rare,Normal,Avatar The Last Airbender
mtg_atla-261_M_standard_foil,https://card-images.fetchtcg.com/mtg/4390/large/mtg_atla-261_M_standard_foil.png,The Walls of Ba Sing Se,261,Mythic,Foil,Avatar The Last Airbender
mtg_atla-261_M_standard_normal,https://card-images.fetchtcg.com/mtg/4390/large/mtg_atla-261_M_standard_normal.png,The Walls of Ba Sing Se,261,Mythic,Normal,Avatar The Last Airbender
mtg_atla-27_M_standard_foil,https://card-images.fetchtcg.com/mtg/4390/large/mtg_atla-27_M_standard_foil.png,The Legend of Yangchen,27,Mythic,Foil,Avatar The Last Airbender
mtg_atla-27_M_standard_normal,https://card-images.fetchtcg.com/mtg/4390/large/mtg_atla-27_M_standard_normal.png,The Legend of Yangchen,27,Mythic,Normal,Avatar The Last Airbender
mtg_atla-276_R_standard_normal,https://card-images.fetchtcg.com/mtg/4390/large/mtg_atla-276_R_standard_normal.png,Realm of Koh,276,Rare,Normal,Avatar The Last Airbender
mtg_atla-278_R_standard_foil,https://card-images.fetchtcg.com/mtg/4390/large/mtg_atla-278_R_standard_foil.png,Secret Tunnel,278,Rare,Foil,Avatar The Last Airbender
mtg_atla-278_R_standard_normal,https://card-images.fetchtcg.com/mtg/4390/large/mtg_atla-278_R_standard_normal.png,Secret Tunnel,278,Rare,Normal,Avatar The Last Airbender
mtg_atla-69_M_standard_normal,https://card-images.fetchtcg.com/mtg/4390/large/mtg_atla-69_M_standard_normal.png,Secret of Bloodbending,69,Mythic,Normal,Avatar The Last Airbender
mtg_atla-76_R_standard_foil,https://card-images.fetchtcg.com/mtg/4390/large/mtg_atla-76_R_standard_foil.png,"Ty Lee, Chi Blocker",76,Rare,Foil,Avatar The Last Airbender
mtg_atla-76_R_standard_normal,https://card-images.fetchtcg.com/mtg/4390/large/mtg_atla-76_R_standard_normal.png,"Ty Lee, Chi Blocker",76,Rare,Normal,Avatar The Last Airbender
mtg_atla-77_R_standard_foil,https://card-images.fetchtcg.com/mtg/4390/large/mtg_atla-77_R_standard_foil.png,The Unagi of Kyoshi Island,77,Rare,Foil,Avatar The Last Airbender
mtg_atla-77_R_standard_normal,https://card-images.fetchtcg.com/mtg/4390/large/mtg_atla-77_R_standard_normal.png,The Unagi of Kyoshi Island,77,Rare,Normal,Avatar The Last Airbender
mtg_atla-78_M_standard_foil,https://card-images.fetchtcg.com/mtg/4390/large/mtg_atla-78_M_standard_foil.png,"Wan Shi Tong, Librarian",78,Mythic,Foil,Avatar The Last Airbender
mtg_atla-78_M_standard_normal,https://card-images.fetchtcg.com/mtg/4390/large/mtg_atla-78_M_standard_normal.png,"Wan Shi Tong, Librarian",78,Mythic,Normal,Avatar The Last Airbender
mtg_atla-87_R_standard_normal,https://card-images.fetchtcg.com/mtg/4390/large/mtg_atla-87_R_standard_normal.png,Boiling Rock Rioter,87,Rare,Normal,Avatar The Last Airbender
mtg_atlae-125_R_standard_foil,https://card-images.fetchtcg.com/mtg/4391/large/mtg_atlae-125_R_standard_foil.png,"Smellerbee, Rebel Fighter",125,Rare,Foil,Avatar The Last Airbender Eternal-Legal
mtg_atlae-125_R_standard_normal,https://card-images.fetchtcg.com/mtg/4391/large/mtg_atlae-125_R_standard_normal.png,"Smellerbee, Rebel Fighter",125,Rare,Normal,Avatar The Last Airbender Eternal-Legal
mtg_atlae-145_M_standard_foil,https://card-images.fetchtcg.com/mtg/4391/large/mtg_atlae-145_M_standard_foil.png,"Toph, Earthbending Master",145,Mythic,Foil,Avatar The Last Airbender Eternal-Legal
mtg_atlae-145_M_standard_normal,https://card-images.fetchtcg.com/mtg/4391/large/mtg_atlae-145_M_standard_normal.png,"Toph, Earthbending Master",145,Mythic,Normal,Avatar The Last Airbender Eternal-Legal
mtg_atlae-248_R_standard_foil,https://card-images.fetchtcg.com/mtg/4391/large/mtg_atlae-248_R_standard_foil.png,"Bumi, Eclectic Earthbender",248,Rare,Foil,Avatar The Last Airbender Eternal-Legal
mtg_atlae-248_R_standard_normal,https://card-images.fetchtcg.com/mtg/4391/large/mtg_atlae-248_R_standard_normal.png,"Bumi, Eclectic Earthbender",248,Rare,Normal,Avatar The Last Airbender Eternal-Legal
mtg_17_m_bfz_foil,https://card-images.fetchtcg.com/mtg/2507/large/mtg_17_m_bfz_foil.png,Void Winnower,17,Mythic,Foil,Battle for Zendikar
mtg_17_m_bfz_normal,https://card-images.fetchtcg.com/mtg/2507/large/mtg_17_m_bfz_normal.png,Void Winnower,17,Mythic,Normal,Battle for Zendikar
mtg_215_r_bfz_foil,https://card-images.fetchtcg.com/mtg/2507/large/mtg_215_r_bfz_foil.png,"Munda, Ambush Leader",215,Rare,Foil,Battle for Zendikar
mtg_215_r_bfz_normal,https://card-images.fetchtcg.com/mtg/2507/large/mtg_215_r_bfz_normal.png,"Munda, Ambush Leader",215,Rare,Normal,Battle for Zendikar
mtg_81_r_bfz_foil,https://card-images.fetchtcg.com/mtg/2507/large/mtg_81_r_bfz_foil.png,Prism Array,81,Rare,Foil,Battle for Zendikar
mtg_81_r_bfz_normal,https://card-images.fetchtcg.com/mtg/2507/large/mtg_81_r_bfz_normal.png,Prism Array,81,Rare,Normal,Battle for Zendikar
mtg_85_r_bfz_foil,https://card-images.fetchtcg.com/mtg/2507/large/mtg_85_r_bfz_foil.png,Scatter to the Winds,85,Rare,Foil,Battle for Zendikar
mtg_85_r_bfz_normal,https://card-images.fetchtcg.com/mtg/2507/large/mtg_85_r_bfz_normal.png,Scatter to the Winds,85,Rare,Normal,Battle for Zendikar
mtg_73_r_bbd_foil,https://card-images.fetchtcg.com/mtg/2503/large/mtg_73_r_bbd_foil.png,Pir's Whim,73,Rare,Foil,Battlebond
mtg_73_r_bbd_normal,https://card-images.fetchtcg.com/mtg/2503/large/mtg_73_r_bbd_normal.png,Pir's Whim,73,Rare,Normal,Battlebond
mtg_83_morphic-pool_r_bbd_foil,https://card-images.fetchtcg.com/mtg/2503/large/mtg_83_morphic-pool_r_bbd_foil.png,Morphic Pool,83_morphic-pool,Rare,Foil,Battlebond
mtg_83_morphic-pool_r_bbd_normal,https://card-images.fetchtcg.com/mtg/2503/large/mtg_83_morphic-pool_r_bbd_normal.png,Morphic Pool,83_morphic-pool,Rare,Normal,Battlebond
mtg_129_r_blb_foil,https://card-images.fetchtcg.com/mtg/2516/large/mtg_129_r_blb_foil.png,Byway Barterer,129,Rare,Foil,Bloomburrow
mtg_129_r_blb_normal,https://card-images.fetchtcg.com/mtg/2516/large/mtg_129_r_blb_normal.png,Byway Barterer,129,Rare,Normal,Bloomburrow
mtg_180_r_blb_foil,https://card-images.fetchtcg.com/mtg/2516/large/mtg_180_r_blb_foil.png,Innkeeper's Talent,180,Rare,Foil,Bloomburrow
mtg_180_r_blb_normal,https://card-images.fetchtcg.com/mtg/2516/large/mtg_180_r_blb_normal.png,Innkeeper's Talent,180,Rare,Normal,Bloomburrow
mtg_183_m_blb_foil,https://card-images.fetchtcg.com/mtg/2516/large/mtg_183_m_blb_foil.png,"Lumra, Bellow of the Woods",183,Mythic,Foil,Bloomburrow
mtg_183_m_blb_normal,https://card-images.fetchtcg.com/mtg/2516/large/mtg_183_m_blb_normal.png,"Lumra, Bellow of the Woods",183,Mythic,Normal,Bloomburrow
mtg_204_r_blb_foil,https://card-images.fetchtcg.com/mtg/2516/large/mtg_204_r_blb_foil.png,"Alania, Divergent Storm",204,Rare,Foil,Bloomburrow
mtg_204_r_blb_normal,https://card-images.fetchtcg.com/mtg/2516/large/mtg_204_r_blb_normal.png,"Alania, Divergent Storm",204,Rare,Normal,Bloomburrow
mtg_252_fabled-passage_r_blb_foil,https://card-images.fetchtcg.com/mtg/2516/large/mtg_252_fabled-passage_r_blb_foil.png,Fabled Passage,252_fabled-passage,Rare,Foil,Bloomburrow
mtg_252_fabled-passage_r_blb_normal,https://card-images.fetchtcg.com/mtg/2516/large/mtg_252_fabled-passage_r_blb_normal.png,Fabled Passage,252_fabled-passage,Rare,Normal,Bloomburrow
mtg_253_fountainport_r_blb_foil,https://card-images.fetchtcg.com/mtg/2516/large/mtg_253_fountainport_r_blb_foil.png,Fountainport,253_fountainport,Rare,Foil,Bloomburrow
mtg_253_fountainport_r_blb_normal,https://card-images.fetchtcg.com/mtg/2516/large/mtg_253_fountainport_r_blb_normal.png,Fountainport,253_fountainport,Rare,Normal,Bloomburrow
mtg_276_m_blc_normal,https://card-images.fetchtcg.com/mtg/2518/large/mtg_276_m_blc_normal.png,Helm of the Host,276,Mythic,Normal,Bloomburrow Commander
mtg_149_scrying-sheets_r_csp_foil,https://card-images.fetchtcg.com/mtg/2539/large/mtg_149_scrying-sheets_r_csp_foil.png,Scrying Sheets,149_scrying-sheets,Rare,Foil,Coldsnap
mtg_149_scrying-sheets_r_csp_normal,https://card-images.fetchtcg.com/mtg/2539/large/mtg_149_scrying-sheets_r_csp_normal.png,Scrying Sheets,149_scrying-sheets,Rare,Normal,Coldsnap
mtg_c-td-140_R_standard_normal,https://card-images.fetchtcg.com/mtg/4397/large/mtg_c-td-140_R_standard_normal.png,Welcoming Vampire,140,Rare,Normal,Commander - Tarkir Dragonstorm
mtg_c-td-164_R_standard_normal,https://card-images.fetchtcg.com/mtg/4397/large/mtg_c-td-164_R_standard_normal.png,Reflections of Littjara,164,Rare,Normal,Commander - Tarkir Dragonstorm
mtg_109_u_cmd_normal,https://card-images.fetchtcg.com/mtg/2543/large/mtg_109_u_cmd_normal.png,Anger,109,Uncommon,Normal,Commander 2011
mtg_186_m_c13_normal,https://card-images.fetchtcg.com/mtg/2545/large/mtg_186_m_c13_normal.png,"Derevi, Empyrial Tactician",186,Mythic,Normal,Commander 2013
mtg_262_r_c13_normal,https://card-images.fetchtcg.com/mtg/2545/large/mtg_262_r_c13_normal.png,Surveyor's Scope,262,Rare,Normal,Commander 2013
mtg_177_r_c15_normal,https://card-images.fetchtcg.com/mtg/2550/large/mtg_177_r_c15_normal.png,Caller of the Claw,177,Rare,Normal,Commander 2015
mtg_95_r_c15_normal,https://card-images.fetchtcg.com/mtg/2550/large/mtg_95_r_c15_normal.png,Jace's Archivist,95,Rare,Normal,Commander 2015
mtg_170_r_c16_normal,https://card-images.fetchtcg.com/mtg/2553/large/mtg_170_r_c16_normal.png,Tempt with Discovery,170,Rare,Normal,Commander 2016
mtg_228_r_c18_normal,https://card-images.fetchtcg.com/mtg/2559/large/mtg_228_r_c18_normal.png,Unwinding Clock,228,Rare,Normal,Commander 2018
mtg_16_m_c20_foil,https://card-images.fetchtcg.com/mtg/2565/large/mtg_16_m_c20_foil.png,"Tayam, Luminous Enigma",16,Mythic,Foil,Commander 2020
mtg_16_m_c20_normal,https://card-images.fetchtcg.com/mtg/2565/large/mtg_16_m_c20_normal.png,"Tayam, Luminous Enigma",16,Mythic,Normal,Commander 2020
mtg_153_r_c21_normal,https://card-images.fetchtcg.com/mtg/2568/large/mtg_153_r_c21_normal.png,Sanguine Bond,153,Rare,Normal,Commander 2021
mtg_164_m_c21_normal,https://card-images.fetchtcg.com/mtg/2568/large/mtg_164_m_c21_normal.png,"Daretti, Scrap Savant",164,Mythic,Normal,Commander 2021
mtg_165_r_c21_normal,https://card-images.fetchtcg.com/mtg/2568/large/mtg_165_r_c21_normal.png,Dualcaster Mage,165,Rare,Normal,Commander 2021
mtg_273_r_c21_normal,https://card-images.fetchtcg.com/mtg/2568/large/mtg_273_r_c21_normal.png,Venser's Journal,273,Rare,Normal,Commander 2021
mtg_62_r_cm2_normal,https://card-images.fetchtcg.com/mtg/2572/large/mtg_62_r_cm2_normal.png,Extractor Demon,62,Rare,Normal,Commander Anthology Volume II
mtg_197_u_cmr_foil,https://card-images.fetchtcg.com/mtg/2577/large/mtg_197_u_cmr_foil.png,"Rograkh, Son of Rohgahh",197,Uncommon,Foil,Commander Legends
mtg_197_u_cmr_normal,https://card-images.fetchtcg.com/mtg/2577/large/mtg_197_u_cmr_normal.png,"Rograkh, Son of Rohgahh",197,Uncommon,Normal,Commander Legends
mtg_358_training-center_r_cmr_foil,https://card-images.fetchtcg.com/mtg/2577/large/mtg_358_training-center_r_cmr_foil.png,Training Center,358_training-center,Rare,Foil,Commander Legends
mtg_358_training-center_r_cmr_normal,https://card-images.fetchtcg.com/mtg/2577/large/mtg_358_training-center_r_cmr_normal.png,Training Center,358_training-center,Rare,Normal,Commander Legends
mtg_360_vault-of-champions_r_cmr_foil,https://card-images.fetchtcg.com/mtg/2577/large/mtg_360_vault-of-champions_r_cmr_foil.png,Vault of Champions,360_vault-of-champions,Rare,Foil,Commander Legends
mtg_360_vault-of-champions_r_cmr_normal,https://card-images.fetchtcg.com/mtg/2577/large/mtg_360_vault-of-champions_r_cmr_normal.png,Vault of Champions,360_vault-of-champions,Rare,Normal,Commander Legends
mtg_846_r_clb_normal,https://card-images.fetchtcg.com/mtg/2578/large/mtg_846_r_clb_normal.png,Firja's Retribution,846,Rare,Normal,Commander Legends: Battle for Baldur's Gate
mtg_265_r_cmm_foil,https://card-images.fetchtcg.com/mtg/2585/large/mtg_265_r_cmm_foil.png,Treasure Nabber,265,Rare,Foil,Commander Masters
mtg_265_r_cmm_normal,https://card-images.fetchtcg.com/mtg/2585/large/mtg_265_r_cmm_normal.png,Treasure Nabber,265,Rare,Normal,Commander Masters
mtg_331_r_cmm_foil,https://card-images.fetchtcg.com/mtg/2585/large/mtg_331_r_cmm_foil.png,Wayward Swordtooth,331,Rare,Foil,Commander Masters
mtg_331_r_cmm_normal,https://card-images.fetchtcg.com/mtg/2585/large/mtg_331_r_cmm_normal.png,Wayward Swordtooth,331,Rare,Normal,Commander Masters
mtg_340_r_cmm_foil,https://card-images.fetchtcg.com/mtg/2585/large/mtg_340_r_cmm_foil.png,"Hanna, Ship's Navigator",340,Rare,Foil,Commander Masters
mtg_340_r_cmm_normal,https://card-images.fetchtcg.com/mtg/2585/large/mtg_340_r_cmm_normal.png,"Hanna, Ship's Navigator",340,Rare,Normal,Commander Masters
mtg_828_r_cmm_normal,https://card-images.fetchtcg.com/mtg/2585/large/mtg_828_r_cmm_normal.png,Mesa Enchantress,828,Rare,Normal,Commander Masters
mtg_909_r_cmm_normal,https://card-images.fetchtcg.com/mtg/2585/large/mtg_909_r_cmm_normal.png,Realmwalker,909,Rare,Normal,Commander Masters
mtg_ceoe-122_R_standard_normal,https://card-images.fetchtcg.com/mtg/4450/large/mtg_ceoe-122_R_standard_normal.png,"Mazirek, Kraul Death Priest",122,Rare,Normal,Commander: Edge of Eternities
mtg_ceoe-14_R_standard_normal,https://card-images.fetchtcg.com/mtg/4450/large/mtg_ceoe-14_R_standard_normal.png,Exploration Broodship,14,Rare,Normal,Commander: Edge of Eternities
mtg_ceoe-152_R_standard_normal,https://card-images.fetchtcg.com/mtg/4450/large/mtg_ceoe-152_R_standard_normal.png,Canyon Slough,152,Rare,Normal,Commander: Edge of Eternities
mtg_ceoe-154_R_standard_normal,https://card-images.fetchtcg.com/mtg/4450/large/mtg_ceoe-154_R_standard_normal.png,Cinder Glade,154,Rare,Normal,Commander: Edge of Eternities
mtg_ceoe-178_R_standard_normal,https://card-images.fetchtcg.com/mtg/4450/large/mtg_ceoe-178_R_standard_normal.png,Sheltered Thicket,178,Rare,Normal,Commander: Edge of Eternities
mtg_ceoe-182_R_standard_normal,https://card-images.fetchtcg.com/mtg/4450/large/mtg_ceoe-182_R_standard_normal.png,Smoldering Marsh,182,Rare,Normal,Commander: Edge of Eternities
mtg_cffmtg-329_R_standard_normal,https://card-images.fetchtcg.com/mtg/4232/large/mtg_cffmtg-329_R_standard_normal.png,Ruinous Ultimatum,329,Rare,Normal,Commander: FINAL FANTASY
mtg_cffmtg-417_R_standard_normal,https://card-images.fetchtcg.com/mtg/4232/large/mtg_cffmtg-417_R_standard_normal.png,Rugged Prairie,417,Rare,Normal,Commander: FINAL FANTASY
mtg_cffmtg-5_M_standard_foil,https://card-images.fetchtcg.com/mtg/4232/large/mtg_cffmtg-5_M_standard_foil.png,"Tidus, Yuna's Guardian",5,Mythic,Foil,Commander: FINAL FANTASY
mtg_cffmtg-5_M_standard_normal,https://card-images.fetchtcg.com/mtg/4232/large/mtg_cffmtg-5_M_standard_normal.png,"Tidus, Yuna's Guardian",5,Mythic,Normal,Commander: FINAL FANTASY
mtg_ctmnt-10_R_standard_normal,https://card-images.fetchtcg.com/mtg/4466/large/mtg_ctmnt-10_R_standard_normal.png,"Baxter, Fly in the Ointment",10,Rare,Normal,Commander: Teenage Mutant Ninja Turtles
mtg_ctmnt-11_R_standard_normal,https://card-images.fetchtcg.com/mtg/4466/large/mtg_ctmnt-11_R_standard_normal.png,Here Comes a New Hero!,11,Rare,Normal,Commander: Teenage Mutant Ninja Turtles
mtg_ctmnt-12_R_standard_normal,https://card-images.fetchtcg.com/mtg/4466/large/mtg_ctmnt-12_R_standard_normal.png,"Irma, Part-Time Mutant",12,Rare,Normal,Commander: Teenage Mutant Ninja Turtles
mtg_ctmnt-13_R_standard_normal,https://card-images.fetchtcg.com/mtg/4466/large/mtg_ctmnt-13_R_standard_normal.png,"Krang, the All-Powerful",13,Rare,Normal,Commander: Teenage Mutant Ninja Turtles
mtg_ctmnt-14_R_standard_normal,https://card-images.fetchtcg.com/mtg/4466/large/mtg_ctmnt-14_R_standard_normal.png,"Ray Fillet, Wave Warrior",14,Rare,Normal,Commander: Teenage Mutant Ninja Turtles
mtg_ctmnt-15_R_standard_normal,https://card-images.fetchtcg.com/mtg/4466/large/mtg_ctmnt-15_R_standard_normal.png,"Bebop, Skull & Crossbones",15,Rare,Normal,Commander: Teenage Mutant Ninja Turtles
mtg_ctmnt-16_R_standard_normal,https://card-images.fetchtcg.com/mtg/4466/large/mtg_ctmnt-16_R_standard_normal.png,Dimension X Pizzasaur,16,Rare,Normal,Commander: Teenage Mutant Ninja Turtles
mtg_ctmnt-17_R_standard_normal,https://card-images.fetchtcg.com/mtg/4466/large/mtg_ctmnt-17_R_standard_normal.png,Foot Chopper,17,Rare,Normal,Commander: Teenage Mutant Ninja Turtles
mtg_ctmnt-18_R_standard_normal,https://card-images.fetchtcg.com/mtg/4466/large/mtg_ctmnt-18_R_standard_normal.png,Game Over,18,Rare,Normal,Commander: Teenage Mutant Ninja Turtles
mtg_ctmnt-19_R_standard_foil,https://card-images.fetchtcg.com/mtg/4466/large/mtg_ctmnt-19_R_standard_foil.png,"Rat King, Pale Piper",19,Rare,Foil,Commander: Teenage Mutant Ninja Turtles
mtg_ctmnt-19_R_standard_normal,https://card-images.fetchtcg.com/mtg/4466/large/mtg_ctmnt-19_R_standard_normal.png,"Rat King, Pale Piper",19,Rare,Normal,Commander: Teenage Mutant Ninja Turtles
mtg_ctmnt-20_R_standard_foil,https://card-images.fetchtcg.com/mtg/4466/large/mtg_ctmnt-20_R_standard_foil.png,"Shredder, Shadow Master",20,Rare,Foil,Commander: Teenage Mutant Ninja Turtles
mtg_ctmnt-20_R_standard_normal,https://card-images.fetchtcg.com/mtg/4466/large/mtg_ctmnt-20_R_standard_normal.png,"Shredder, Shadow Master",20,Rare,Normal,Commander: Teenage Mutant Ninja Turtles
mtg_ctmnt-21_R_standard_normal,https://card-images.fetchtcg.com/mtg/4466/large/mtg_ctmnt-21_R_standard_normal.png,Swift Demise,21,Rare,Normal,Commander: Teenage Mutant Ninja Turtles
mtg_ctmnt-22_R_standard_normal,https://card-images.fetchtcg.com/mtg/4466/large/mtg_ctmnt-22_R_standard_normal.png,"Casey Jones, Back Alley Brute",22,Rare,Normal,Commander: Teenage Mutant Ninja Turtles
mtg_ctmnt-23_R_standard_normal,https://card-images.fetchtcg.com/mtg/4466/large/mtg_ctmnt-23_R_standard_normal.png,Electric Seaweed,23,Rare,Normal,Commander: Teenage Mutant Ninja Turtles
mtg_ctmnt-24_R_standard_normal,https://card-images.fetchtcg.com/mtg/4466/large/mtg_ctmnt-24_R_standard_normal.png,Fast Forward,24,Rare,Normal,Commander: Teenage Mutant Ninja Turtles
mtg_ctmnt-25_R_standard_normal,https://card-images.fetchtcg.com/mtg/4466/large/mtg_ctmnt-25_R_standard_normal.png,Shellshock,25,Rare,Normal,Commander: Teenage Mutant Ninja Turtles
mtg_ctmnt-26_R_standard_normal,https://card-images.fetchtcg.com/mtg/4466/large/mtg_ctmnt-26_R_standard_normal.png,Special Move,26,Rare,Normal,Commander: Teenage Mutant Ninja Turtles
mtg_ctmnt-27_R_standard_normal,https://card-images.fetchtcg.com/mtg/4466/large/mtg_ctmnt-27_R_standard_normal.png,"Tempestra, Dame of Games",27,Rare,Normal,Commander: Teenage Mutant Ninja Turtles
mtg_ctmnt-28_R_standard_normal,https://card-images.fetchtcg.com/mtg/4466/large/mtg_ctmnt-28_R_standard_normal.png,"Tokka & Rahzar, Unsupervised",28,Rare,Normal,Commander: Teenage Mutant Ninja Turtles
mtg_ctmnt-29_R_standard_normal,https://card-images.fetchtcg.com/mtg/4466/large/mtg_ctmnt-29_R_standard_normal.png,High Score,29,Rare,Normal,Commander: Teenage Mutant Ninja Turtles
mtg_ctmnt-30_R_standard_normal,https://card-images.fetchtcg.com/mtg/4466/large/mtg_ctmnt-30_R_standard_normal.png,"Leatherhead, Iron Gator",30,Rare,Normal,Commander: Teenage Mutant Ninja Turtles
mtg_ctmnt-31_R_standard_normal,https://card-images.fetchtcg.com/mtg/4466/large/mtg_ctmnt-31_R_standard_normal.png,Level Up,31,Rare,Normal,Commander: Teenage Mutant Ninja Turtles
mtg_ctmnt-32_R_standard_normal,https://card-images.fetchtcg.com/mtg/4466/large/mtg_ctmnt-32_R_standard_normal.png,Ninja Pizza,32,Rare,Normal,Commander: Teenage Mutant Ninja Turtles
mtg_ctmnt-33_R_standard_normal,https://card-images.fetchtcg.com/mtg/4466/large/mtg_ctmnt-33_R_standard_normal.png,"Rocksteady, Mutant Marauder",33,Rare,Normal,Commander: Teenage Mutant Ninja Turtles
mtg_ctmnt-34_R_standard_normal,https://card-images.fetchtcg.com/mtg/4466/large/mtg_ctmnt-34_R_standard_normal.png,Super Combo,34,Rare,Normal,Commander: Teenage Mutant Ninja Turtles
mtg_ctmnt-35_R_standard_normal,https://card-images.fetchtcg.com/mtg/4466/large/mtg_ctmnt-35_R_standard_normal.png,Double Jump // Flying Kick,35,Rare,Normal,Commander: Teenage Mutant Ninja Turtles
mtg_ctmnt-36_R_standard_normal,https://card-images.fetchtcg.com/mtg/4466/large/mtg_ctmnt-36_R_standard_normal.png,Arcade Cabinet,36,Rare,Normal,Commander: Teenage Mutant Ninja Turtles
mtg_ctmnt-37_R_standard_normal,https://card-images.fetchtcg.com/mtg/4466/large/mtg_ctmnt-37_R_standard_normal.png,Big Mother Mouser,37,Rare,Normal,Commander: Teenage Mutant Ninja Turtles
mtg_ctmnt-38_R_standard_normal,https://card-images.fetchtcg.com/mtg/4466/large/mtg_ctmnt-38_R_standard_normal.png,Coin of Mastery,38,Rare,Normal,Commander: Teenage Mutant Ninja Turtles
mtg_ctmnt-39_R_standard_normal,https://card-images.fetchtcg.com/mtg/4466/large/mtg_ctmnt-39_R_standard_normal.png,Exploding Barrel,39,Rare,Normal,Commander: Teenage Mutant Ninja Turtles
mtg_ctmnt-40_R_standard_normal,https://card-images.fetchtcg.com/mtg/4466/large/mtg_ctmnt-40_R_standard_normal.png,Mole Module,40,Rare,Normal,Commander: Teenage Mutant Ninja Turtles
mtg_ctmnt-41_R_standard_normal,https://card-images.fetchtcg.com/mtg/4466/large/mtg_ctmnt-41_R_standard_normal.png,Roadkill Rodney,41,Rare,Normal,Commander: Teenage Mutant Ninja Turtles
mtg_ctmnt-42_R_standard_normal,https://card-images.fetchtcg.com/mtg/4466/large/mtg_ctmnt-42_R_standard_normal.png,"Big Apple, 3 a.m.",42,Rare,Normal,Commander: Teenage Mutant Ninja Turtles
mtg_ctmnt-43_R_standard_normal,https://card-images.fetchtcg.com/mtg/4466/large/mtg_ctmnt-43_R_standard_normal.png,Hidden Hideout,43,Rare,Normal,Commander: Teenage Mutant Ninja Turtles
mtg_ctmnt-44_R_standard_normal,https://card-images.fetchtcg.com/mtg/4466/large/mtg_ctmnt-44_R_standard_normal.png,Together Forever,44,Rare,Normal,Commander: Teenage Mutant Ninja Turtles
mtg_ctmnt-46_R_standard_normal,https://card-images.fetchtcg.com/mtg/4466/large/mtg_ctmnt-46_R_standard_normal.png,Wave Goodbye,46,Rare,Normal,Commander: Teenage Mutant Ninja Turtles
mtg_ctmnt-49_R_standard_foil,https://card-images.fetchtcg.com/mtg/4466/large/mtg_ctmnt-49_R_standard_foil.png,Biogenic Ooze,49,Rare,Foil,Commander: Teenage Mutant Ninja Turtles
mtg_ctmnt-49_R_standard_normal,https://card-images.fetchtcg.com/mtg/4466/large/mtg_ctmnt-49_R_standard_normal.png,Biogenic Ooze,49,Rare,Normal,Commander: Teenage Mutant Ninja Turtles
mtg_ctmnt-55_R_standard_normal,https://card-images.fetchtcg.com/mtg/4466/large/mtg_ctmnt-55_R_standard_normal.png,Assassin's Trophy,55,Rare,Normal,Commander: Teenage Mutant Ninja Turtles
mtg_ctmnt-58_R_standard_normal,https://card-images.fetchtcg.com/mtg/4466/large/mtg_ctmnt-58_R_standard_normal.png,Chromatic Lantern,58,Rare,Normal,Commander: Teenage Mutant Ninja Turtles
mtg_ctmnt-61_R_standard_normal,https://card-images.fetchtcg.com/mtg/4466/large/mtg_ctmnt-61_R_standard_normal.png,Cinder Glade,61,Rare,Normal,Commander: Teenage Mutant Ninja Turtles
mtg_ctmnt-66_R_standard_normal,https://card-images.fetchtcg.com/mtg/4466/large/mtg_ctmnt-66_R_standard_normal.png,Exotic Orchard,66,Rare,Normal,Commander: Teenage Mutant Ninja Turtles
mtg_ctmnt-67_R_standard_normal,https://card-images.fetchtcg.com/mtg/4466/large/mtg_ctmnt-67_R_standard_normal.png,Fabled Passage,67,Rare,Normal,Commander: Teenage Mutant Ninja Turtles
mtg_ctmnt-71_R_standard_normal,https://card-images.fetchtcg.com/mtg/4466/large/mtg_ctmnt-71_R_standard_normal.png,Rain-Slicked Copse,71,Rare,Normal,Commander: Teenage Mutant Ninja Turtles
mtg_ctmnt-73_R_standard_normal,https://card-images.fetchtcg.com/mtg/4466/large/mtg_ctmnt-73_R_standard_normal.png,Smoldering Marsh,73,Rare,Normal,Commander: Teenage Mutant Ninja Turtles
mtg_ctmnt-74_R_standard_normal,https://card-images.fetchtcg.com/mtg/4466/large/mtg_ctmnt-74_R_standard_normal.png,Sodden Verdure,74,Rare,Normal,Commander: Teenage Mutant Ninja Turtles
mtg_ctmnt-76_R_standard_normal,https://card-images.fetchtcg.com/mtg/4466/large/mtg_ctmnt-76_R_standard_normal.png,Sunken Hollow,76,Rare,Normal,Commander: Teenage Mutant Ninja Turtles
mtg_ctmnt-8_R_standard_normal,https://card-images.fetchtcg.com/mtg/4466/large/mtg_ctmnt-8_R_standard_normal.png,Endless Foot Assault,8,Rare,Normal,Commander: Teenage Mutant Ninja Turtles
mtg_ctmnt-81_R_standard_foil,https://card-images.fetchtcg.com/mtg/4466/large/mtg_ctmnt-81_R_standard_foil.png,Vernal Fen,81,Rare,Foil,Commander: Teenage Mutant Ninja Turtles
mtg_ctmnt-81_R_standard_normal,https://card-images.fetchtcg.com/mtg/4466/large/mtg_ctmnt-81_R_standard_normal.png,Vernal Fen,81,Rare,Normal,Commander: Teenage Mutant Ninja Turtles
mtg_ctmnt-9_M_standard_normal,https://card-images.fetchtcg.com/mtg/4466/large/mtg_ctmnt-9_M_standard_normal.png,"April O'Neil, Live on the Scene",9,Mythic,Normal,Commander: Teenage Mutant Ninja Turtles
mtg_99_r_con_foil,https://card-images.fetchtcg.com/mtg/2590/large/mtg_99_r_con_foil.png,Blood Tyrant,99,Rare,Foil,Conflux
mtg_99_r_con_normal,https://card-images.fetchtcg.com/mtg/2590/large/mtg_99_r_con_normal.png,Blood Tyrant,99,Rare,Normal,Conflux
mtg_144_r_m19_foil,https://card-images.fetchtcg.com/mtg/2598/large/mtg_144_r_m19_foil.png,Goblin Trashmaster,144,Rare,Foil,Core Set 2019
mtg_144_r_m19_normal,https://card-images.fetchtcg.com/mtg/2598/large/mtg_144_r_m19_normal.png,Goblin Trashmaster,144,Rare,Normal,Core Set 2019
mtg_105_r_m20_foil,https://card-images.fetchtcg.com/mtg/2602/large/mtg_105_r_m20_foil.png,Knight of the Ebon Legion,105,Rare,Foil,Core Set 2020
mtg_105_r_m20_normal,https://card-images.fetchtcg.com/mtg/2602/large/mtg_105_r_m20_normal.png,Knight of the Ebon Legion,105,Rare,Normal,Core Set 2020
mtg_115_m_m20_foil,https://card-images.fetchtcg.com/mtg/2602/large/mtg_115_m_m20_foil.png,"Sorin, Imperious Bloodlord",115,Mythic,Foil,Core Set 2020
mtg_115_m_m20_normal,https://card-images.fetchtcg.com/mtg/2602/large/mtg_115_m_m20_normal.png,"Sorin, Imperious Bloodlord",115,Mythic,Normal,Core Set 2020
mtg_198_u_m20_foil,https://card-images.fetchtcg.com/mtg/2602/large/mtg_198_u_m20_foil.png,Veil of Summer,198,Uncommon,Foil,Core Set 2020
mtg_198_u_m20_normal,https://card-images.fetchtcg.com/mtg/2602/large/mtg_198_u_m20_normal.png,Veil of Summer,198,Uncommon,Normal,Core Set 2020
mtg_211_m_m20_foil,https://card-images.fetchtcg.com/mtg/2602/large/mtg_211_m_m20_foil.png,"Kethis, the Hidden Hand",211,Mythic,Foil,Core Set 2020
mtg_211_m_m20_normal,https://card-images.fetchtcg.com/mtg/2602/large/mtg_211_m_m20_normal.png,"Kethis, the Hidden Hand",211,Mythic,Normal,Core Set 2020
mtg_1_m_m21_foil,https://card-images.fetchtcg.com/mtg/2607/large/mtg_1_m_m21_foil.png,"Ugin, the Spirit Dragon",1,Mythic,Foil,Core Set 2021
mtg_1_m_m21_normal,https://card-images.fetchtcg.com/mtg/2607/large/mtg_1_m_m21_normal.png,"Ugin, the Spirit Dragon",1,Mythic,Normal,Core Set 2021
mtg_103_m_m21_foil,https://card-images.fetchtcg.com/mtg/2607/large/mtg_103_m_m21_foil.png,Grim Tutor,103,Mythic,Foil,Core Set 2021
mtg_103_m_m21_normal,https://card-images.fetchtcg.com/mtg/2607/large/mtg_103_m_m21_normal.png,Grim Tutor,103,Mythic,Normal,Core Set 2021
mtg_104_r_m21_foil,https://card-images.fetchtcg.com/mtg/2607/large/mtg_104_r_m21_foil.png,Hooded Blightfang,104,Rare,Foil,Core Set 2021
mtg_104_r_m21_normal,https://card-images.fetchtcg.com/mtg/2607/large/mtg_104_r_m21_normal.png,Hooded Blightfang,104,Rare,Normal,Core Set 2021
mtg_106_r_m21_foil,https://card-images.fetchtcg.com/mtg/2607/large/mtg_106_r_m21_foil.png,"Kaervek, the Spiteful",106,Rare,Foil,Core Set 2021
mtg_106_r_m21_normal,https://card-images.fetchtcg.com/mtg/2607/large/mtg_106_r_m21_normal.png,"Kaervek, the Spiteful",106,Rare,Normal,Core Set 2021
mtg_110_r_m21_foil,https://card-images.fetchtcg.com/mtg/2607/large/mtg_110_r_m21_foil.png,Liliana's Standard Bearer,110,Rare,Foil,Core Set 2021
mtg_110_r_m21_normal,https://card-images.fetchtcg.com/mtg/2607/large/mtg_110_r_m21_normal.png,Liliana's Standard Bearer,110,Rare,Normal,Core Set 2021
mtg_114_m_m21_foil,https://card-images.fetchtcg.com/mtg/2607/large/mtg_114_m_m21_foil.png,Massacre Wurm,114,Mythic,Foil,Core Set 2021
mtg_114_m_m21_normal,https://card-images.fetchtcg.com/mtg/2607/large/mtg_114_m_m21_normal.png,Massacre Wurm,114,Mythic,Normal,Core Set 2021
mtg_116_r_m21_foil,https://card-images.fetchtcg.com/mtg/2607/large/mtg_116_r_m21_foil.png,Necromentia,116,Rare,Foil,Core Set 2021
mtg_116_r_m21_normal,https://card-images.fetchtcg.com/mtg/2607/large/mtg_116_r_m21_normal.png,Necromentia,116,Rare,Normal,Core Set 2021
mtg_117_r_m21_foil,https://card-images.fetchtcg.com/mtg/2607/large/mtg_117_r_m21_foil.png,Peer into the Abyss,117,Rare,Foil,Core Set 2021
mtg_117_r_m21_normal,https://card-images.fetchtcg.com/mtg/2607/large/mtg_117_r_m21_normal.png,Peer into the Abyss,117,Rare,Normal,Core Set 2021
mtg_120_u_m21_foil,https://card-images.fetchtcg.com/mtg/2607/large/mtg_120_u_m21_foil.png,Sanctum of Stone Fangs,120,Uncommon,Foil,Core Set 2021
mtg_120_u_m21_normal,https://card-images.fetchtcg.com/mtg/2607/large/mtg_120_u_m21_normal.png,Sanctum of Stone Fangs,120,Uncommon,Normal,Core Set 2021
mtg_125_r_m21_foil,https://card-images.fetchtcg.com/mtg/2607/large/mtg_125_r_m21_foil.png,Thieves' Guild Enforcer,125,Rare,Foil,Core Set 2021
mtg_125_r_m21_normal,https://card-images.fetchtcg.com/mtg/2607/large/mtg_125_r_m21_normal.png,Thieves' Guild Enforcer,125,Rare,Normal,Core Set 2021
mtg_126_c_m21_foil,https://card-images.fetchtcg.com/mtg/2607/large/mtg_126_c_m21_foil.png,Village Rites,126,Common,Foil,Core Set 2021
mtg_126_c_m21_normal,https://card-images.fetchtcg.com/mtg/2607/large/mtg_126_c_m21_normal.png,Village Rites,126,Common,Normal,Core Set 2021
mtg_127_r_m21_foil,https://card-images.fetchtcg.com/mtg/2607/large/mtg_127_r_m21_foil.png,"Vito, Thorn of the Dusk Rose",127,Rare,Foil,Core Set 2021
mtg_127_r_m21_normal,https://card-images.fetchtcg.com/mtg/2607/large/mtg_127_r_m21_normal.png,"Vito, Thorn of the Dusk Rose",127,Rare,Normal,Core Set 2021
mtg_13_r_m21_foil,https://card-images.fetchtcg.com/mtg/2607/large/mtg_13_r_m21_foil.png,Containment Priest,13,Rare,Foil,Core Set 2021
mtg_13_r_m21_normal,https://card-images.fetchtcg.com/mtg/2607/large/mtg_13_r_m21_normal.png,Containment Priest,13,Rare,Normal,Core Set 2021
mtg_133_r_m21_foil,https://card-images.fetchtcg.com/mtg/2607/large/mtg_133_r_m21_foil.png,Brash Taunter,133,Rare,Foil,Core Set 2021
mtg_133_r_m21_normal,https://card-images.fetchtcg.com/mtg/2607/large/mtg_133_r_m21_normal.png,Brash Taunter,133,Rare,Normal,Core Set 2021
mtg_136_r_m21_foil,https://card-images.fetchtcg.com/mtg/2607/large/mtg_136_r_m21_foil.png,Chandra's Incinerator,136,Rare,Foil,Core Set 2021
mtg_136_r_m21_normal,https://card-images.fetchtcg.com/mtg/2607/large/mtg_136_r_m21_normal.png,Chandra's Incinerator,136,Rare,Normal,Core Set 2021
mtg_139_r_m21_foil,https://card-images.fetchtcg.com/mtg/2607/large/mtg_139_r_m21_foil.png,Conspicuous Snoop,139,Rare,Foil,Core Set 2021
mtg_139_r_m21_normal,https://card-images.fetchtcg.com/mtg/2607/large/mtg_139_r_m21_normal.png,Conspicuous Snoop,139,Rare,Normal,Core Set 2021
mtg_142_r_m21_foil,https://card-images.fetchtcg.com/mtg/2607/large/mtg_142_r_m21_foil.png,Double Vision,142,Rare,Foil,Core Set 2021
mtg_142_r_m21_normal,https://card-images.fetchtcg.com/mtg/2607/large/mtg_142_r_m21_normal.png,Double Vision,142,Rare,Normal,Core Set 2021
mtg_143_m_m21_foil,https://card-images.fetchtcg.com/mtg/2607/large/mtg_143_m_m21_foil.png,Fiery Emancipation,143,Mythic,Foil,Core Set 2021
mtg_143_m_m21_normal,https://card-images.fetchtcg.com/mtg/2607/large/mtg_143_m_m21_normal.png,Fiery Emancipation,143,Mythic,Normal,Core Set 2021
mtg_146_r_m21_foil,https://card-images.fetchtcg.com/mtg/2607/large/mtg_146_r_m21_foil.png,"Gadrak, the Crown-Scourge",146,Rare,Foil,Core Set 2021
mtg_146_r_m21_normal,https://card-images.fetchtcg.com/mtg/2607/large/mtg_146_r_m21_normal.png,"Gadrak, the Crown-Scourge",146,Rare,Normal,Core Set 2021
mtg_157_u_m21_foil,https://card-images.fetchtcg.com/mtg/2607/large/mtg_157_u_m21_foil.png,Sanctum of Shattered Heights,157,Uncommon,Foil,Core Set 2021
mtg_157_u_m21_normal,https://card-images.fetchtcg.com/mtg/2607/large/mtg_157_u_m21_normal.png,Sanctum of Shattered Heights,157,Uncommon,Normal,Core Set 2021
mtg_162_r_m21_foil,https://card-images.fetchtcg.com/mtg/2607/large/mtg_162_r_m21_foil.png,"Subira, Tulzidi Caravanner",162,Rare,Foil,Core Set 2021
mtg_162_r_m21_normal,https://card-images.fetchtcg.com/mtg/2607/large/mtg_162_r_m21_normal.png,"Subira, Tulzidi Caravanner",162,Rare,Normal,Core Set 2021
mtg_164_m_m21_foil,https://card-images.fetchtcg.com/mtg/2607/large/mtg_164_m_m21_foil.png,Terror of the Peaks,164,Mythic,Foil,Core Set 2021
mtg_164_m_m21_normal,https://card-images.fetchtcg.com/mtg/2607/large/mtg_164_m_m21_normal.png,Terror of the Peaks,164,Mythic,Normal,Core Set 2021
mtg_167_r_m21_foil,https://card-images.fetchtcg.com/mtg/2607/large/mtg_167_r_m21_foil.png,Transmogrify,167,Rare,Foil,Core Set 2021
mtg_167_r_m21_normal,https://card-images.fetchtcg.com/mtg/2607/large/mtg_167_r_m21_normal.png,Transmogrify,167,Rare,Normal,Core Set 2021
mtg_170_u_m21_foil,https://card-images.fetchtcg.com/mtg/2607/large/mtg_170_u_m21_foil.png,Unleash Fury,170,Uncommon,Foil,Core Set 2021
mtg_170_u_m21_normal,https://card-images.fetchtcg.com/mtg/2607/large/mtg_170_u_m21_normal.png,Unleash Fury,170,Uncommon,Normal,Core Set 2021
mtg_172_r_m21_foil,https://card-images.fetchtcg.com/mtg/2607/large/mtg_172_r_m21_foil.png,Volcanic Salvo,172,Rare,Foil,Core Set 2021
mtg_172_r_m21_normal,https://card-images.fetchtcg.com/mtg/2607/large/mtg_172_r_m21_normal.png,Volcanic Salvo,172,Rare,Normal,Core Set 2021
mtg_173_r_m21_foil,https://card-images.fetchtcg.com/mtg/2607/large/mtg_173_r_m21_foil.png,"Azusa, Lost but Seeking",173,Rare,Foil,Core Set 2021
mtg_173_r_m21_normal,https://card-images.fetchtcg.com/mtg/2607/large/mtg_173_r_m21_normal.png,"Azusa, Lost but Seeking",173,Rare,Normal,Core Set 2021
mtg_177_u_m21_foil,https://card-images.fetchtcg.com/mtg/2607/large/mtg_177_u_m21_foil.png,Cultivate,177,Uncommon,Foil,Core Set 2021
mtg_177_u_m21_normal,https://card-images.fetchtcg.com/mtg/2607/large/mtg_177_u_m21_normal.png,Cultivate,177,Uncommon,Normal,Core Set 2021
mtg_179_m_m21_foil,https://card-images.fetchtcg.com/mtg/2607/large/mtg_179_m_m21_foil.png,Elder Gargaroth,179,Mythic,Foil,Core Set 2021
mtg_179_m_m21_normal,https://card-images.fetchtcg.com/mtg/2607/large/mtg_179_m_m21_normal.png,Elder Gargaroth,179,Mythic,Normal,Core Set 2021
mtg_180_r_m21_foil,https://card-images.fetchtcg.com/mtg/2607/large/mtg_180_r_m21_foil.png,Feline Sovereign,180,Rare,Foil,Core Set 2021
mtg_180_r_m21_normal,https://card-images.fetchtcg.com/mtg/2607/large/mtg_180_r_m21_normal.png,Feline Sovereign,180,Rare,Normal,Core Set 2021
mtg_183_m_m21_foil,https://card-images.fetchtcg.com/mtg/2607/large/mtg_183_m_m21_foil.png,"Garruk, Unleashed",183,Mythic,Foil,Core Set 2021
mtg_183_m_m21_normal,https://card-images.fetchtcg.com/mtg/2607/large/mtg_183_m_m21_normal.png,"Garruk, Unleashed",183,Mythic,Normal,Core Set 2021
mtg_185_r_m21_foil,https://card-images.fetchtcg.com/mtg/2607/large/mtg_185_r_m21_foil.png,Garruk's Harbinger,185,Rare,Foil,Core Set 2021
mtg_185_r_m21_normal,https://card-images.fetchtcg.com/mtg/2607/large/mtg_185_r_m21_normal.png,Garruk's Harbinger,185,Rare,Normal,Core Set 2021
mtg_186_u_m21_foil,https://card-images.fetchtcg.com/mtg/2607/large/mtg_186_u_m21_foil.png,Garruk's Uprising,186,Uncommon,Foil,Core Set 2021
mtg_186_u_m21_normal,https://card-images.fetchtcg.com/mtg/2607/large/mtg_186_u_m21_normal.png,Garruk's Uprising,186,Uncommon,Normal,Core Set 2021
mtg_188_r_m21_foil,https://card-images.fetchtcg.com/mtg/2607/large/mtg_188_r_m21_foil.png,Heroic Intervention,188,Rare,Foil,Core Set 2021
mtg_188_r_m21_normal,https://card-images.fetchtcg.com/mtg/2607/large/mtg_188_r_m21_normal.png,Heroic Intervention,188,Rare,Normal,Core Set 2021
mtg_190_u_m21_foil,https://card-images.fetchtcg.com/mtg/2607/large/mtg_190_u_m21_foil.png,Invigorating Surge,190,Uncommon,Foil,Core Set 2021
mtg_190_u_m21_normal,https://card-images.fetchtcg.com/mtg/2607/large/mtg_190_u_m21_normal.png,Invigorating Surge,190,Uncommon,Normal,Core Set 2021
mtg_191_r_m21_foil,https://card-images.fetchtcg.com/mtg/2607/large/mtg_191_r_m21_foil.png,"Jolrael, Mwonvuli Recluse",191,Rare,Foil,Core Set 2021
mtg_191_r_m21_normal,https://card-images.fetchtcg.com/mtg/2607/large/mtg_191_r_m21_normal.png,"Jolrael, Mwonvuli Recluse",191,Rare,Normal,Core Set 2021
mtg_197_r_m21_foil,https://card-images.fetchtcg.com/mtg/2607/large/mtg_197_r_m21_foil.png,Primal Might,197,Rare,Foil,Core Set 2021
mtg_197_r_m21_normal,https://card-images.fetchtcg.com/mtg/2607/large/mtg_197_r_m21_normal.png,Primal Might,197,Rare,Normal,Core Set 2021
mtg_198_u_m21_foil,https://card-images.fetchtcg.com/mtg/2607/large/mtg_198_u_m21_foil.png,Quirion Dryad,198,Uncommon,Foil,Core Set 2021
mtg_198_u_m21_normal,https://card-images.fetchtcg.com/mtg/2607/large/mtg_198_u_m21_normal.png,Quirion Dryad,198,Uncommon,Normal,Core Set 2021
mtg_203_u_m21_foil,https://card-images.fetchtcg.com/mtg/2607/large/mtg_203_u_m21_foil.png,Sanctum of Fruitful Harvest,203,Uncommon,Foil,Core Set 2021
mtg_203_u_m21_normal,https://card-images.fetchtcg.com/mtg/2607/large/mtg_203_u_m21_normal.png,Sanctum of Fruitful Harvest,203,Uncommon,Normal,Core Set 2021
mtg_204_r_m21_foil,https://card-images.fetchtcg.com/mtg/2607/large/mtg_204_r_m21_foil.png,Scavenging Ooze,204,Rare,Foil,Core Set 2021
mtg_204_r_m21_normal,https://card-images.fetchtcg.com/mtg/2607/large/mtg_204_r_m21_normal.png,Scavenging Ooze,204,Rare,Normal,Core Set 2021
mtg_208_r_m21_foil,https://card-images.fetchtcg.com/mtg/2607/large/mtg_208_r_m21_foil.png,Sporeweb Weaver,208,Rare,Foil,Core Set 2021
mtg_208_r_m21_normal,https://card-images.fetchtcg.com/mtg/2607/large/mtg_208_r_m21_normal.png,Sporeweb Weaver,208,Rare,Normal,Core Set 2021
mtg_21_r_m21_foil,https://card-images.fetchtcg.com/mtg/2607/large/mtg_21_r_m21_foil.png,Glorious Anthem,21,Rare,Foil,Core Set 2021
mtg_21_r_m21_normal,https://card-images.fetchtcg.com/mtg/2607/large/mtg_21_r_m21_normal.png,Glorious Anthem,21,Rare,Normal,Core Set 2021
mtg_216_u_m21_foil,https://card-images.fetchtcg.com/mtg/2607/large/mtg_216_u_m21_foil.png,Conclave Mentor,216,Uncommon,Foil,Core Set 2021
mtg_216_u_m21_normal,https://card-images.fetchtcg.com/mtg/2607/large/mtg_216_u_m21_normal.png,Conclave Mentor,216,Uncommon,Normal,Core Set 2021
mtg_219_u_m21_foil,https://card-images.fetchtcg.com/mtg/2607/large/mtg_219_u_m21_foil.png,Indulging Patrician,219,Uncommon,Foil,Core Set 2021
mtg_219_u_m21_normal,https://card-images.fetchtcg.com/mtg/2607/large/mtg_219_u_m21_normal.png,Indulging Patrician,219,Uncommon,Normal,Core Set 2021
mtg_222_r_m21_foil,https://card-images.fetchtcg.com/mtg/2607/large/mtg_222_r_m21_foil.png,"Niambi, Esteemed Speaker",222,Rare,Foil,Core Set 2021
mtg_222_r_m21_normal,https://card-images.fetchtcg.com/mtg/2607/large/mtg_222_r_m21_normal.png,"Niambi, Esteemed Speaker",222,Rare,Normal,Core Set 2021
mtg_224_r_m21_foil,https://card-images.fetchtcg.com/mtg/2607/large/mtg_224_r_m21_foil.png,"Radha, Heart of Keld",224,Rare,Foil,Core Set 2021
mtg_224_r_m21_normal,https://card-images.fetchtcg.com/mtg/2607/large/mtg_224_r_m21_normal.png,"Radha, Heart of Keld",224,Rare,Normal,Core Set 2021
mtg_225_r_m21_foil,https://card-images.fetchtcg.com/mtg/2607/large/mtg_225_r_m21_foil.png,Sanctum of All,225,Rare,Foil,Core Set 2021
mtg_225_r_m21_normal,https://card-images.fetchtcg.com/mtg/2607/large/mtg_225_r_m21_normal.png,Sanctum of All,225,Rare,Normal,Core Set 2021
mtg_227_u_m21_foil,https://card-images.fetchtcg.com/mtg/2607/large/mtg_227_u_m21_foil.png,Watcher of the Spheres,227,Uncommon,Foil,Core Set 2021
mtg_227_u_m21_normal,https://card-images.fetchtcg.com/mtg/2607/large/mtg_227_u_m21_normal.png,Watcher of the Spheres,227,Uncommon,Normal,Core Set 2021
mtg_228_m_m21_foil,https://card-images.fetchtcg.com/mtg/2607/large/mtg_228_m_m21_foil.png,Chromatic Orrery,228,Mythic,Foil,Core Set 2021
mtg_228_m_m21_normal,https://card-images.fetchtcg.com/mtg/2607/large/mtg_228_m_m21_normal.png,Chromatic Orrery,228,Mythic,Normal,Core Set 2021
mtg_23_r_m21_foil,https://card-images.fetchtcg.com/mtg/2607/large/mtg_23_r_m21_foil.png,Idol of Endurance,23,Rare,Foil,Core Set 2021
mtg_23_r_m21_normal,https://card-images.fetchtcg.com/mtg/2607/large/mtg_23_r_m21_normal.png,Idol of Endurance,23,Rare,Normal,Core Set 2021
mtg_232_r_m21_foil,https://card-images.fetchtcg.com/mtg/2607/large/mtg_232_r_m21_foil.png,Mazemind Tome,232,Rare,Foil,Core Set 2021
mtg_232_r_m21_normal,https://card-images.fetchtcg.com/mtg/2607/large/mtg_232_r_m21_normal.png,Mazemind Tome,232,Rare,Normal,Core Set 2021
mtg_234_u_m21_foil,https://card-images.fetchtcg.com/mtg/2607/large/mtg_234_u_m21_foil.png,Palladium Myr,234,Uncommon,Foil,Core Set 2021
mtg_234_u_m21_normal,https://card-images.fetchtcg.com/mtg/2607/large/mtg_234_u_m21_normal.png,Palladium Myr,234,Uncommon,Normal,Core Set 2021
mtg_239_r_m21_foil,https://card-images.fetchtcg.com/mtg/2607/large/mtg_239_r_m21_foil.png,Solemn Simulacrum,239,Rare,Foil,Core Set 2021
mtg_239_r_m21_normal,https://card-images.fetchtcg.com/mtg/2607/large/mtg_239_r_m21_normal.png,Solemn Simulacrum,239,Rare,Normal,Core Set 2021
mtg_240_r_m21_foil,https://card-images.fetchtcg.com/mtg/2607/large/mtg_240_r_m21_foil.png,Sparkhunter Masticore,240,Rare,Foil,Core Set 2021
mtg_240_r_m21_normal,https://card-images.fetchtcg.com/mtg/2607/large/mtg_240_r_m21_normal.png,Sparkhunter Masticore,240,Rare,Normal,Core Set 2021
mtg_241_u_m21_foil,https://card-images.fetchtcg.com/mtg/2607/large/mtg_241_u_m21_foil.png,Tormod's Crypt,241,Uncommon,Foil,Core Set 2021
mtg_241_u_m21_normal,https://card-images.fetchtcg.com/mtg/2607/large/mtg_241_u_m21_normal.png,Tormod's Crypt,241,Uncommon,Normal,Core Set 2021
mtg_242_animal-sanctuary_r_m21_foil,https://card-images.fetchtcg.com/mtg/2607/large/mtg_242_animal-sanctuary_r_m21_foil.png,Animal Sanctuary,242_animal-sanctuary,Rare,Foil,Core Set 2021
mtg_242_animal-sanctuary_r_m21_normal,https://card-images.fetchtcg.com/mtg/2607/large/mtg_242_animal-sanctuary_r_m21_normal.png,Animal Sanctuary,242_animal-sanctuary,Rare,Normal,Core Set 2021
mtg_246_fabled-passage_r_m21_foil,https://card-images.fetchtcg.com/mtg/2607/large/mtg_246_fabled-passage_r_m21_foil.png,Fabled Passage,246_fabled-passage,Rare,Foil,Core Set 2021
mtg_246_fabled-passage_r_m21_normal,https://card-images.fetchtcg.com/mtg/2607/large/mtg_246_fabled-passage_r_m21_normal.png,Fabled Passage,246_fabled-passage,Rare,Normal,Core Set 2021
mtg_25_u_m21_foil,https://card-images.fetchtcg.com/mtg/2607/large/mtg_25_u_m21_foil.png,Light of Promise,25,Uncommon,Foil,Core Set 2021
mtg_25_u_m21_normal,https://card-images.fetchtcg.com/mtg/2607/large/mtg_25_u_m21_normal.png,Light of Promise,25,Uncommon,Normal,Core Set 2021
mtg_252_temple-of-epiphany_r_m21_foil,https://card-images.fetchtcg.com/mtg/2607/large/mtg_252_temple-of-epiphany_r_m21_foil.png,Temple of Epiphany,252_temple-of-epiphany,Rare,Foil,Core Set 2021
mtg_252_temple-of-epiphany_r_m21_normal,https://card-images.fetchtcg.com/mtg/2607/large/mtg_252_temple-of-epiphany_r_m21_normal.png,Temple of Epiphany,252_temple-of-epiphany,Rare,Normal,Core Set 2021
mtg_253_temple-of-malady_r_m21_foil,https://card-images.fetchtcg.com/mtg/2607/large/mtg_253_temple-of-malady_r_m21_foil.png,Temple of Malady,253_temple-of-malady,Rare,Foil,Core Set 2021
mtg_253_temple-of-malady_r_m21_normal,https://card-images.fetchtcg.com/mtg/2607/large/mtg_253_temple-of-malady_r_m21_normal.png,Temple of Malady,253_temple-of-malady,Rare,Normal,Core Set 2021
mtg_254_temple-of-mystery_r_m21_foil,https://card-images.fetchtcg.com/mtg/2607/large/mtg_254_temple-of-mystery_r_m21_foil.png,Temple of Mystery,254_temple-of-mystery,Rare,Foil,Core Set 2021
mtg_254_temple-of-mystery_r_m21_normal,https://card-images.fetchtcg.com/mtg/2607/large/mtg_254_temple-of-mystery_r_m21_normal.png,Temple of Mystery,254_temple-of-mystery,Rare,Normal,Core Set 2021
mtg_255_temple-of-silence_r_m21_foil,https://card-images.fetchtcg.com/mtg/2607/large/mtg_255_temple-of-silence_r_m21_foil.png,Temple of Silence,255_temple-of-silence,Rare,Foil,Core Set 2021
mtg_255_temple-of-silence_r_m21_normal,https://card-images.fetchtcg.com/mtg/2607/large/mtg_255_temple-of-silence_r_m21_normal.png,Temple of Silence,255_temple-of-silence,Rare,Normal,Core Set 2021
mtg_256_temple-of-triumph_r_m21_foil,https://card-images.fetchtcg.com/mtg/2607/large/mtg_256_temple-of-triumph_r_m21_foil.png,Temple of Triumph,256_temple-of-triumph,Rare,Foil,Core Set 2021
mtg_256_temple-of-triumph_r_m21_normal,https://card-images.fetchtcg.com/mtg/2607/large/mtg_256_temple-of-triumph_r_m21_normal.png,Temple of Triumph,256_temple-of-triumph,Rare,Normal,Core Set 2021
mtg_27_m_m21_foil,https://card-images.fetchtcg.com/mtg/2607/large/mtg_27_m_m21_foil.png,"Mangara, the Diplomat",27,Mythic,Foil,Core Set 2021
mtg_27_m_m21_normal,https://card-images.fetchtcg.com/mtg/2607/large/mtg_27_m_m21_normal.png,"Mangara, the Diplomat",27,Mythic,Normal,Core Set 2021
mtg_28_r_m21_foil,https://card-images.fetchtcg.com/mtg/2607/large/mtg_28_r_m21_foil.png,Nine Lives,28,Rare,Foil,Core Set 2021
mtg_28_r_m21_normal,https://card-images.fetchtcg.com/mtg/2607/large/mtg_28_r_m21_normal.png,Nine Lives,28,Rare,Normal,Core Set 2021
mtg_32_r_m21_foil,https://card-images.fetchtcg.com/mtg/2607/large/mtg_32_r_m21_foil.png,Runed Halo,32,Rare,Foil,Core Set 2021
mtg_32_r_m21_normal,https://card-images.fetchtcg.com/mtg/2607/large/mtg_32_r_m21_normal.png,Runed Halo,32,Rare,Normal,Core Set 2021
mtg_328_m_m21_foil,https://card-images.fetchtcg.com/mtg/2607/large/mtg_328_m_m21_foil.png,"Liliana, Death Mage",328,Mythic,Foil,Core Set 2021
mtg_33_u_m21_foil,https://card-images.fetchtcg.com/mtg/2607/large/mtg_33_u_m21_foil.png,Sanctum of Tranquil Light,33,Uncommon,Foil,Core Set 2021
mtg_33_u_m21_normal,https://card-images.fetchtcg.com/mtg/2607/large/mtg_33_u_m21_normal.png,Sanctum of Tranquil Light,33,Uncommon,Normal,Core Set 2021
mtg_36_u_m21_foil,https://card-images.fetchtcg.com/mtg/2607/large/mtg_36_u_m21_foil.png,Selfless Savior,36,Uncommon,Foil,Core Set 2021
mtg_36_u_m21_normal,https://card-images.fetchtcg.com/mtg/2607/large/mtg_36_u_m21_normal.png,Selfless Savior,36,Uncommon,Normal,Core Set 2021
mtg_38_r_m21_foil,https://card-images.fetchtcg.com/mtg/2607/large/mtg_38_r_m21_foil.png,Speaker of the Heavens,38,Rare,Foil,Core Set 2021
mtg_38_r_m21_normal,https://card-images.fetchtcg.com/mtg/2607/large/mtg_38_r_m21_normal.png,Speaker of the Heavens,38,Rare,Normal,Core Set 2021
mtg_45_r_m21_foil,https://card-images.fetchtcg.com/mtg/2607/large/mtg_45_r_m21_foil.png,"Barrin, Tolarian Archmage",45,Rare,Foil,Core Set 2021
mtg_45_r_m21_normal,https://card-images.fetchtcg.com/mtg/2607/large/mtg_45_r_m21_normal.png,"Barrin, Tolarian Archmage",45,Rare,Normal,Core Set 2021
mtg_48_m_m21_foil,https://card-images.fetchtcg.com/mtg/2607/large/mtg_48_m_m21_foil.png,Discontinuity,48,Mythic,Foil,Core Set 2021
mtg_48_m_m21_normal,https://card-images.fetchtcg.com/mtg/2607/large/mtg_48_m_m21_normal.png,Discontinuity,48,Mythic,Normal,Core Set 2021
mtg_52_r_m21_foil,https://card-images.fetchtcg.com/mtg/2607/large/mtg_52_r_m21_foil.png,Ghostly Pilferer,52,Rare,Foil,Core Set 2021
mtg_52_r_m21_normal,https://card-images.fetchtcg.com/mtg/2607/large/mtg_52_r_m21_normal.png,Ghostly Pilferer,52,Rare,Normal,Core Set 2021
mtg_57_u_m21_foil,https://card-images.fetchtcg.com/mtg/2607/large/mtg_57_u_m21_foil.png,Miscast,57,Uncommon,Foil,Core Set 2021
mtg_57_u_m21_normal,https://card-images.fetchtcg.com/mtg/2607/large/mtg_57_u_m21_normal.png,Miscast,57,Uncommon,Normal,Core Set 2021
mtg_6_m_m21_foil,https://card-images.fetchtcg.com/mtg/2607/large/mtg_6_m_m21_foil.png,Baneslayer Angel,6,Mythic,Foil,Core Set 2021
mtg_6_m_m21_normal,https://card-images.fetchtcg.com/mtg/2607/large/mtg_6_m_m21_normal.png,Baneslayer Angel,6,Mythic,Normal,Core Set 2021
mtg_60_r_m21_foil,https://card-images.fetchtcg.com/mtg/2607/large/mtg_60_r_m21_foil.png,Pursued Whale,60,Rare,Foil,Core Set 2021
mtg_60_r_m21_normal,https://card-images.fetchtcg.com/mtg/2607/large/mtg_60_r_m21_normal.png,Pursued Whale,60,Rare,Normal,Core Set 2021
mtg_63_u_m21_foil,https://card-images.fetchtcg.com/mtg/2607/large/mtg_63_u_m21_foil.png,Rewind,63,Uncommon,Foil,Core Set 2021
mtg_63_u_m21_normal,https://card-images.fetchtcg.com/mtg/2607/large/mtg_63_u_m21_normal.png,Rewind,63,Uncommon,Normal,Core Set 2021
mtg_68_u_m21_foil,https://card-images.fetchtcg.com/mtg/2607/large/mtg_68_u_m21_foil.png,Sanctum of Calm Waters,68,Uncommon,Foil,Core Set 2021
mtg_68_u_m21_normal,https://card-images.fetchtcg.com/mtg/2607/large/mtg_68_u_m21_normal.png,Sanctum of Calm Waters,68,Uncommon,Normal,Core Set 2021
mtg_69_r_m21_foil,https://card-images.fetchtcg.com/mtg/2607/large/mtg_69_r_m21_foil.png,See the Truth,69,Rare,Foil,Core Set 2021
mtg_69_r_m21_normal,https://card-images.fetchtcg.com/mtg/2607/large/mtg_69_r_m21_normal.png,See the Truth,69,Rare,Normal,Core Set 2021
mtg_7_m_m21_foil,https://card-images.fetchtcg.com/mtg/2607/large/mtg_7_m_m21_foil.png,Basri Ket,7,Mythic,Foil,Core Set 2021
mtg_7_m_m21_normal,https://card-images.fetchtcg.com/mtg/2607/large/mtg_7_m_m21_normal.png,Basri Ket,7,Mythic,Normal,Core Set 2021
mtg_70_r_m21_foil,https://card-images.fetchtcg.com/mtg/2607/large/mtg_70_r_m21_foil.png,Shacklegeist,70,Rare,Foil,Core Set 2021
mtg_70_r_m21_normal,https://card-images.fetchtcg.com/mtg/2607/large/mtg_70_r_m21_normal.png,Shacklegeist,70,Rare,Normal,Core Set 2021
mtg_73_r_m21_foil,https://card-images.fetchtcg.com/mtg/2607/large/mtg_73_r_m21_foil.png,Stormwing Entity,73,Rare,Foil,Core Set 2021
mtg_73_r_m21_normal,https://card-images.fetchtcg.com/mtg/2607/large/mtg_73_r_m21_normal.png,Stormwing Entity,73,Rare,Normal,Core Set 2021
mtg_74_r_m21_foil,https://card-images.fetchtcg.com/mtg/2607/large/mtg_74_r_m21_foil.png,Sublime Epiphany,74,Rare,Foil,Core Set 2021
mtg_74_r_m21_normal,https://card-images.fetchtcg.com/mtg/2607/large/mtg_74_r_m21_normal.png,Sublime Epiphany,74,Rare,Normal,Core Set 2021
mtg_76_r_m21_foil,https://card-images.fetchtcg.com/mtg/2607/large/mtg_76_r_m21_foil.png,Teferi's Ageless Insight,76,Rare,Foil,Core Set 2021
mtg_76_r_m21_normal,https://card-images.fetchtcg.com/mtg/2607/large/mtg_76_r_m21_normal.png,Teferi's Ageless Insight,76,Rare,Normal,Core Set 2021
mtg_78_u_m21_foil,https://card-images.fetchtcg.com/mtg/2607/large/mtg_78_u_m21_foil.png,Teferi's Tutelage,78,Uncommon,Foil,Core Set 2021
mtg_78_u_m21_normal,https://card-images.fetchtcg.com/mtg/2607/large/mtg_78_u_m21_normal.png,Teferi's Tutelage,78,Uncommon,Normal,Core Set 2021
mtg_82_u_m21_foil,https://card-images.fetchtcg.com/mtg/2607/large/mtg_82_u_m21_foil.png,Unsubstantiate,82,Uncommon,Foil,Core Set 2021
mtg_82_u_m21_normal,https://card-images.fetchtcg.com/mtg/2607/large/mtg_82_u_m21_normal.png,Unsubstantiate,82,Uncommon,Normal,Core Set 2021
mtg_9_r_m21_foil,https://card-images.fetchtcg.com/mtg/2607/large/mtg_9_r_m21_foil.png,Basri's Lieutenant,9,Rare,Foil,Core Set 2021
mtg_9_r_m21_normal,https://card-images.fetchtcg.com/mtg/2607/large/mtg_9_r_m21_normal.png,Basri's Lieutenant,9,Rare,Normal,Core Set 2021
mtg_95_r_m21_foil,https://card-images.fetchtcg.com/mtg/2607/large/mtg_95_r_m21_foil.png,Demonic Embrace,95,Rare,Foil,Core Set 2021
mtg_95_r_m21_normal,https://card-images.fetchtcg.com/mtg/2607/large/mtg_95_r_m21_normal.png,Demonic Embrace,95,Rare,Normal,Core Set 2021
mtg_114_r_dis_foil,https://card-images.fetchtcg.com/mtg/2619/large/mtg_114_r_dis_foil.png,Isperia the Inscrutable,114,Rare,Foil,Dissension
mtg_114_r_dis_normal,https://card-images.fetchtcg.com/mtg/2619/large/mtg_114_r_dis_normal.png,Isperia the Inscrutable,114,Rare,Normal,Dissension
mtg_21_r_dis_foil,https://card-images.fetchtcg.com/mtg/2619/large/mtg_21_r_dis_foil.png,Wakestone Gargoyle,21,Rare,Foil,Dissension
mtg_21_r_dis_normal,https://card-images.fetchtcg.com/mtg/2619/large/mtg_21_r_dis_normal.png,Wakestone Gargoyle,21,Rare,Normal,Dissension
mtg_146_r_dom_foil,https://card-images.fetchtcg.com/mtg/2624/large/mtg_146_r_dom_foil.png,"Squee, the Immortal",146,Rare,Foil,Dominaria
mtg_146_r_dom_normal,https://card-images.fetchtcg.com/mtg/2624/large/mtg_146_r_dom_normal.png,"Squee, the Immortal",146,Rare,Normal,Dominaria
mtg_183_r_dom_foil,https://card-images.fetchtcg.com/mtg/2624/large/mtg_183_r_dom_foil.png,Sylvan Awakening,183,Rare,Foil,Dominaria
mtg_183_r_dom_normal,https://card-images.fetchtcg.com/mtg/2624/large/mtg_183_r_dom_normal.png,Sylvan Awakening,183,Rare,Normal,Dominaria
mtg_60_r_dmr_foil,https://card-images.fetchtcg.com/mtg/2627/large/mtg_60_r_dmr_foil.png,Mystical Tutor,60,Rare,Foil,Dominaria Remastered
mtg_60_r_dmr_normal,https://card-images.fetchtcg.com/mtg/2627/large/mtg_60_r_dmr_normal.png,Mystical Tutor,60,Rare,Normal,Dominaria Remastered
mtg_227_r_dtk_foil,https://card-images.fetchtcg.com/mtg/2648/large/mtg_227_r_dtk_foil.png,Ojutai's Command,227,Rare,Foil,Dragons of Tarkir
mtg_227_r_dtk_normal,https://card-images.fetchtcg.com/mtg/2648/large/mtg_227_r_dtk_normal.png,Ojutai's Command,227,Rare,Normal,Dragons of Tarkir
mtg_100_m_afr_foil,https://card-images.fetchtcg.com/mtg/2698/large/mtg_100_m_afr_foil.png,"Ebondeath, Dracolich",100,Mythic,Foil,Dungeons & Dragons: Adventures in the Forgotten Realms
mtg_100_m_afr_normal,https://card-images.fetchtcg.com/mtg/2698/large/mtg_100_m_afr_normal.png,"Ebondeath, Dracolich",100,Mythic,Normal,Dungeons & Dragons: Adventures in the Forgotten Realms
mtg_103_c_afr_foil,https://card-images.fetchtcg.com/mtg/2698/large/mtg_103_c_afr_foil.png,Feign Death,103,Common,Foil,Dungeons & Dragons: Adventures in the Forgotten Realms
mtg_103_c_afr_normal,https://card-images.fetchtcg.com/mtg/2698/large/mtg_103_c_afr_normal.png,Feign Death,103,Common,Normal,Dungeons & Dragons: Adventures in the Forgotten Realms
mtg_104_r_afr_foil,https://card-images.fetchtcg.com/mtg/2698/large/mtg_104_r_afr_foil.png,Forsworn Paladin,104,Rare,Foil,Dungeons & Dragons: Adventures in the Forgotten Realms
mtg_104_r_afr_normal,https://card-images.fetchtcg.com/mtg/2698/large/mtg_104_r_afr_normal.png,Forsworn Paladin,104,Rare,Normal,Dungeons & Dragons: Adventures in the Forgotten Realms
mtg_105_r_afr_foil,https://card-images.fetchtcg.com/mtg/2698/large/mtg_105_r_afr_foil.png,Gelatinous Cube,105,Rare,Foil,Dungeons & Dragons: Adventures in the Forgotten Realms
mtg_105_r_afr_normal,https://card-images.fetchtcg.com/mtg/2698/large/mtg_105_r_afr_normal.png,Gelatinous Cube,105,Rare,Normal,Dungeons & Dragons: Adventures in the Forgotten Realms
mtg_112_m_afr_foil,https://card-images.fetchtcg.com/mtg/2698/large/mtg_112_m_afr_foil.png,"Lolth, Spider Queen",112,Mythic,Foil,Dungeons & Dragons: Adventures in the Forgotten Realms
mtg_112_m_afr_normal,https://card-images.fetchtcg.com/mtg/2698/large/mtg_112_m_afr_normal.png,"Lolth, Spider Queen",112,Mythic,Normal,Dungeons & Dragons: Adventures in the Forgotten Realms
mtg_119_c_afr_foil,https://card-images.fetchtcg.com/mtg/2698/large/mtg_119_c_afr_foil.png,Shambling Ghast,119,Common,Foil,Dungeons & Dragons: Adventures in the Forgotten Realms
mtg_119_c_afr_normal,https://card-images.fetchtcg.com/mtg/2698/large/mtg_119_c_afr_normal.png,Shambling Ghast,119,Common,Normal,Dungeons & Dragons: Adventures in the Forgotten Realms
mtg_124_r_afr_foil,https://card-images.fetchtcg.com/mtg/2698/large/mtg_124_r_afr_foil.png,Vorpal Sword,124,Rare,Foil,Dungeons & Dragons: Adventures in the Forgotten Realms
mtg_124_r_afr_normal,https://card-images.fetchtcg.com/mtg/2698/large/mtg_124_r_afr_normal.png,Vorpal Sword,124,Rare,Normal,Dungeons & Dragons: Adventures in the Forgotten Realms
mtg_126_r_afr_foil,https://card-images.fetchtcg.com/mtg/2698/large/mtg_126_r_afr_foil.png,Westgate Regent,126,Rare,Foil,Dungeons & Dragons: Adventures in the Forgotten Realms
mtg_126_r_afr_normal,https://card-images.fetchtcg.com/mtg/2698/large/mtg_126_r_afr_normal.png,Westgate Regent,126,Rare,Normal,Dungeons & Dragons: Adventures in the Forgotten Realms
mtg_127_r_afr_foil,https://card-images.fetchtcg.com/mtg/2698/large/mtg_127_r_afr_foil.png,Wight,127,Rare,Foil,Dungeons & Dragons: Adventures in the Forgotten Realms
mtg_127_r_afr_normal,https://card-images.fetchtcg.com/mtg/2698/large/mtg_127_r_afr_normal.png,Wight,127,Rare,Normal,Dungeons & Dragons: Adventures in the Forgotten Realms
mtg_132_u_afr_foil,https://card-images.fetchtcg.com/mtg/2698/large/mtg_132_u_afr_foil.png,Battle Cry Goblin,132,Uncommon,Foil,Dungeons & Dragons: Adventures in the Forgotten Realms
mtg_132_u_afr_normal,https://card-images.fetchtcg.com/mtg/2698/large/mtg_132_u_afr_normal.png,Battle Cry Goblin,132,Uncommon,Normal,Dungeons & Dragons: Adventures in the Forgotten Realms
mtg_138_r_afr_foil,https://card-images.fetchtcg.com/mtg/2698/large/mtg_138_r_afr_foil.png,"Delina, Wild Mage",138,Rare,Foil,Dungeons & Dragons: Adventures in the Forgotten Realms
mtg_138_r_afr_normal,https://card-images.fetchtcg.com/mtg/2698/large/mtg_138_r_afr_normal.png,"Delina, Wild Mage",138,Rare,Normal,Dungeons & Dragons: Adventures in the Forgotten Realms
mtg_143_m_afr_foil,https://card-images.fetchtcg.com/mtg/2698/large/mtg_143_m_afr_foil.png,Flameskull,143,Mythic,Foil,Dungeons & Dragons: Adventures in the Forgotten Realms
mtg_143_m_afr_normal,https://card-images.fetchtcg.com/mtg/2698/large/mtg_143_m_afr_normal.png,Flameskull,143,Mythic,Normal,Dungeons & Dragons: Adventures in the Forgotten Realms
mtg_147_r_afr_foil,https://card-images.fetchtcg.com/mtg/2698/large/mtg_147_r_afr_foil.png,Hobgoblin Bandit Lord,147,Rare,Foil,Dungeons & Dragons: Adventures in the Forgotten Realms
mtg_147_r_afr_normal,https://card-images.fetchtcg.com/mtg/2698/large/mtg_147_r_afr_normal.png,Hobgoblin Bandit Lord,147,Rare,Normal,Dungeons & Dragons: Adventures in the Forgotten Realms
mtg_15_r_afr_foil,https://card-images.fetchtcg.com/mtg/2698/large/mtg_15_r_afr_foil.png,Flumph,15,Rare,Foil,Dungeons & Dragons: Adventures in the Forgotten Realms
mtg_15_r_afr_normal,https://card-images.fetchtcg.com/mtg/2698/large/mtg_15_r_afr_normal.png,Flumph,15,Rare,Normal,Dungeons & Dragons: Adventures in the Forgotten Realms
mtg_155_r_afr_foil,https://card-images.fetchtcg.com/mtg/2698/large/mtg_155_r_afr_foil.png,Meteor Swarm,155,Rare,Foil,Dungeons & Dragons: Adventures in the Forgotten Realms
mtg_155_r_afr_normal,https://card-images.fetchtcg.com/mtg/2698/large/mtg_155_r_afr_normal.png,Meteor Swarm,155,Rare,Normal,Dungeons & Dragons: Adventures in the Forgotten Realms
mtg_156_r_afr_foil,https://card-images.fetchtcg.com/mtg/2698/large/mtg_156_r_afr_foil.png,Minion of the Mighty,156,Rare,Foil,Dungeons & Dragons: Adventures in the Forgotten Realms
mtg_156_r_afr_normal,https://card-images.fetchtcg.com/mtg/2698/large/mtg_156_r_afr_normal.png,Minion of the Mighty,156,Rare,Normal,Dungeons & Dragons: Adventures in the Forgotten Realms
mtg_157_r_afr_foil,https://card-images.fetchtcg.com/mtg/2698/large/mtg_157_r_afr_foil.png,Orb of Dragonkind,157,Rare,Foil,Dungeons & Dragons: Adventures in the Forgotten Realms
mtg_157_r_afr_normal,https://card-images.fetchtcg.com/mtg/2698/large/mtg_157_r_afr_normal.png,Orb of Dragonkind,157,Rare,Normal,Dungeons & Dragons: Adventures in the Forgotten Realms
mtg_160_u_afr_foil,https://card-images.fetchtcg.com/mtg/2698/large/mtg_160_u_afr_foil.png,Red Dragon,160,Uncommon,Foil,Dungeons & Dragons: Adventures in the Forgotten Realms
mtg_160_u_afr_normal,https://card-images.fetchtcg.com/mtg/2698/large/mtg_160_u_afr_normal.png,Red Dragon,160,Uncommon,Normal,Dungeons & Dragons: Adventures in the Forgotten Realms
mtg_164_c_afr_foil,https://card-images.fetchtcg.com/mtg/2698/large/mtg_164_c_afr_foil.png,Unexpected Windfall,164,Common,Foil,Dungeons & Dragons: Adventures in the Forgotten Realms
mtg_164_c_afr_normal,https://card-images.fetchtcg.com/mtg/2698/large/mtg_164_c_afr_normal.png,Unexpected Windfall,164,Common,Normal,Dungeons & Dragons: Adventures in the Forgotten Realms
mtg_166_r_afr_foil,https://card-images.fetchtcg.com/mtg/2698/large/mtg_166_r_afr_foil.png,Wish,166,Rare,Foil,Dungeons & Dragons: Adventures in the Forgotten Realms
mtg_166_r_afr_normal,https://card-images.fetchtcg.com/mtg/2698/large/mtg_166_r_afr_normal.png,Wish,166,Rare,Normal,Dungeons & Dragons: Adventures in the Forgotten Realms
mtg_167_r_afr_foil,https://card-images.fetchtcg.com/mtg/2698/large/mtg_167_r_afr_foil.png,Xorn,167,Rare,Foil,Dungeons & Dragons: Adventures in the Forgotten Realms
mtg_167_r_afr_normal,https://card-images.fetchtcg.com/mtg/2698/large/mtg_167_r_afr_normal.png,Xorn,167,Rare,Normal,Dungeons & Dragons: Adventures in the Forgotten Realms
mtg_17_m_afr_foil,https://card-images.fetchtcg.com/mtg/2698/large/mtg_17_m_afr_foil.png,Grand Master of Flowers,17,Mythic,Foil,Dungeons & Dragons: Adventures in the Forgotten Realms
mtg_17_m_afr_normal,https://card-images.fetchtcg.com/mtg/2698/large/mtg_17_m_afr_normal.png,Grand Master of Flowers,17,Mythic,Normal,Dungeons & Dragons: Adventures in the Forgotten Realms
mtg_170_u_afr_foil,https://card-images.fetchtcg.com/mtg/2698/large/mtg_170_u_afr_foil.png,You See a Pair of Goblins,170,Uncommon,Foil,Dungeons & Dragons: Adventures in the Forgotten Realms
mtg_170_u_afr_normal,https://card-images.fetchtcg.com/mtg/2698/large/mtg_170_u_afr_normal.png,You See a Pair of Goblins,170,Uncommon,Normal,Dungeons & Dragons: Adventures in the Forgotten Realms
mtg_171_r_afr_foil,https://card-images.fetchtcg.com/mtg/2698/large/mtg_171_r_afr_foil.png,"Zalto, Fire Giant Duke",171,Rare,Foil,Dungeons & Dragons: Adventures in the Forgotten Realms
mtg_171_r_afr_normal,https://card-images.fetchtcg.com/mtg/2698/large/mtg_171_r_afr_normal.png,"Zalto, Fire Giant Duke",171,Rare,Normal,Dungeons & Dragons: Adventures in the Forgotten Realms
mtg_172_m_afr_foil,https://card-images.fetchtcg.com/mtg/2698/large/mtg_172_m_afr_foil.png,"Zariel, Archduke of Avernus",172,Mythic,Foil,Dungeons & Dragons: Adventures in the Forgotten Realms
mtg_172_m_afr_normal,https://card-images.fetchtcg.com/mtg/2698/large/mtg_172_m_afr_normal.png,"Zariel, Archduke of Avernus",172,Mythic,Normal,Dungeons & Dragons: Adventures in the Forgotten Realms
mtg_176_r_afr_foil,https://card-images.fetchtcg.com/mtg/2698/large/mtg_176_r_afr_foil.png,Circle of Dreams Druid,176,Rare,Foil,Dungeons & Dragons: Adventures in the Forgotten Realms
mtg_176_r_afr_normal,https://card-images.fetchtcg.com/mtg/2698/large/mtg_176_r_afr_normal.png,Circle of Dreams Druid,176,Rare,Normal,Dungeons & Dragons: Adventures in the Forgotten Realms
mtg_18_r_afr_foil,https://card-images.fetchtcg.com/mtg/2698/large/mtg_18_r_afr_foil.png,Guardian of Faith,18,Rare,Foil,Dungeons & Dragons: Adventures in the Forgotten Realms
mtg_18_r_afr_normal,https://card-images.fetchtcg.com/mtg/2698/large/mtg_18_r_afr_normal.png,Guardian of Faith,18,Rare,Normal,Dungeons & Dragons: Adventures in the Forgotten Realms
mtg_180_u_afr_foil,https://card-images.fetchtcg.com/mtg/2698/large/mtg_180_u_afr_foil.png,Druid Class,180,Uncommon,Foil,Dungeons & Dragons: Adventures in the Forgotten Realms
mtg_180_u_afr_normal,https://card-images.fetchtcg.com/mtg/2698/large/mtg_180_u_afr_normal.png,Druid Class,180,Uncommon,Normal,Dungeons & Dragons: Adventures in the Forgotten Realms
mtg_181_m_afr_foil,https://card-images.fetchtcg.com/mtg/2698/large/mtg_181_m_afr_foil.png,Ellywick Tumblestrum,181,Mythic,Foil,Dungeons & Dragons: Adventures in the Forgotten Realms
mtg_181_m_afr_normal,https://card-images.fetchtcg.com/mtg/2698/large/mtg_181_m_afr_normal.png,Ellywick Tumblestrum,181,Mythic,Normal,Dungeons & Dragons: Adventures in the Forgotten Realms
mtg_184_r_afr_foil,https://card-images.fetchtcg.com/mtg/2698/large/mtg_184_r_afr_foil.png,Froghemoth,184,Rare,Foil,Dungeons & Dragons: Adventures in the Forgotten Realms
mtg_184_r_afr_normal,https://card-images.fetchtcg.com/mtg/2698/large/mtg_184_r_afr_normal.png,Froghemoth,184,Rare,Normal,Dungeons & Dragons: Adventures in the Forgotten Realms
mtg_190_r_afr_foil,https://card-images.fetchtcg.com/mtg/2698/large/mtg_190_r_afr_foil.png,Instrument of the Bards,190,Rare,Foil,Dungeons & Dragons: Adventures in the Forgotten Realms
mtg_190_r_afr_normal,https://card-images.fetchtcg.com/mtg/2698/large/mtg_190_r_afr_normal.png,Instrument of the Bards,190,Rare,Normal,Dungeons & Dragons: Adventures in the Forgotten Realms
mtg_193_r_afr_foil,https://card-images.fetchtcg.com/mtg/2698/large/mtg_193_r_afr_foil.png,Long Rest,193,Rare,Foil,Dungeons & Dragons: Adventures in the Forgotten Realms
mtg_193_r_afr_normal,https://card-images.fetchtcg.com/mtg/2698/large/mtg_193_r_afr_normal.png,Long Rest,193,Rare,Normal,Dungeons & Dragons: Adventures in the Forgotten Realms
mtg_196_r_afr_foil,https://card-images.fetchtcg.com/mtg/2698/large/mtg_196_r_afr_foil.png,Ochre Jelly,196,Rare,Foil,Dungeons & Dragons: Adventures in the Forgotten Realms
mtg_196_r_afr_normal,https://card-images.fetchtcg.com/mtg/2698/large/mtg_196_r_afr_normal.png,Ochre Jelly,196,Rare,Normal,Dungeons & Dragons: Adventures in the Forgotten Realms
mtg_20_m_afr_foil,https://card-images.fetchtcg.com/mtg/2698/large/mtg_20_m_afr_foil.png,"Icingdeath, Frost Tyrant",20,Mythic,Foil,Dungeons & Dragons: Adventures in the Forgotten Realms
mtg_20_m_afr_normal,https://card-images.fetchtcg.com/mtg/2698/large/mtg_20_m_afr_normal.png,"Icingdeath, Frost Tyrant",20,Mythic,Normal,Dungeons & Dragons: Adventures in the Forgotten Realms
mtg_202_r_afr_foil,https://card-images.fetchtcg.com/mtg/2698/large/mtg_202_r_afr_foil.png,Ranger Class,202,Rare,Foil,Dungeons & Dragons: Adventures in the Forgotten Realms
mtg_202_r_afr_normal,https://card-images.fetchtcg.com/mtg/2698/large/mtg_202_r_afr_normal.png,Ranger Class,202,Rare,Normal,Dungeons & Dragons: Adventures in the Forgotten Realms
mtg_207_m_afr_foil,https://card-images.fetchtcg.com/mtg/2698/large/mtg_207_m_afr_foil.png,The Tarrasque,207,Mythic,Foil,Dungeons & Dragons: Adventures in the Forgotten Realms
mtg_207_m_afr_normal,https://card-images.fetchtcg.com/mtg/2698/large/mtg_207_m_afr_normal.png,The Tarrasque,207,Mythic,Normal,Dungeons & Dragons: Adventures in the Forgotten Realms
mtg_209_r_afr_foil,https://card-images.fetchtcg.com/mtg/2698/large/mtg_209_r_afr_foil.png,"Varis, Silverymoon Ranger",209,Rare,Foil,Dungeons & Dragons: Adventures in the Forgotten Realms
mtg_209_r_afr_normal,https://card-images.fetchtcg.com/mtg/2698/large/mtg_209_r_afr_normal.png,"Varis, Silverymoon Ranger",209,Rare,Normal,Dungeons & Dragons: Adventures in the Forgotten Realms
mtg_211_r_afr_foil,https://card-images.fetchtcg.com/mtg/2698/large/mtg_211_r_afr_foil.png,Werewolf Pack Leader,211,Rare,Foil,Dungeons & Dragons: Adventures in the Forgotten Realms
mtg_211_r_afr_normal,https://card-images.fetchtcg.com/mtg/2698/large/mtg_211_r_afr_normal.png,Werewolf Pack Leader,211,Rare,Normal,Dungeons & Dragons: Adventures in the Forgotten Realms
mtg_216_r_afr_foil,https://card-images.fetchtcg.com/mtg/2698/large/mtg_216_r_afr_foil.png,Adult Gold Dragon,216,Rare,Foil,Dungeons & Dragons: Adventures in the Forgotten Realms
mtg_216_r_afr_normal,https://card-images.fetchtcg.com/mtg/2698/large/mtg_216_r_afr_normal.png,Adult Gold Dragon,216,Rare,Normal,Dungeons & Dragons: Adventures in the Forgotten Realms
mtg_217_r_afr_foil,https://card-images.fetchtcg.com/mtg/2698/large/mtg_217_r_afr_foil.png,Bard Class,217,Rare,Foil,Dungeons & Dragons: Adventures in the Forgotten Realms
mtg_217_r_afr_normal,https://card-images.fetchtcg.com/mtg/2698/large/mtg_217_r_afr_normal.png,Bard Class,217,Rare,Normal,Dungeons & Dragons: Adventures in the Forgotten Realms
mtg_219_u_afr_foil,https://card-images.fetchtcg.com/mtg/2698/large/mtg_219_u_afr_foil.png,Bruenor Battlehammer,219,Uncommon,Foil,Dungeons & Dragons: Adventures in the Forgotten Realms
mtg_219_u_afr_normal,https://card-images.fetchtcg.com/mtg/2698/large/mtg_219_u_afr_normal.png,Bruenor Battlehammer,219,Uncommon,Normal,Dungeons & Dragons: Adventures in the Forgotten Realms
mtg_220_r_afr_foil,https://card-images.fetchtcg.com/mtg/2698/large/mtg_220_r_afr_foil.png,Drizzt Do'Urden,220,Rare,Foil,Dungeons & Dragons: Adventures in the Forgotten Realms
mtg_220_r_afr_normal,https://card-images.fetchtcg.com/mtg/2698/large/mtg_220_r_afr_normal.png,Drizzt Do'Urden,220,Rare,Normal,Dungeons & Dragons: Adventures in the Forgotten Realms
mtg_222_r_afr_foil,https://card-images.fetchtcg.com/mtg/2698/large/mtg_222_r_afr_foil.png,Fighter Class,222,Rare,Foil,Dungeons & Dragons: Adventures in the Forgotten Realms
mtg_222_r_afr_normal,https://card-images.fetchtcg.com/mtg/2698/large/mtg_222_r_afr_normal.png,Fighter Class,222,Rare,Normal,Dungeons & Dragons: Adventures in the Forgotten Realms
mtg_227_m_afr_foil,https://card-images.fetchtcg.com/mtg/2698/large/mtg_227_m_afr_foil.png,"Minsc, Beloved Ranger",227,Mythic,Foil,Dungeons & Dragons: Adventures in the Forgotten Realms
mtg_227_m_afr_normal,https://card-images.fetchtcg.com/mtg/2698/large/mtg_227_m_afr_normal.png,"Minsc, Beloved Ranger",227,Mythic,Normal,Dungeons & Dragons: Adventures in the Forgotten Realms
mtg_228_r_afr_foil,https://card-images.fetchtcg.com/mtg/2698/large/mtg_228_r_afr_foil.png,Monk Class,228,Rare,Foil,Dungeons & Dragons: Adventures in the Forgotten Realms
mtg_228_r_afr_normal,https://card-images.fetchtcg.com/mtg/2698/large/mtg_228_r_afr_normal.png,Monk Class,228,Rare,Normal,Dungeons & Dragons: Adventures in the Forgotten Realms
mtg_229_r_afr_foil,https://card-images.fetchtcg.com/mtg/2698/large/mtg_229_r_afr_foil.png,"Orcus, Prince of Undeath",229,Rare,Foil,Dungeons & Dragons: Adventures in the Forgotten Realms
mtg_229_r_afr_normal,https://card-images.fetchtcg.com/mtg/2698/large/mtg_229_r_afr_normal.png,"Orcus, Prince of Undeath",229,Rare,Normal,Dungeons & Dragons: Adventures in the Forgotten Realms
mtg_23_r_afr_foil,https://card-images.fetchtcg.com/mtg/2698/large/mtg_23_r_afr_foil.png,Loyal Warhound,23,Rare,Foil,Dungeons & Dragons: Adventures in the Forgotten Realms
mtg_23_r_afr_normal,https://card-images.fetchtcg.com/mtg/2698/large/mtg_23_r_afr_normal.png,Loyal Warhound,23,Rare,Normal,Dungeons & Dragons: Adventures in the Forgotten Realms
mtg_230_r_afr_foil,https://card-images.fetchtcg.com/mtg/2698/large/mtg_230_r_afr_foil.png,Rogue Class,230,Rare,Foil,Dungeons & Dragons: Adventures in the Forgotten Realms
mtg_230_r_afr_normal,https://card-images.fetchtcg.com/mtg/2698/large/mtg_230_r_afr_normal.png,Rogue Class,230,Rare,Normal,Dungeons & Dragons: Adventures in the Forgotten Realms
mtg_232_r_afr_foil,https://card-images.fetchtcg.com/mtg/2698/large/mtg_232_r_afr_foil.png,Skeletal Swarming,232,Rare,Foil,Dungeons & Dragons: Adventures in the Forgotten Realms
mtg_232_r_afr_normal,https://card-images.fetchtcg.com/mtg/2698/large/mtg_232_r_afr_normal.png,Skeletal Swarming,232,Rare,Normal,Dungeons & Dragons: Adventures in the Forgotten Realms
mtg_233_r_afr_foil,https://card-images.fetchtcg.com/mtg/2698/large/mtg_233_r_afr_foil.png,Sorcerer Class,233,Rare,Foil,Dungeons & Dragons: Adventures in the Forgotten Realms
mtg_233_r_afr_normal,https://card-images.fetchtcg.com/mtg/2698/large/mtg_233_r_afr_normal.png,Sorcerer Class,233,Rare,Normal,Dungeons & Dragons: Adventures in the Forgotten Realms
mtg_235_m_afr_foil,https://card-images.fetchtcg.com/mtg/2698/large/mtg_235_m_afr_foil.png,Tiamat,235,Mythic,Foil,Dungeons & Dragons: Adventures in the Forgotten Realms
mtg_235_m_afr_normal,https://card-images.fetchtcg.com/mtg/2698/large/mtg_235_m_afr_normal.png,Tiamat,235,Mythic,Normal,Dungeons & Dragons: Adventures in the Forgotten Realms
mtg_237_r_afr_foil,https://card-images.fetchtcg.com/mtg/2698/large/mtg_237_r_afr_foil.png,Triumphant Adventurer,237,Rare,Foil,Dungeons & Dragons: Adventures in the Forgotten Realms
mtg_237_r_afr_normal,https://card-images.fetchtcg.com/mtg/2698/large/mtg_237_r_afr_normal.png,Triumphant Adventurer,237,Rare,Normal,Dungeons & Dragons: Adventures in the Forgotten Realms
mtg_238_r_afr_foil,https://card-images.fetchtcg.com/mtg/2698/large/mtg_238_r_afr_foil.png,"Volo, Guide to Monsters",238,Rare,Foil,Dungeons & Dragons: Adventures in the Forgotten Realms
mtg_238_r_afr_normal,https://card-images.fetchtcg.com/mtg/2698/large/mtg_238_r_afr_normal.png,"Volo, Guide to Monsters",238,Rare,Normal,Dungeons & Dragons: Adventures in the Forgotten Realms
mtg_239_m_afr_foil,https://card-images.fetchtcg.com/mtg/2698/large/mtg_239_m_afr_foil.png,"Xanathar, Guild Kingpin",239,Mythic,Foil,Dungeons & Dragons: Adventures in the Forgotten Realms
mtg_239_m_afr_normal,https://card-images.fetchtcg.com/mtg/2698/large/mtg_239_m_afr_normal.png,"Xanathar, Guild Kingpin",239,Mythic,Normal,Dungeons & Dragons: Adventures in the Forgotten Realms
mtg_240_u_afr_foil,https://card-images.fetchtcg.com/mtg/2698/large/mtg_240_u_afr_foil.png,Bag of Holding,240,Uncommon,Foil,Dungeons & Dragons: Adventures in the Forgotten Realms
mtg_240_u_afr_normal,https://card-images.fetchtcg.com/mtg/2698/large/mtg_240_u_afr_normal.png,Bag of Holding,240,Uncommon,Normal,Dungeons & Dragons: Adventures in the Forgotten Realms
mtg_241_m_afr_foil,https://card-images.fetchtcg.com/mtg/2698/large/mtg_241_m_afr_foil.png,The Deck of Many Things,241,Mythic,Foil,Dungeons & Dragons: Adventures in the Forgotten Realms
mtg_241_m_afr_normal,https://card-images.fetchtcg.com/mtg/2698/large/mtg_241_m_afr_normal.png,The Deck of Many Things,241,Mythic,Normal,Dungeons & Dragons: Adventures in the Forgotten Realms
mtg_243_r_afr_foil,https://card-images.fetchtcg.com/mtg/2698/large/mtg_243_r_afr_foil.png,Eye of Vecna,243,Rare,Foil,Dungeons & Dragons: Adventures in the Forgotten Realms
mtg_243_r_afr_normal,https://card-images.fetchtcg.com/mtg/2698/large/mtg_243_r_afr_normal.png,Eye of Vecna,243,Rare,Normal,Dungeons & Dragons: Adventures in the Forgotten Realms
mtg_246_r_afr_foil,https://card-images.fetchtcg.com/mtg/2698/large/mtg_246_r_afr_foil.png,Hand of Vecna,246,Rare,Foil,Dungeons & Dragons: Adventures in the Forgotten Realms
mtg_246_r_afr_normal,https://card-images.fetchtcg.com/mtg/2698/large/mtg_246_r_afr_normal.png,Hand of Vecna,246,Rare,Normal,Dungeons & Dragons: Adventures in the Forgotten Realms
mtg_252_r_afr_foil,https://card-images.fetchtcg.com/mtg/2698/large/mtg_252_r_afr_foil.png,Treasure Chest,252,Rare,Foil,Dungeons & Dragons: Adventures in the Forgotten Realms
mtg_252_r_afr_normal,https://card-images.fetchtcg.com/mtg/2698/large/mtg_252_r_afr_normal.png,Treasure Chest,252,Rare,Normal,Dungeons & Dragons: Adventures in the Forgotten Realms
mtg_253_cave-of-the-frost-dragon_r_afr_foil,https://card-images.fetchtcg.com/mtg/2698/large/mtg_253_cave-of-the-frost-dragon_r_afr_foil.png,Cave of the Frost Dragon,253_cave-of-the-frost-dragon,Rare,Foil,Dungeons & Dragons: Adventures in the Forgotten Realms
mtg_253_cave-of-the-frost-dragon_r_afr_normal,https://card-images.fetchtcg.com/mtg/2698/large/mtg_253_cave-of-the-frost-dragon_r_afr_normal.png,Cave of the Frost Dragon,253_cave-of-the-frost-dragon,Rare,Normal,Dungeons & Dragons: Adventures in the Forgotten Realms
mtg_254_den-of-the-bugbear_r_afr_foil,https://card-images.fetchtcg.com/mtg/2698/large/mtg_254_den-of-the-bugbear_r_afr_foil.png,Den of the Bugbear,254_den-of-the-bugbear,Rare,Foil,Dungeons & Dragons: Adventures in the Forgotten Realms
mtg_254_den-of-the-bugbear_r_afr_normal,https://card-images.fetchtcg.com/mtg/2698/large/mtg_254_den-of-the-bugbear_r_afr_normal.png,Den of the Bugbear,254_den-of-the-bugbear,Rare,Normal,Dungeons & Dragons: Adventures in the Forgotten Realms
mtg_255_dungeon-descent_r_afr_foil,https://card-images.fetchtcg.com/mtg/2698/large/mtg_255_dungeon-descent_r_afr_foil.png,Dungeon Descent,255_dungeon-descent,Rare,Foil,Dungeons & Dragons: Adventures in the Forgotten Realms
mtg_255_dungeon-descent_r_afr_normal,https://card-images.fetchtcg.com/mtg/2698/large/mtg_255_dungeon-descent_r_afr_normal.png,Dungeon Descent,255_dungeon-descent,Rare,Normal,Dungeons & Dragons: Adventures in the Forgotten Realms
mtg_257_hall-of-storm-giants_r_afr_foil,https://card-images.fetchtcg.com/mtg/2698/large/mtg_257_hall-of-storm-giants_r_afr_foil.png,Hall of Storm Giants,257_hall-of-storm-giants,Rare,Foil,Dungeons & Dragons: Adventures in the Forgotten Realms
mtg_257_hall-of-storm-giants_r_afr_normal,https://card-images.fetchtcg.com/mtg/2698/large/mtg_257_hall-of-storm-giants_r_afr_normal.png,Hall of Storm Giants,257_hall-of-storm-giants,Rare,Normal,Dungeons & Dragons: Adventures in the Forgotten Realms
mtg_258_hive-of-the-eye-tyrant_r_afr_foil,https://card-images.fetchtcg.com/mtg/2698/large/mtg_258_hive-of-the-eye-tyrant_r_afr_foil.png,Hive of the Eye Tyrant,258_hive-of-the-eye-tyrant,Rare,Foil,Dungeons & Dragons: Adventures in the Forgotten Realms
mtg_258_hive-of-the-eye-tyrant_r_afr_normal,https://card-images.fetchtcg.com/mtg/2698/large/mtg_258_hive-of-the-eye-tyrant_r_afr_normal.png,Hive of the Eye Tyrant,258_hive-of-the-eye-tyrant,Rare,Normal,Dungeons & Dragons: Adventures in the Forgotten Realms
mtg_259_lair-of-the-hydra_r_afr_foil,https://card-images.fetchtcg.com/mtg/2698/large/mtg_259_lair-of-the-hydra_r_afr_foil.png,Lair of the Hydra,259_lair-of-the-hydra,Rare,Foil,Dungeons & Dragons: Adventures in the Forgotten Realms
mtg_259_lair-of-the-hydra_r_afr_normal,https://card-images.fetchtcg.com/mtg/2698/large/mtg_259_lair-of-the-hydra_r_afr_normal.png,Lair of the Hydra,259_lair-of-the-hydra,Rare,Normal,Dungeons & Dragons: Adventures in the Forgotten Realms
mtg_26_u_afr_foil,https://card-images.fetchtcg.com/mtg/2698/large/mtg_26_u_afr_foil.png,Moon-Blessed Cleric,26,Uncommon,Foil,Dungeons & Dragons: Adventures in the Forgotten Realms
mtg_26_u_afr_normal,https://card-images.fetchtcg.com/mtg/2698/large/mtg_26_u_afr_normal.png,Moon-Blessed Cleric,26,Uncommon,Normal,Dungeons & Dragons: Adventures in the Forgotten Realms
mtg_261_treasure-vault_r_afr_foil,https://card-images.fetchtcg.com/mtg/2698/large/mtg_261_treasure-vault_r_afr_foil.png,Treasure Vault,261_treasure-vault,Rare,Foil,Dungeons & Dragons: Adventures in the Forgotten Realms
mtg_261_treasure-vault_r_afr_normal,https://card-images.fetchtcg.com/mtg/2698/large/mtg_261_treasure-vault_r_afr_normal.png,Treasure Vault,261_treasure-vault,Rare,Normal,Dungeons & Dragons: Adventures in the Forgotten Realms
mtg_27_r_afr_foil,https://card-images.fetchtcg.com/mtg/2698/large/mtg_27_r_afr_foil.png,"Nadaar, Selfless Paladin",27,Rare,Foil,Dungeons & Dragons: Adventures in the Forgotten Realms
mtg_27_r_afr_normal,https://card-images.fetchtcg.com/mtg/2698/large/mtg_27_r_afr_normal.png,"Nadaar, Selfless Paladin",27,Rare,Normal,Dungeons & Dragons: Adventures in the Forgotten Realms
mtg_28_r_afr_foil,https://card-images.fetchtcg.com/mtg/2698/large/mtg_28_r_afr_foil.png,Oswald Fiddlebender,28,Rare,Foil,Dungeons & Dragons: Adventures in the Forgotten Realms
mtg_28_r_afr_normal,https://card-images.fetchtcg.com/mtg/2698/large/mtg_28_r_afr_normal.png,Oswald Fiddlebender,28,Rare,Normal,Dungeons & Dragons: Adventures in the Forgotten Realms
mtg_29_r_afr_foil,https://card-images.fetchtcg.com/mtg/2698/large/mtg_29_r_afr_foil.png,Paladin Class,29,Rare,Foil,Dungeons & Dragons: Adventures in the Forgotten Realms
mtg_29_r_afr_normal,https://card-images.fetchtcg.com/mtg/2698/large/mtg_29_r_afr_normal.png,Paladin Class,29,Rare,Normal,Dungeons & Dragons: Adventures in the Forgotten Realms
mtg_33_u_afr_foil,https://card-images.fetchtcg.com/mtg/2698/large/mtg_33_u_afr_foil.png,Portable Hole,33,Uncommon,Foil,Dungeons & Dragons: Adventures in the Forgotten Realms
mtg_33_u_afr_normal,https://card-images.fetchtcg.com/mtg/2698/large/mtg_33_u_afr_normal.png,Portable Hole,33,Uncommon,Normal,Dungeons & Dragons: Adventures in the Forgotten Realms
mtg_39_r_afr_foil,https://card-images.fetchtcg.com/mtg/2698/large/mtg_39_r_afr_foil.png,Teleportation Circle,39,Rare,Foil,Dungeons & Dragons: Adventures in the Forgotten Realms
mtg_39_r_afr_normal,https://card-images.fetchtcg.com/mtg/2698/large/mtg_39_r_afr_normal.png,Teleportation Circle,39,Rare,Normal,Dungeons & Dragons: Adventures in the Forgotten Realms
mtg_4_m_afr_foil,https://card-images.fetchtcg.com/mtg/2698/large/mtg_4_m_afr_foil.png,The Book of Exalted Deeds,4,Mythic,Foil,Dungeons & Dragons: Adventures in the Forgotten Realms
mtg_4_m_afr_normal,https://card-images.fetchtcg.com/mtg/2698/large/mtg_4_m_afr_normal.png,The Book of Exalted Deeds,4,Mythic,Normal,Dungeons & Dragons: Adventures in the Forgotten Realms
mtg_48_r_afr_foil,https://card-images.fetchtcg.com/mtg/2698/large/mtg_48_r_afr_foil.png,The Blackstaff of Waterdeep,48,Rare,Foil,Dungeons & Dragons: Adventures in the Forgotten Realms
mtg_48_r_afr_normal,https://card-images.fetchtcg.com/mtg/2698/large/mtg_48_r_afr_normal.png,The Blackstaff of Waterdeep,48,Rare,Normal,Dungeons & Dragons: Adventures in the Forgotten Realms
mtg_56_r_afr_foil,https://card-images.fetchtcg.com/mtg/2698/large/mtg_56_r_afr_foil.png,Dragon Turtle,56,Rare,Foil,Dungeons & Dragons: Adventures in the Forgotten Realms
mtg_56_r_afr_normal,https://card-images.fetchtcg.com/mtg/2698/large/mtg_56_r_afr_normal.png,Dragon Turtle,56,Rare,Normal,Dungeons & Dragons: Adventures in the Forgotten Realms
mtg_6_u_afr_foil,https://card-images.fetchtcg.com/mtg/2698/large/mtg_6_u_afr_foil.png,Cleric Class,6,Uncommon,Foil,Dungeons & Dragons: Adventures in the Forgotten Realms
mtg_6_u_afr_normal,https://card-images.fetchtcg.com/mtg/2698/large/mtg_6_u_afr_normal.png,Cleric Class,6,Uncommon,Normal,Dungeons & Dragons: Adventures in the Forgotten Realms
mtg_60_r_afr_foil,https://card-images.fetchtcg.com/mtg/2698/large/mtg_60_r_afr_foil.png,"Grazilaxx, Illithid Scholar",60,Rare,Foil,Dungeons & Dragons: Adventures in the Forgotten Realms
mtg_60_r_afr_normal,https://card-images.fetchtcg.com/mtg/2698/large/mtg_60_r_afr_normal.png,"Grazilaxx, Illithid Scholar",60,Rare,Normal,Dungeons & Dragons: Adventures in the Forgotten Realms
mtg_62_m_afr_foil,https://card-images.fetchtcg.com/mtg/2698/large/mtg_62_m_afr_foil.png,"Iymrith, Desert Doom",62,Mythic,Foil,Dungeons & Dragons: Adventures in the Forgotten Realms
mtg_62_m_afr_normal,https://card-images.fetchtcg.com/mtg/2698/large/mtg_62_m_afr_normal.png,"Iymrith, Desert Doom",62,Mythic,Normal,Dungeons & Dragons: Adventures in the Forgotten Realms
mtg_63_r_afr_foil,https://card-images.fetchtcg.com/mtg/2698/large/mtg_63_r_afr_foil.png,Mind Flayer,63,Rare,Foil,Dungeons & Dragons: Adventures in the Forgotten Realms
mtg_63_r_afr_normal,https://card-images.fetchtcg.com/mtg/2698/large/mtg_63_r_afr_normal.png,Mind Flayer,63,Rare,Normal,Dungeons & Dragons: Adventures in the Forgotten Realms
mtg_78_r_afr_foil,https://card-images.fetchtcg.com/mtg/2698/large/mtg_78_r_afr_foil.png,Tasha's Hideous Laughter,78,Rare,Foil,Dungeons & Dragons: Adventures in the Forgotten Realms
mtg_78_r_afr_normal,https://card-images.fetchtcg.com/mtg/2698/large/mtg_78_r_afr_normal.png,Tasha's Hideous Laughter,78,Rare,Normal,Dungeons & Dragons: Adventures in the Forgotten Realms
mtg_8_r_afr_foil,https://card-images.fetchtcg.com/mtg/2698/large/mtg_8_r_afr_foil.png,Dancing Sword,8,Rare,Foil,Dungeons & Dragons: Adventures in the Forgotten Realms
mtg_8_r_afr_normal,https://card-images.fetchtcg.com/mtg/2698/large/mtg_8_r_afr_normal.png,Dancing Sword,8,Rare,Normal,Dungeons & Dragons: Adventures in the Forgotten Realms
mtg_80_r_afr_foil,https://card-images.fetchtcg.com/mtg/2698/large/mtg_80_r_afr_foil.png,True Polymorph,80,Rare,Foil,Dungeons & Dragons: Adventures in the Forgotten Realms
mtg_80_r_afr_normal,https://card-images.fetchtcg.com/mtg/2698/large/mtg_80_r_afr_normal.png,True Polymorph,80,Rare,Normal,Dungeons & Dragons: Adventures in the Forgotten Realms
mtg_81_u_afr_foil,https://card-images.fetchtcg.com/mtg/2698/large/mtg_81_u_afr_foil.png,Wizard Class,81,Uncommon,Foil,Dungeons & Dragons: Adventures in the Forgotten Realms
mtg_81_u_afr_normal,https://card-images.fetchtcg.com/mtg/2698/large/mtg_81_u_afr_normal.png,Wizard Class,81,Uncommon,Normal,Dungeons & Dragons: Adventures in the Forgotten Realms
mtg_82_r_afr_foil,https://card-images.fetchtcg.com/mtg/2698/large/mtg_82_r_afr_foil.png,Wizard's Spellbook,82,Rare,Foil,Dungeons & Dragons: Adventures in the Forgotten Realms
mtg_82_r_afr_normal,https://card-images.fetchtcg.com/mtg/2698/large/mtg_82_r_afr_normal.png,Wizard's Spellbook,82,Rare,Normal,Dungeons & Dragons: Adventures in the Forgotten Realms
mtg_86_r_afr_foil,https://card-images.fetchtcg.com/mtg/2698/large/mtg_86_r_afr_foil.png,Yuan-Ti Malison,86,Rare,Foil,Dungeons & Dragons: Adventures in the Forgotten Realms
mtg_86_r_afr_normal,https://card-images.fetchtcg.com/mtg/2698/large/mtg_86_r_afr_normal.png,Yuan-Ti Malison,86,Rare,Normal,Dungeons & Dragons: Adventures in the Forgotten Realms
mtg_87_m_afr_foil,https://card-images.fetchtcg.com/mtg/2698/large/mtg_87_m_afr_foil.png,Acererak the Archlich,87,Mythic,Foil,Dungeons & Dragons: Adventures in the Forgotten Realms
mtg_87_m_afr_normal,https://card-images.fetchtcg.com/mtg/2698/large/mtg_87_m_afr_normal.png,Acererak the Archlich,87,Mythic,Normal,Dungeons & Dragons: Adventures in the Forgotten Realms
mtg_88_r_afr_foil,https://card-images.fetchtcg.com/mtg/2698/large/mtg_88_r_afr_foil.png,Asmodeus the Archfiend,88,Rare,Foil,Dungeons & Dragons: Adventures in the Forgotten Realms
mtg_88_r_afr_normal,https://card-images.fetchtcg.com/mtg/2698/large/mtg_88_r_afr_normal.png,Asmodeus the Archfiend,88,Rare,Normal,Dungeons & Dragons: Adventures in the Forgotten Realms
mtg_91_m_afr_foil,https://card-images.fetchtcg.com/mtg/2698/large/mtg_91_m_afr_foil.png,The Book of Vile Darkness,91,Mythic,Foil,Dungeons & Dragons: Adventures in the Forgotten Realms
mtg_91_m_afr_normal,https://card-images.fetchtcg.com/mtg/2698/large/mtg_91_m_afr_normal.png,The Book of Vile Darkness,91,Mythic,Normal,Dungeons & Dragons: Adventures in the Forgotten Realms
mtg_94_c_afr_foil,https://card-images.fetchtcg.com/mtg/2698/large/mtg_94_c_afr_foil.png,Deadly Dispute,94,Common,Foil,Dungeons & Dragons: Adventures in the Forgotten Realms
mtg_94_c_afr_normal,https://card-images.fetchtcg.com/mtg/2698/large/mtg_94_c_afr_normal.png,Deadly Dispute,94,Common,Normal,Dungeons & Dragons: Adventures in the Forgotten Realms
mtg_98_u_afr_foil,https://card-images.fetchtcg.com/mtg/2698/large/mtg_98_u_afr_foil.png,Drider,98,Uncommon,Foil,Dungeons & Dragons: Adventures in the Forgotten Realms
mtg_98_u_afr_normal,https://card-images.fetchtcg.com/mtg/2698/large/mtg_98_u_afr_normal.png,Drider,98,Uncommon,Normal,Dungeons & Dragons: Adventures in the Forgotten Realms
mtg_240_r_dsk_foil,https://card-images.fetchtcg.com/mtg/2707/large/mtg_240_r_dsk_foil.png,"Winter, Misanthropic Guide",240,Rare,Foil,Duskmourn: House of Horror
mtg_240_r_dsk_normal,https://card-images.fetchtcg.com/mtg/2707/large/mtg_240_r_dsk_normal.png,"Winter, Misanthropic Guide",240,Rare,Normal,Duskmourn: House of Horror
mtg_260_gloomlake-verge_r_dsk_foil,https://card-images.fetchtcg.com/mtg/2707/large/mtg_260_gloomlake-verge_r_dsk_foil.png,Gloomlake Verge,260_gloomlake-verge,Rare,Foil,Duskmourn: House of Horror
mtg_260_gloomlake-verge_r_dsk_normal,https://card-images.fetchtcg.com/mtg/2707/large/mtg_260_gloomlake-verge_r_dsk_normal.png,Gloomlake Verge,260_gloomlake-verge,Rare,Normal,Duskmourn: House of Horror
mtg_146_r_dhohc_e7d8_normal,https://card-images.fetchtcg.com/mtg/2709/large/mtg_146_r_dhohc_e7d8_normal.png,Massacre Girl,146,Rare,Normal,Duskmourn: House of Horror Commander
mtg_260_gloomlake-verge_dsk-260-promo-en_r_dhohp_ae78_foil,https://card-images.fetchtcg.com/mtg/2712/large/mtg_260_gloomlake-verge_dsk-260-promo-en_r_dhohp_ae78_foil.png,Gloomlake Verge,260_gloomlake-verge_dsk-260-promo-en,Rare,Foil,Duskmourn: House of Horror Promos
mtg_260_gloomlake-verge_dsk-260-promo-en_r_dhohp_ae78_normal,https://card-images.fetchtcg.com/mtg/2712/large/mtg_260_gloomlake-verge_dsk-260-promo-en_r_dhohp_ae78_normal.png,Gloomlake Verge,260_gloomlake-verge_dsk-260-promo-en,Rare,Normal,Duskmourn: House of Horror Promos
mtg_eoe-145_R_standard_foil,https://card-images.fetchtcg.com/mtg/4351/large/mtg_eoe-145_R_standard_foil.png,Memorial Vault,145,Rare,Foil,Edge of Eternities
mtg_eoe-145_R_standard_normal,https://card-images.fetchtcg.com/mtg/4351/large/mtg_eoe-145_R_standard_normal.png,Memorial Vault,145,Rare,Normal,Edge of Eternities
mtg_eoe-148_R_standard_foil,https://card-images.fetchtcg.com/mtg/4351/large/mtg_eoe-148_R_standard_foil.png,Nova Hellkite,148,Rare,Foil,Edge of Eternities
mtg_eoe-148_R_standard_normal,https://card-images.fetchtcg.com/mtg/4351/large/mtg_eoe-148_R_standard_normal.png,Nova Hellkite,148,Rare,Normal,Edge of Eternities
mtg_eoe-19_R_standard_foil,https://card-images.fetchtcg.com/mtg/4351/large/mtg_eoe-19_R_standard_foil.png,"Haliya, Guided by Light",19,Rare,Foil,Edge of Eternities
mtg_eoe-19_R_standard_normal,https://card-images.fetchtcg.com/mtg/4351/large/mtg_eoe-19_R_standard_normal.png,"Haliya, Guided by Light",19,Rare,Normal,Edge of Eternities
mtg_eoe-192_R_standard_foil,https://card-images.fetchtcg.com/mtg/4351/large/mtg_eoe-192_R_standard_foil.png,Icetill Explorer,192,Rare,Foil,Edge of Eternities
mtg_eoe-192_R_standard_normal,https://card-images.fetchtcg.com/mtg/4351/large/mtg_eoe-192_R_standard_normal.png,Icetill Explorer,192,Rare,Normal,Edge of Eternities
mtg_eoe-216_R_standard_foil,https://card-images.fetchtcg.com/mtg/4351/large/mtg_eoe-216_R_standard_foil.png,"Dyadrine, Synthesis Amalgam",216,Rare,Foil,Edge of Eternities
mtg_eoe-216_R_standard_normal,https://card-images.fetchtcg.com/mtg/4351/large/mtg_eoe-216_R_standard_normal.png,"Dyadrine, Synthesis Amalgam",216,Rare,Normal,Edge of Eternities
mtg_eoe-24_R_standard_foil,https://card-images.fetchtcg.com/mtg/4351/large/mtg_eoe-24_R_standard_foil.png,Lightstall Inquisitor,24,Rare,Foil,Edge of Eternities
mtg_eoe-24_R_standard_normal,https://card-images.fetchtcg.com/mtg/4351/large/mtg_eoe-24_R_standard_normal.png,Lightstall Inquisitor,24,Rare,Normal,Edge of Eternities
mtg_eoe-35_R_standard_foil,https://card-images.fetchtcg.com/mtg/4351/large/mtg_eoe-35_R_standard_foil.png,The Seriema,35,Rare,Foil,Edge of Eternities
mtg_eoe-35_R_standard_normal,https://card-images.fetchtcg.com/mtg/4351/large/mtg_eoe-35_R_standard_normal.png,The Seriema,35,Rare,Normal,Edge of Eternities
mtg_eoe-41_U_standard_foil,https://card-images.fetchtcg.com/mtg/4351/large/mtg_eoe-41_U_standard_foil.png,Sunstar Expansionist,41,Uncommon,Foil,Edge of Eternities
mtg_eoe-41_U_standard_normal,https://card-images.fetchtcg.com/mtg/4351/large/mtg_eoe-41_U_standard_normal.png,Sunstar Expansionist,41,Uncommon,Normal,Edge of Eternities
mtg_eoe-72_M_standard_foil,https://card-images.fetchtcg.com/mtg/4351/large/mtg_eoe-72_M_standard_foil.png,Quantum Riddler,72,Mythic,Foil,Edge of Eternities
mtg_eoe-72_M_standard_normal,https://card-images.fetchtcg.com/mtg/4351/large/mtg_eoe-72_M_standard_normal.png,Quantum Riddler,72,Mythic,Normal,Edge of Eternities
mtg_eoe-78_R_standard_foil,https://card-images.fetchtcg.com/mtg/4351/large/mtg_eoe-78_R_standard_foil.png,Starfield Vocalist,78,Rare,Foil,Edge of Eternities
mtg_eoe-78_R_standard_normal,https://card-images.fetchtcg.com/mtg/4351/large/mtg_eoe-78_R_standard_normal.png,Starfield Vocalist,78,Rare,Normal,Edge of Eternities
mtg_eoe-81_R_standard_foil,https://card-images.fetchtcg.com/mtg/4351/large/mtg_eoe-81_R_standard_foil.png,Synthesizer Labship,81,Rare,Foil,Edge of Eternities
mtg_eoe-81_R_standard_normal,https://card-images.fetchtcg.com/mtg/4351/large/mtg_eoe-81_R_standard_normal.png,Synthesizer Labship,81,Rare,Normal,Edge of Eternities
mtg_136_m_emn_foil,https://card-images.fetchtcg.com/mtg/2718/large/mtg_136_m_emn_foil.png,Mirrorwing Dragon,136,Mythic,Foil,Eldritch Moon
mtg_136_m_emn_normal,https://card-images.fetchtcg.com/mtg/2718/large/mtg_136_m_emn_normal.png,Mirrorwing Dragon,136,Mythic,Normal,Eldritch Moon
mtg_223_r_ema_foil,https://card-images.fetchtcg.com/mtg/2722/large/mtg_223_r_ema_foil.png,Isochron Scepter,223,Rare,Foil,Eternal Masters
mtg_223_r_ema_normal,https://card-images.fetchtcg.com/mtg/2722/large/mtg_223_r_ema_normal.png,Isochron Scepter,223,Rare,Normal,Eternal Masters
mtg_42_r_exo_normal,https://card-images.fetchtcg.com/mtg/2729/large/mtg_42_r_exo_normal.png,Oath of Scholars,42,Rare,Normal,Exodus
mtg_1_m_frf_foil,https://card-images.fetchtcg.com/mtg/2737/large/mtg_1_m_frf_foil.png,"Ugin, the Spirit Dragon",1,Mythic,Foil,Fate Reforged
mtg_1_m_frf_normal,https://card-images.fetchtcg.com/mtg/2737/large/mtg_1_m_frf_normal.png,"Ugin, the Spirit Dragon",1,Mythic,Normal,Fate Reforged
mtg_163_r_5dn_foil,https://card-images.fetchtcg.com/mtg/2742/large/mtg_163_r_5dn_foil.png,Vedalken Orrery,163,Rare,Foil,Fifth Dawn
mtg_163_r_5dn_normal,https://card-images.fetchtcg.com/mtg/2742/large/mtg_163_r_5dn_normal.png,Vedalken Orrery,163,Rare,Normal,Fifth Dawn
mtg_ffmtg-1_M_standard_foil,https://card-images.fetchtcg.com/mtg/4226/large/mtg_ffmtg-1_M_standard_foil.png,Summon: Bahamut,1,Mythic,Foil,FINAL FANTASY
mtg_ffmtg-1_M_standard_normal,https://card-images.fetchtcg.com/mtg/4226/large/mtg_ffmtg-1_M_standard_normal.png,Summon: Bahamut,1,Mythic,Normal,FINAL FANTASY
mtg_ffmtg-104_R_standard_foil,https://card-images.fetchtcg.com/mtg/4226/large/mtg_ffmtg-104_R_standard_foil.png,"Jecht, Reluctant Guardian",104,Rare,Foil,FINAL FANTASY
mtg_ffmtg-104_R_standard_normal,https://card-images.fetchtcg.com/mtg/4226/large/mtg_ffmtg-104_R_standard_normal.png,"Jecht, Reluctant Guardian",104,Rare,Normal,FINAL FANTASY
mtg_ffmtg-108_R_standard_foil,https://card-images.fetchtcg.com/mtg/4226/large/mtg_ffmtg-108_R_standard_foil.png,Ninja's Blades,108,Rare,Foil,FINAL FANTASY
mtg_ffmtg-108_R_standard_normal,https://card-images.fetchtcg.com/mtg/4226/large/mtg_ffmtg-108_R_standard_normal.png,Ninja's Blades,108,Rare,Normal,FINAL FANTASY
mtg_ffmtg-135_R_standard_foil,https://card-images.fetchtcg.com/mtg/4226/large/mtg_ffmtg-135_R_standard_foil.png,The Fire Crystal,135,Rare,Foil,FINAL FANTASY
mtg_ffmtg-135_R_standard_normal,https://card-images.fetchtcg.com/mtg/4226/large/mtg_ffmtg-135_R_standard_normal.png,The Fire Crystal,135,Rare,Normal,FINAL FANTASY
mtg_ffmtg-151_R_standard_foil,https://card-images.fetchtcg.com/mtg/4226/large/mtg_ffmtg-151_R_standard_foil.png,"Raubahn, Bull of Ala Mhigo",151,Rare,Foil,FINAL FANTASY
mtg_ffmtg-151_R_standard_normal,https://card-images.fetchtcg.com/mtg/4226/large/mtg_ffmtg-151_R_standard_normal.png,"Raubahn, Bull of Ala Mhigo",151,Rare,Normal,FINAL FANTASY
mtg_ffmtg-156_R_standard_foil,https://card-images.fetchtcg.com/mtg/4226/large/mtg_ffmtg-156_R_standard_foil.png,Seifer Almasy,156,Rare,Foil,FINAL FANTASY
mtg_ffmtg-156_R_standard_normal,https://card-images.fetchtcg.com/mtg/4226/large/mtg_ffmtg-156_R_standard_normal.png,Seifer Almasy,156,Rare,Normal,FINAL FANTASY
mtg_ffmtg-160_R_standard_foil,https://card-images.fetchtcg.com/mtg/4226/large/mtg_ffmtg-160_R_standard_foil.png,Summon: Brynhildr,160,Rare,Foil,FINAL FANTASY
mtg_ffmtg-160_R_standard_normal,https://card-images.fetchtcg.com/mtg/4226/large/mtg_ffmtg-160_R_standard_normal.png,Summon: Brynhildr,160,Rare,Normal,FINAL FANTASY
mtg_ffmtg-170_R_standard_foil,https://card-images.fetchtcg.com/mtg/4226/large/mtg_ffmtg-170_R_standard_foil.png,Zell Dincht,170,Rare,Foil,FINAL FANTASY
mtg_ffmtg-170_R_standard_normal,https://card-images.fetchtcg.com/mtg/4226/large/mtg_ffmtg-170_R_standard_normal.png,Zell Dincht,170,Rare,Normal,FINAL FANTASY
mtg_ffmtg-206_R_standard_foil,https://card-images.fetchtcg.com/mtg/4226/large/mtg_ffmtg-206_R_standard_foil.png,Tifa Lockhart,206,Rare,Foil,FINAL FANTASY
mtg_ffmtg-206_R_standard_normal,https://card-images.fetchtcg.com/mtg/4226/large/mtg_ffmtg-206_R_standard_normal.png,Tifa Lockhart,206,Rare,Normal,FINAL FANTASY
mtg_ffmtg-215_R_standard_foil,https://card-images.fetchtcg.com/mtg/4226/large/mtg_ffmtg-215_R_standard_foil.png,"Choco, Seeker of Paradise",215,Rare,Foil,FINAL FANTASY
mtg_ffmtg-215_R_standard_normal,https://card-images.fetchtcg.com/mtg/4226/large/mtg_ffmtg-215_R_standard_normal.png,"Choco, Seeker of Paradise",215,Rare,Normal,FINAL FANTASY
mtg_ffmtg-233_M_standard_foil,https://card-images.fetchtcg.com/mtg/4226/large/mtg_ffmtg-233_M_standard_foil.png,"Lightning, Army of One",233,Mythic,Foil,FINAL FANTASY
mtg_ffmtg-233_M_standard_normal,https://card-images.fetchtcg.com/mtg/4226/large/mtg_ffmtg-233_M_standard_normal.png,"Lightning, Army of One",233,Mythic,Normal,FINAL FANTASY
mtg_ffmtg-235_R_standard_foil,https://card-images.fetchtcg.com/mtg/4226/large/mtg_ffmtg-235_R_standard_foil.png,"Noctis, Prince of Lucis",235,Rare,Foil,FINAL FANTASY
mtg_ffmtg-235_R_standard_normal,https://card-images.fetchtcg.com/mtg/4226/large/mtg_ffmtg-235_R_standard_normal.png,"Noctis, Prince of Lucis",235,Rare,Normal,FINAL FANTASY
mtg_ffmtg-249_R_standard_foil,https://card-images.fetchtcg.com/mtg/4226/large/mtg_ffmtg-249_R_standard_foil.png,The Wandering Minstrel,249,Rare,Foil,FINAL FANTASY
mtg_ffmtg-249_R_standard_normal,https://card-images.fetchtcg.com/mtg/4226/large/mtg_ffmtg-249_R_standard_normal.png,The Wandering Minstrel,249,Rare,Normal,FINAL FANTASY
mtg_ffmtg-272_R_standard_foil,https://card-images.fetchtcg.com/mtg/4226/large/mtg_ffmtg-272_R_standard_foil.png,"Balamb Garden, SeeD Academy",272,Rare,Foil,FINAL FANTASY
mtg_ffmtg-272_R_standard_normal,https://card-images.fetchtcg.com/mtg/4226/large/mtg_ffmtg-272_R_standard_normal.png,"Balamb Garden, SeeD Academy",272,Rare,Normal,FINAL FANTASY
mtg_ffmtg-275_R_standard_foil,https://card-images.fetchtcg.com/mtg/4226/large/mtg_ffmtg-275_R_standard_foil.png,Clive's Hideaway,275,Rare,Foil,FINAL FANTASY
mtg_ffmtg-275_R_standard_normal,https://card-images.fetchtcg.com/mtg/4226/large/mtg_ffmtg-275_R_standard_normal.png,Clive's Hideaway,275,Rare,Normal,FINAL FANTASY
mtg_ffmtg-285_R_standard_foil,https://card-images.fetchtcg.com/mtg/4226/large/mtg_ffmtg-285_R_standard_foil.png,"Lindblum, Industrial Regency",285,Rare,Foil,FINAL FANTASY
mtg_ffmtg-285_R_standard_normal,https://card-images.fetchtcg.com/mtg/4226/large/mtg_ffmtg-285_R_standard_normal.png,"Lindblum, Industrial Regency",285,Rare,Normal,FINAL FANTASY
mtg_ffmtg-36_M_standard_foil,https://card-images.fetchtcg.com/mtg/4226/large/mtg_ffmtg-36_M_standard_foil.png,Summon: Knights of Round,36,Mythic,Foil,FINAL FANTASY
mtg_ffmtg-36_M_standard_normal,https://card-images.fetchtcg.com/mtg/4226/large/mtg_ffmtg-36_M_standard_normal.png,Summon: Knights of Round,36,Mythic,Normal,FINAL FANTASY
mtg_15_c_fdn_foil,https://card-images.fetchtcg.com/mtg/2745/large/mtg_15_c_fdn_foil.png,Hare Apparent,15,Common,Foil,Foundations
mtg_15_c_fdn_normal,https://card-images.fetchtcg.com/mtg/2745/large/mtg_15_c_fdn_normal.png,Hare Apparent,15,Common,Normal,Foundations
mtg_11_r_f09_foil,https://card-images.fetchtcg.com/mtg/2763/large/mtg_11_r_f09_foil.png,Oblivion Ring,11,Rare,Foil,Friday Night Magic 2009
mtg_6_m_v15_foil,https://card-images.fetchtcg.com/mtg/2773/large/mtg_6_m_v15_foil.png,Baneslayer Angel,6,Mythic,Foil,From the Vault: Angels
mtg_ipkjp-37_P_standard_foil,https://card-images.fetchtcg.com/mtg/4639/large/mtg_ipkjp-37_P_standard_foil.png,Charming Scoundrel,37,Promo,Foil,Game Day and Store Championship Promos
mtg_ipkjp-37_P_standard_normal,https://card-images.fetchtcg.com/mtg/4639/large/mtg_ipkjp-37_P_standard_normal.png,Charming Scoundrel,37,Promo,Normal,Game Day and Store Championship Promos
mtg_ipkjp-45_P_standard_normal,https://card-images.fetchtcg.com/mtg/4639/large/mtg_ipkjp-45_P_standard_normal.png,Goblin Bombardment,45,Promo,Normal,Game Day and Store Championship Promos
mtg_1_m_gn3_foil,https://card-images.fetchtcg.com/mtg/2789/large/mtg_1_m_gn3_foil.png,"Zamriel, Seraph of Steel",1,Mythic,Foil,Game Night: Free-for-All
mtg_128_r_gtc_foil,https://card-images.fetchtcg.com/mtg/2791/large/mtg_128_r_gtc_foil.png,Ooze Flux,128,Rare,Foil,Gatecrash
mtg_128_r_gtc_normal,https://card-images.fetchtcg.com/mtg/2791/large/mtg_128_r_gtc_normal.png,Ooze Flux,128,Rare,Normal,Gatecrash
mtg_10_m_grn_foil,https://card-images.fetchtcg.com/mtg/2802/large/mtg_10_m_grn_foil.png,Divine Visitation,10,Mythic,Foil,Guilds of Ravnica
mtg_10_m_grn_normal,https://card-images.fetchtcg.com/mtg/2802/large/mtg_10_m_grn_normal.png,Divine Visitation,10,Mythic,Normal,Guilds of Ravnica
mtg_77_r_hou_foil,https://card-images.fetchtcg.com/mtg/2818/large/mtg_77_r_hou_foil.png,Torment of Hailfire,77,Rare,Foil,Hour of Devastation
mtg_77_r_hou_normal,https://card-images.fetchtcg.com/mtg/2818/large/mtg_77_r_hou_normal.png,Torment of Hailfire,77,Rare,Normal,Hour of Devastation
mtg_174_r_ima_foil,https://card-images.fetchtcg.com/mtg/2823/large/mtg_174_r_ima_foil.png,Lotus Cobra,174,Rare,Foil,Iconic Masters
mtg_174_r_ima_normal,https://card-images.fetchtcg.com/mtg/2823/large/mtg_174_r_ima_normal.png,Lotus Cobra,174,Rare,Normal,Iconic Masters
mtg_100_c_iko_foil,https://card-images.fetchtcg.com/mtg/2828/large/mtg_100_c_iko_foil.png,Suffocating Fumes,100,Common,Foil,Ikoria: Lair of Behemoths
mtg_100_c_iko_normal,https://card-images.fetchtcg.com/mtg/2828/large/mtg_100_c_iko_normal.png,Suffocating Fumes,100,Common,Normal,Ikoria: Lair of Behemoths
mtg_102_c_iko_foil,https://card-images.fetchtcg.com/mtg/2828/large/mtg_102_c_iko_foil.png,Unexpected Fangs,102,Common,Foil,Ikoria: Lair of Behemoths
mtg_102_c_iko_normal,https://card-images.fetchtcg.com/mtg/2828/large/mtg_102_c_iko_normal.png,Unexpected Fangs,102,Common,Normal,Ikoria: Lair of Behemoths
mtg_11_r_iko_foil,https://card-images.fetchtcg.com/mtg/2828/large/mtg_11_r_iko_foil.png,Drannith Magistrate,11,Rare,Foil,Ikoria: Lair of Behemoths
mtg_11_r_iko_normal,https://card-images.fetchtcg.com/mtg/2828/large/mtg_11_r_iko_normal.png,Drannith Magistrate,11,Rare,Normal,Ikoria: Lair of Behemoths
mtg_114_r_iko_foil,https://card-images.fetchtcg.com/mtg/2828/large/mtg_114_r_iko_foil.png,Everquill Phoenix,114,Rare,Foil,Ikoria: Lair of Behemoths
mtg_114_r_iko_normal,https://card-images.fetchtcg.com/mtg/2828/large/mtg_114_r_iko_normal.png,Everquill Phoenix,114,Rare,Normal,Ikoria: Lair of Behemoths
mtg_118_u_iko_foil,https://card-images.fetchtcg.com/mtg/2828/large/mtg_118_u_iko_foil.png,Footfall Crater,118,Uncommon,Foil,Ikoria: Lair of Behemoths
mtg_118_u_iko_normal,https://card-images.fetchtcg.com/mtg/2828/large/mtg_118_u_iko_normal.png,Footfall Crater,118,Uncommon,Normal,Ikoria: Lair of Behemoths
mtg_127_r_iko_foil,https://card-images.fetchtcg.com/mtg/2828/large/mtg_127_r_iko_foil.png,Mythos of Vadrok,127,Rare,Foil,Ikoria: Lair of Behemoths
mtg_127_r_iko_normal,https://card-images.fetchtcg.com/mtg/2828/large/mtg_127_r_iko_normal.png,Mythos of Vadrok,127,Rare,Normal,Ikoria: Lair of Behemoths
mtg_139_r_iko_foil,https://card-images.fetchtcg.com/mtg/2828/large/mtg_139_r_iko_foil.png,Unpredictable Cyclone,139,Rare,Foil,Ikoria: Lair of Behemoths
mtg_139_r_iko_normal,https://card-images.fetchtcg.com/mtg/2828/large/mtg_139_r_iko_normal.png,Unpredictable Cyclone,139,Rare,Normal,Ikoria: Lair of Behemoths
mtg_162_r_iko_foil,https://card-images.fetchtcg.com/mtg/2828/large/mtg_162_r_iko_foil.png,"Kogla, the Titan Ape",162,Rare,Foil,Ikoria: Lair of Behemoths
mtg_162_r_iko_normal,https://card-images.fetchtcg.com/mtg/2828/large/mtg_162_r_iko_normal.png,"Kogla, the Titan Ape",162,Rare,Normal,Ikoria: Lair of Behemoths
mtg_163_u_iko_foil,https://card-images.fetchtcg.com/mtg/2828/large/mtg_163_u_iko_foil.png,Lead the Stampede,163,Uncommon,Foil,Ikoria: Lair of Behemoths
mtg_163_u_iko_normal,https://card-images.fetchtcg.com/mtg/2828/large/mtg_163_u_iko_normal.png,Lead the Stampede,163,Uncommon,Normal,Ikoria: Lair of Behemoths
mtg_164_u_iko_foil,https://card-images.fetchtcg.com/mtg/2828/large/mtg_164_u_iko_foil.png,Migration Path,164,Uncommon,Foil,Ikoria: Lair of Behemoths
mtg_164_u_iko_normal,https://card-images.fetchtcg.com/mtg/2828/large/mtg_164_u_iko_normal.png,Migration Path,164,Uncommon,Normal,Ikoria: Lair of Behemoths
mtg_168_r_iko_foil,https://card-images.fetchtcg.com/mtg/2828/large/mtg_168_r_iko_foil.png,Mythos of Brokkos,168,Rare,Foil,Ikoria: Lair of Behemoths
mtg_168_r_iko_normal,https://card-images.fetchtcg.com/mtg/2828/large/mtg_168_r_iko_normal.png,Mythos of Brokkos,168,Rare,Normal,Ikoria: Lair of Behemoths
mtg_170_c_iko_foil,https://card-images.fetchtcg.com/mtg/2828/large/mtg_170_c_iko_foil.png,Ram Through,170,Common,Foil,Ikoria: Lair of Behemoths
mtg_170_c_iko_normal,https://card-images.fetchtcg.com/mtg/2828/large/mtg_170_c_iko_normal.png,Ram Through,170,Common,Normal,Ikoria: Lair of Behemoths
mtg_179_m_iko_foil,https://card-images.fetchtcg.com/mtg/2828/large/mtg_179_m_iko_foil.png,"Brokkos, Apex of Forever",179,Mythic,Foil,Ikoria: Lair of Behemoths
mtg_179_m_iko_normal,https://card-images.fetchtcg.com/mtg/2828/large/mtg_179_m_iko_normal.png,"Brokkos, Apex of Forever",179,Mythic,Normal,Ikoria: Lair of Behemoths
mtg_182_r_iko_foil,https://card-images.fetchtcg.com/mtg/2828/large/mtg_182_r_iko_foil.png,Death's Oasis,182,Rare,Foil,Ikoria: Lair of Behemoths
mtg_182_r_iko_normal,https://card-images.fetchtcg.com/mtg/2828/large/mtg_182_r_iko_normal.png,Death's Oasis,182,Rare,Normal,Ikoria: Lair of Behemoths
mtg_184_r_iko_foil,https://card-images.fetchtcg.com/mtg/2828/large/mtg_184_r_iko_foil.png,Eerie Ultimatum,184,Rare,Foil,Ikoria: Lair of Behemoths
mtg_184_r_iko_normal,https://card-images.fetchtcg.com/mtg/2828/large/mtg_184_r_iko_normal.png,Eerie Ultimatum,184,Rare,Normal,Ikoria: Lair of Behemoths
mtg_185_r_iko_foil,https://card-images.fetchtcg.com/mtg/2828/large/mtg_185_r_iko_foil.png,Emergent Ultimatum,185,Rare,Foil,Ikoria: Lair of Behemoths
mtg_185_r_iko_normal,https://card-images.fetchtcg.com/mtg/2828/large/mtg_185_r_iko_normal.png,Emergent Ultimatum,185,Rare,Normal,Ikoria: Lair of Behemoths
mtg_186_r_iko_foil,https://card-images.fetchtcg.com/mtg/2828/large/mtg_186_r_iko_foil.png,Frondland Felidar,186,Rare,Foil,Ikoria: Lair of Behemoths
mtg_186_r_iko_normal,https://card-images.fetchtcg.com/mtg/2828/large/mtg_186_r_iko_normal.png,Frondland Felidar,186,Rare,Normal,Ikoria: Lair of Behemoths
mtg_191_r_iko_foil,https://card-images.fetchtcg.com/mtg/2828/large/mtg_191_r_iko_foil.png,Inspired Ultimatum,191,Rare,Foil,Ikoria: Lair of Behemoths
mtg_191_r_iko_normal,https://card-images.fetchtcg.com/mtg/2828/large/mtg_191_r_iko_normal.png,Inspired Ultimatum,191,Rare,Normal,Ikoria: Lair of Behemoths
mtg_193_r_iko_foil,https://card-images.fetchtcg.com/mtg/2828/large/mtg_193_r_iko_foil.png,Labyrinth Raptor,193,Rare,Foil,Ikoria: Lair of Behemoths
mtg_193_r_iko_normal,https://card-images.fetchtcg.com/mtg/2828/large/mtg_193_r_iko_normal.png,Labyrinth Raptor,193,Rare,Normal,Ikoria: Lair of Behemoths
mtg_201_r_iko_foil,https://card-images.fetchtcg.com/mtg/2828/large/mtg_201_r_iko_foil.png,Quartzwood Crasher,201,Rare,Foil,Ikoria: Lair of Behemoths
mtg_201_r_iko_normal,https://card-images.fetchtcg.com/mtg/2828/large/mtg_201_r_iko_normal.png,Quartzwood Crasher,201,Rare,Normal,Ikoria: Lair of Behemoths
mtg_203_m_iko_foil,https://card-images.fetchtcg.com/mtg/2828/large/mtg_203_m_iko_foil.png,"Rielle, the Everwise",203,Mythic,Foil,Ikoria: Lair of Behemoths
mtg_203_m_iko_normal,https://card-images.fetchtcg.com/mtg/2828/large/mtg_203_m_iko_normal.png,"Rielle, the Everwise",203,Mythic,Normal,Ikoria: Lair of Behemoths
mtg_206_u_iko_foil,https://card-images.fetchtcg.com/mtg/2828/large/mtg_206_u_iko_foil.png,Skull Prophet,206,Uncommon,Foil,Ikoria: Lair of Behemoths
mtg_206_u_iko_normal,https://card-images.fetchtcg.com/mtg/2828/large/mtg_206_u_iko_normal.png,Skull Prophet,206,Uncommon,Normal,Ikoria: Lair of Behemoths
mtg_207_r_iko_foil,https://card-images.fetchtcg.com/mtg/2828/large/mtg_207_r_iko_foil.png,Skycat Sovereign,207,Rare,Foil,Ikoria: Lair of Behemoths
mtg_207_r_iko_normal,https://card-images.fetchtcg.com/mtg/2828/large/mtg_207_r_iko_normal.png,Skycat Sovereign,207,Rare,Normal,Ikoria: Lair of Behemoths
mtg_208_r_iko_foil,https://card-images.fetchtcg.com/mtg/2828/large/mtg_208_r_iko_foil.png,Slitherwisp,208,Rare,Foil,Ikoria: Lair of Behemoths
mtg_208_r_iko_normal,https://card-images.fetchtcg.com/mtg/2828/large/mtg_208_r_iko_normal.png,Slitherwisp,208,Rare,Normal,Ikoria: Lair of Behemoths
mtg_21_m_iko_foil,https://card-images.fetchtcg.com/mtg/2828/large/mtg_21_m_iko_foil.png,Luminous Broodmoth,21,Mythic,Foil,Ikoria: Lair of Behemoths
mtg_21_m_iko_normal,https://card-images.fetchtcg.com/mtg/2828/large/mtg_21_m_iko_normal.png,Luminous Broodmoth,21,Mythic,Normal,Ikoria: Lair of Behemoths
mtg_210_r_iko_foil,https://card-images.fetchtcg.com/mtg/2828/large/mtg_210_r_iko_foil.png,Song of Creation,210,Rare,Foil,Ikoria: Lair of Behemoths
mtg_210_r_iko_normal,https://card-images.fetchtcg.com/mtg/2828/large/mtg_210_r_iko_normal.png,Song of Creation,210,Rare,Normal,Ikoria: Lair of Behemoths
mtg_211_u_iko_foil,https://card-images.fetchtcg.com/mtg/2828/large/mtg_211_u_iko_foil.png,Sprite Dragon,211,Uncommon,Foil,Ikoria: Lair of Behemoths
mtg_211_u_iko_normal,https://card-images.fetchtcg.com/mtg/2828/large/mtg_211_u_iko_normal.png,Sprite Dragon,211,Uncommon,Normal,Ikoria: Lair of Behemoths
mtg_212_r_iko_foil,https://card-images.fetchtcg.com/mtg/2828/large/mtg_212_r_iko_foil.png,Titans' Nest,212,Rare,Foil,Ikoria: Lair of Behemoths
mtg_212_r_iko_normal,https://card-images.fetchtcg.com/mtg/2828/large/mtg_212_r_iko_normal.png,Titans' Nest,212,Rare,Normal,Ikoria: Lair of Behemoths
mtg_214_m_iko_foil,https://card-images.fetchtcg.com/mtg/2828/large/mtg_214_m_iko_foil.png,"Vadrok, Apex of Thunder",214,Mythic,Foil,Ikoria: Lair of Behemoths
mtg_214_m_iko_normal,https://card-images.fetchtcg.com/mtg/2828/large/mtg_214_m_iko_normal.png,"Vadrok, Apex of Thunder",214,Mythic,Normal,Ikoria: Lair of Behemoths
mtg_215_r_iko_foil,https://card-images.fetchtcg.com/mtg/2828/large/mtg_215_r_iko_foil.png,Whirlwind of Thought,215,Rare,Foil,Ikoria: Lair of Behemoths
mtg_215_r_iko_normal,https://card-images.fetchtcg.com/mtg/2828/large/mtg_215_r_iko_normal.png,Whirlwind of Thought,215,Rare,Normal,Ikoria: Lair of Behemoths
mtg_216_m_iko_foil,https://card-images.fetchtcg.com/mtg/2828/large/mtg_216_m_iko_foil.png,"Winota, Joiner of Forces",216,Mythic,Foil,Ikoria: Lair of Behemoths
mtg_216_m_iko_normal,https://card-images.fetchtcg.com/mtg/2828/large/mtg_216_m_iko_normal.png,"Winota, Joiner of Forces",216,Mythic,Normal,Ikoria: Lair of Behemoths
mtg_220_m_iko_foil,https://card-images.fetchtcg.com/mtg/2828/large/mtg_220_m_iko_foil.png,Fiend Artisan,220,Mythic,Foil,Ikoria: Lair of Behemoths
mtg_220_m_iko_normal,https://card-images.fetchtcg.com/mtg/2828/large/mtg_220_m_iko_normal.png,Fiend Artisan,220,Mythic,Normal,Ikoria: Lair of Behemoths
mtg_221_r_iko_foil,https://card-images.fetchtcg.com/mtg/2828/large/mtg_221_r_iko_foil.png,"Gyruda, Doom of Depths",221,Rare,Foil,Ikoria: Lair of Behemoths
mtg_221_r_iko_normal,https://card-images.fetchtcg.com/mtg/2828/large/mtg_221_r_iko_normal.png,"Gyruda, Doom of Depths",221,Rare,Normal,Ikoria: Lair of Behemoths
mtg_224_r_iko_foil,https://card-images.fetchtcg.com/mtg/2828/large/mtg_224_r_iko_foil.png,"Kaheera, the Orphanguard",224,Rare,Foil,Ikoria: Lair of Behemoths
mtg_224_r_iko_normal,https://card-images.fetchtcg.com/mtg/2828/large/mtg_224_r_iko_normal.png,"Kaheera, the Orphanguard",224,Rare,Normal,Ikoria: Lair of Behemoths
mtg_225_r_iko_foil,https://card-images.fetchtcg.com/mtg/2828/large/mtg_225_r_iko_foil.png,"Keruga, the Macrosage",225,Rare,Foil,Ikoria: Lair of Behemoths
mtg_225_r_iko_normal,https://card-images.fetchtcg.com/mtg/2828/large/mtg_225_r_iko_normal.png,"Keruga, the Macrosage",225,Rare,Normal,Ikoria: Lair of Behemoths
mtg_226_r_iko_foil,https://card-images.fetchtcg.com/mtg/2828/large/mtg_226_r_iko_foil.png,Lurrus of the Dream-Den,226,Rare,Foil,Ikoria: Lair of Behemoths
mtg_226_r_iko_normal,https://card-images.fetchtcg.com/mtg/2828/large/mtg_226_r_iko_normal.png,Lurrus of the Dream-Den,226,Rare,Normal,Ikoria: Lair of Behemoths
mtg_227_r_iko_foil,https://card-images.fetchtcg.com/mtg/2828/large/mtg_227_r_iko_foil.png,"Lutri, the Spellchaser",227,Rare,Foil,Ikoria: Lair of Behemoths
mtg_227_r_iko_normal,https://card-images.fetchtcg.com/mtg/2828/large/mtg_227_r_iko_normal.png,"Lutri, the Spellchaser",227,Rare,Normal,Ikoria: Lair of Behemoths
mtg_228_r_iko_foil,https://card-images.fetchtcg.com/mtg/2828/large/mtg_228_r_iko_foil.png,"Obosh, the Preypiercer",228,Rare,Foil,Ikoria: Lair of Behemoths
mtg_228_r_iko_normal,https://card-images.fetchtcg.com/mtg/2828/large/mtg_228_r_iko_normal.png,"Obosh, the Preypiercer",228,Rare,Normal,Ikoria: Lair of Behemoths
mtg_231_r_iko_foil,https://card-images.fetchtcg.com/mtg/2828/large/mtg_231_r_iko_foil.png,"Umori, the Collector",231,Rare,Foil,Ikoria: Lair of Behemoths
mtg_231_r_iko_normal,https://card-images.fetchtcg.com/mtg/2828/large/mtg_231_r_iko_normal.png,"Umori, the Collector",231,Rare,Normal,Ikoria: Lair of Behemoths
mtg_232_r_iko_foil,https://card-images.fetchtcg.com/mtg/2828/large/mtg_232_r_iko_foil.png,"Yorion, Sky Nomad",232,Rare,Foil,Ikoria: Lair of Behemoths
mtg_232_r_iko_normal,https://card-images.fetchtcg.com/mtg/2828/large/mtg_232_r_iko_normal.png,"Yorion, Sky Nomad",232,Rare,Normal,Ikoria: Lair of Behemoths
mtg_234_r_iko_foil,https://card-images.fetchtcg.com/mtg/2828/large/mtg_234_r_iko_foil.png,Crystalline Giant,234,Rare,Foil,Ikoria: Lair of Behemoths
mtg_234_r_iko_normal,https://card-images.fetchtcg.com/mtg/2828/large/mtg_234_r_iko_normal.png,Crystalline Giant,234,Rare,Normal,Ikoria: Lair of Behemoths
mtg_237_r_iko_foil,https://card-images.fetchtcg.com/mtg/2828/large/mtg_237_r_iko_foil.png,The Ozolith,237,Rare,Foil,Ikoria: Lair of Behemoths
mtg_237_r_iko_normal,https://card-images.fetchtcg.com/mtg/2828/large/mtg_237_r_iko_normal.png,The Ozolith,237,Rare,Normal,Ikoria: Lair of Behemoths
mtg_24_r_iko_foil,https://card-images.fetchtcg.com/mtg/2828/large/mtg_24_r_iko_foil.png,Mythos of Snapdax,24,Rare,Foil,Ikoria: Lair of Behemoths
mtg_24_r_iko_normal,https://card-images.fetchtcg.com/mtg/2828/large/mtg_24_r_iko_normal.png,Mythos of Snapdax,24,Rare,Normal,Ikoria: Lair of Behemoths
mtg_248_indatha-triome_r_iko_foil,https://card-images.fetchtcg.com/mtg/2828/large/mtg_248_indatha-triome_r_iko_foil.png,Indatha Triome,248_indatha-triome,Rare,Foil,Ikoria: Lair of Behemoths
mtg_248_indatha-triome_r_iko_normal,https://card-images.fetchtcg.com/mtg/2828/large/mtg_248_indatha-triome_r_iko_normal.png,Indatha Triome,248_indatha-triome,Rare,Normal,Ikoria: Lair of Behemoths
mtg_253_savai-triome_r_iko_foil,https://card-images.fetchtcg.com/mtg/2828/large/mtg_253_savai-triome_r_iko_foil.png,Savai Triome,253_savai-triome,Rare,Foil,Ikoria: Lair of Behemoths
mtg_253_savai-triome_r_iko_normal,https://card-images.fetchtcg.com/mtg/2828/large/mtg_253_savai-triome_r_iko_normal.png,Savai Triome,253_savai-triome,Rare,Normal,Ikoria: Lair of Behemoths
mtg_58_r_iko_foil,https://card-images.fetchtcg.com/mtg/2828/large/mtg_58_r_iko_foil.png,Mythos of Illuna,58,Rare,Foil,Ikoria: Lair of Behemoths
mtg_58_r_iko_normal,https://card-images.fetchtcg.com/mtg/2828/large/mtg_58_r_iko_normal.png,Mythos of Illuna,58,Rare,Normal,Ikoria: Lair of Behemoths
mtg_61_u_iko_foil,https://card-images.fetchtcg.com/mtg/2828/large/mtg_61_u_iko_foil.png,Ominous Seas,61,Uncommon,Foil,Ikoria: Lair of Behemoths
mtg_61_u_iko_normal,https://card-images.fetchtcg.com/mtg/2828/large/mtg_61_u_iko_normal.png,Ominous Seas,61,Uncommon,Normal,Ikoria: Lair of Behemoths
mtg_65_u_iko_foil,https://card-images.fetchtcg.com/mtg/2828/large/mtg_65_u_iko_foil.png,Reconnaissance Mission,65,Uncommon,Foil,Ikoria: Lair of Behemoths
mtg_65_u_iko_normal,https://card-images.fetchtcg.com/mtg/2828/large/mtg_65_u_iko_normal.png,Reconnaissance Mission,65,Uncommon,Normal,Ikoria: Lair of Behemoths
mtg_67_r_iko_foil,https://card-images.fetchtcg.com/mtg/2828/large/mtg_67_r_iko_foil.png,Shark Typhoon,67,Rare,Foil,Ikoria: Lair of Behemoths
mtg_67_r_iko_normal,https://card-images.fetchtcg.com/mtg/2828/large/mtg_67_r_iko_normal.png,Shark Typhoon,67,Rare,Normal,Ikoria: Lair of Behemoths
mtg_7_r_iko_foil,https://card-images.fetchtcg.com/mtg/2828/large/mtg_7_r_iko_foil.png,Cubwarden,7,Rare,Foil,Ikoria: Lair of Behemoths
mtg_7_r_iko_normal,https://card-images.fetchtcg.com/mtg/2828/large/mtg_7_r_iko_normal.png,Cubwarden,7,Rare,Normal,Ikoria: Lair of Behemoths
mtg_70_r_iko_foil,https://card-images.fetchtcg.com/mtg/2828/large/mtg_70_r_iko_foil.png,Voracious Greatshark,70,Rare,Foil,Ikoria: Lair of Behemoths
mtg_70_r_iko_normal,https://card-images.fetchtcg.com/mtg/2828/large/mtg_70_r_iko_normal.png,Voracious Greatshark,70,Rare,Normal,Ikoria: Lair of Behemoths
mtg_73_u_iko_foil,https://card-images.fetchtcg.com/mtg/2828/large/mtg_73_u_iko_foil.png,Bastion of Remembrance,73,Uncommon,Foil,Ikoria: Lair of Behemoths
mtg_73_u_iko_normal,https://card-images.fetchtcg.com/mtg/2828/large/mtg_73_u_iko_normal.png,Bastion of Remembrance,73,Uncommon,Normal,Ikoria: Lair of Behemoths
mtg_88_r_iko_foil,https://card-images.fetchtcg.com/mtg/2828/large/mtg_88_r_iko_foil.png,Extinction Event,88,Rare,Foil,Ikoria: Lair of Behemoths
mtg_88_r_iko_normal,https://card-images.fetchtcg.com/mtg/2828/large/mtg_88_r_iko_normal.png,Extinction Event,88,Rare,Normal,Ikoria: Lair of Behemoths
mtg_92_r_iko_foil,https://card-images.fetchtcg.com/mtg/2828/large/mtg_92_r_iko_foil.png,Hunted Nightmare,92,Rare,Foil,Ikoria: Lair of Behemoths
mtg_92_r_iko_normal,https://card-images.fetchtcg.com/mtg/2828/large/mtg_92_r_iko_normal.png,Hunted Nightmare,92,Rare,Normal,Ikoria: Lair of Behemoths
mtg_97_r_iko_foil,https://card-images.fetchtcg.com/mtg/2828/large/mtg_97_r_iko_foil.png,Mythos of Nethroi,97,Rare,Foil,Ikoria: Lair of Behemoths
mtg_97_r_iko_normal,https://card-images.fetchtcg.com/mtg/2828/large/mtg_97_r_iko_normal.png,Mythos of Nethroi,97,Rare,Normal,Ikoria: Lair of Behemoths
mtg_195_c_isd_foil,https://card-images.fetchtcg.com/mtg/2832/large/mtg_195_c_isd_foil.png,Moonmist,195,Common,Foil,Innistrad
mtg_195_c_isd_normal,https://card-images.fetchtcg.com/mtg/2832/large/mtg_195_c_isd_normal.png,Moonmist,195,Common,Normal,Innistrad
mtg_167_r_inr_foil,https://card-images.fetchtcg.com/mtg/2853/large/mtg_167_r_inr_foil.png,Reforge the Soul,167,Rare,Foil,Innistrad Remastered
mtg_167_r_inr_normal,https://card-images.fetchtcg.com/mtg/2853/large/mtg_167_r_inr_normal.png,Reforge the Soul,167,Rare,Normal,Innistrad Remastered
mtg_100_m_vow_foil,https://card-images.fetchtcg.com/mtg/2833/large/mtg_100_m_vow_foil.png,Cemetery Desecrator,100,Mythic,Foil,Innistrad: Crimson Vow
mtg_100_m_vow_normal,https://card-images.fetchtcg.com/mtg/2833/large/mtg_100_m_vow_normal.png,Cemetery Desecrator,100,Mythic,Normal,Innistrad: Crimson Vow
mtg_140_r_vow_foil,https://card-images.fetchtcg.com/mtg/2833/large/mtg_140_r_vow_foil.png,Alchemist's Gambit,140,Rare,Foil,Innistrad: Crimson Vow
mtg_140_r_vow_normal,https://card-images.fetchtcg.com/mtg/2833/large/mtg_140_r_vow_normal.png,Alchemist's Gambit,140,Rare,Normal,Innistrad: Crimson Vow
mtg_150_r_vow_foil,https://card-images.fetchtcg.com/mtg/2833/large/mtg_150_r_vow_foil.png,Change of Fortune,150,Rare,Foil,Innistrad: Crimson Vow
mtg_150_r_vow_normal,https://card-images.fetchtcg.com/mtg/2833/large/mtg_150_r_vow_normal.png,Change of Fortune,150,Rare,Normal,Innistrad: Crimson Vow
mtg_151_r_vow_foil,https://card-images.fetchtcg.com/mtg/2833/large/mtg_151_r_vow_foil.png,Creepy Puppeteer,151,Rare,Foil,Innistrad: Crimson Vow
mtg_151_r_vow_normal,https://card-images.fetchtcg.com/mtg/2833/large/mtg_151_r_vow_normal.png,Creepy Puppeteer,151,Rare,Normal,Innistrad: Crimson Vow
mtg_154_r_vow_foil,https://card-images.fetchtcg.com/mtg/2833/large/mtg_154_r_vow_foil.png,Dominating Vampire,154,Rare,Foil,Innistrad: Crimson Vow
mtg_154_r_vow_normal,https://card-images.fetchtcg.com/mtg/2833/large/mtg_154_r_vow_normal.png,Dominating Vampire,154,Rare,Normal,Innistrad: Crimson Vow
mtg_155_c_vow_foil,https://card-images.fetchtcg.com/mtg/2833/large/mtg_155_c_vow_foil.png,End the Festivities,155,Common,Foil,Innistrad: Crimson Vow
mtg_155_c_vow_normal,https://card-images.fetchtcg.com/mtg/2833/large/mtg_155_c_vow_normal.png,End the Festivities,155,Common,Normal,Innistrad: Crimson Vow
mtg_170_m_vow_foil,https://card-images.fetchtcg.com/mtg/2833/large/mtg_170_m_vow_foil.png,Manaform Hellkite,170,Mythic,Foil,Innistrad: Crimson Vow
mtg_170_m_vow_normal,https://card-images.fetchtcg.com/mtg/2833/large/mtg_170_m_vow_normal.png,Manaform Hellkite,170,Mythic,Normal,Innistrad: Crimson Vow
mtg_174_c_vow_foil,https://card-images.fetchtcg.com/mtg/2833/large/mtg_174_c_vow_foil.png,Reckless Impulse,174,Common,Foil,Innistrad: Crimson Vow
mtg_174_c_vow_normal,https://card-images.fetchtcg.com/mtg/2833/large/mtg_174_c_vow_normal.png,Reckless Impulse,174,Common,Normal,Innistrad: Crimson Vow
mtg_186_r_vow_foil,https://card-images.fetchtcg.com/mtg/2833/large/mtg_186_r_vow_foil.png,Ascendant Packleader,186,Rare,Foil,Innistrad: Crimson Vow
mtg_186_r_vow_normal,https://card-images.fetchtcg.com/mtg/2833/large/mtg_186_r_vow_normal.png,Ascendant Packleader,186,Rare,Normal,Innistrad: Crimson Vow
mtg_20_r_vow_foil,https://card-images.fetchtcg.com/mtg/2833/large/mtg_20_r_vow_foil.png,Hopeful Initiate,20,Rare,Foil,Innistrad: Crimson Vow
mtg_20_r_vow_normal,https://card-images.fetchtcg.com/mtg/2833/large/mtg_20_r_vow_normal.png,Hopeful Initiate,20,Rare,Normal,Innistrad: Crimson Vow
mtg_201_r_vow_foil,https://card-images.fetchtcg.com/mtg/2833/large/mtg_201_r_vow_foil.png,Hamlet Vanguard,201,Rare,Foil,Innistrad: Crimson Vow
mtg_201_r_vow_normal,https://card-images.fetchtcg.com/mtg/2833/large/mtg_201_r_vow_normal.png,Hamlet Vanguard,201,Rare,Normal,Innistrad: Crimson Vow
mtg_202_r_vow_foil,https://card-images.fetchtcg.com/mtg/2833/large/mtg_202_r_vow_foil.png,Hiveheart Shaman,202,Rare,Foil,Innistrad: Crimson Vow
mtg_202_r_vow_normal,https://card-images.fetchtcg.com/mtg/2833/large/mtg_202_r_vow_normal.png,Hiveheart Shaman,202,Rare,Normal,Innistrad: Crimson Vow
mtg_221_r_vow_foil,https://card-images.fetchtcg.com/mtg/2833/large/mtg_221_r_vow_foil.png,Splendid Reclamation,221,Rare,Foil,Innistrad: Crimson Vow
mtg_221_r_vow_normal,https://card-images.fetchtcg.com/mtg/2833/large/mtg_221_r_vow_normal.png,Splendid Reclamation,221,Rare,Normal,Innistrad: Crimson Vow
mtg_23_r_vow_foil,https://card-images.fetchtcg.com/mtg/2833/large/mtg_23_r_vow_foil.png,Lantern Flare,23,Rare,Foil,Innistrad: Crimson Vow
mtg_23_r_vow_normal,https://card-images.fetchtcg.com/mtg/2833/large/mtg_23_r_vow_normal.png,Lantern Flare,23,Rare,Normal,Innistrad: Crimson Vow
mtg_237_r_vow_foil,https://card-images.fetchtcg.com/mtg/2833/large/mtg_237_r_vow_foil.png,"Eruth, Tormented Prophet",237,Rare,Foil,Innistrad: Crimson Vow
mtg_237_r_vow_normal,https://card-images.fetchtcg.com/mtg/2833/large/mtg_237_r_vow_normal.png,"Eruth, Tormented Prophet",237,Rare,Normal,Innistrad: Crimson Vow
mtg_239_r_vow_foil,https://card-images.fetchtcg.com/mtg/2833/large/mtg_239_r_vow_foil.png,"Halana and Alena, Partners",239,Rare,Foil,Innistrad: Crimson Vow
mtg_239_r_vow_normal,https://card-images.fetchtcg.com/mtg/2833/large/mtg_239_r_vow_normal.png,"Halana and Alena, Partners",239,Rare,Normal,Innistrad: Crimson Vow
mtg_245_m_vow_foil,https://card-images.fetchtcg.com/mtg/2833/large/mtg_245_m_vow_foil.png,"Olivia, Crimson Bride",245,Mythic,Foil,Innistrad: Crimson Vow
mtg_245_m_vow_normal,https://card-images.fetchtcg.com/mtg/2833/large/mtg_245_m_vow_normal.png,"Olivia, Crimson Bride",245,Mythic,Normal,Innistrad: Crimson Vow
mtg_255_r_vow_foil,https://card-images.fetchtcg.com/mtg/2833/large/mtg_255_r_vow_foil.png,Dollhouse of Horrors,255,Rare,Foil,Innistrad: Crimson Vow
mtg_255_r_vow_normal,https://card-images.fetchtcg.com/mtg/2833/large/mtg_255_r_vow_normal.png,Dollhouse of Horrors,255,Rare,Normal,Innistrad: Crimson Vow
mtg_261_deathcap-glade_r_vow_foil,https://card-images.fetchtcg.com/mtg/2833/large/mtg_261_deathcap-glade_r_vow_foil.png,Deathcap Glade,261_deathcap-glade,Rare,Foil,Innistrad: Crimson Vow
mtg_261_deathcap-glade_r_vow_normal,https://card-images.fetchtcg.com/mtg/2833/large/mtg_261_deathcap-glade_r_vow_normal.png,Deathcap Glade,261_deathcap-glade,Rare,Normal,Innistrad: Crimson Vow
mtg_262_dreamroot-cascade_r_vow_foil,https://card-images.fetchtcg.com/mtg/2833/large/mtg_262_dreamroot-cascade_r_vow_foil.png,Dreamroot Cascade,262_dreamroot-cascade,Rare,Foil,Innistrad: Crimson Vow
mtg_262_dreamroot-cascade_r_vow_normal,https://card-images.fetchtcg.com/mtg/2833/large/mtg_262_dreamroot-cascade_r_vow_normal.png,Dreamroot Cascade,262_dreamroot-cascade,Rare,Normal,Innistrad: Crimson Vow
mtg_264_shattered-sanctum_r_vow_foil,https://card-images.fetchtcg.com/mtg/2833/large/mtg_264_shattered-sanctum_r_vow_foil.png,Shattered Sanctum,264_shattered-sanctum,Rare,Foil,Innistrad: Crimson Vow
mtg_264_shattered-sanctum_r_vow_normal,https://card-images.fetchtcg.com/mtg/2833/large/mtg_264_shattered-sanctum_r_vow_normal.png,Shattered Sanctum,264_shattered-sanctum,Rare,Normal,Innistrad: Crimson Vow
mtg_267_voldaren-estate_r_vow_foil,https://card-images.fetchtcg.com/mtg/2833/large/mtg_267_voldaren-estate_r_vow_foil.png,Voldaren Estate,267_voldaren-estate,Rare,Foil,Innistrad: Crimson Vow
mtg_267_voldaren-estate_r_vow_normal,https://card-images.fetchtcg.com/mtg/2833/large/mtg_267_voldaren-estate_r_vow_normal.png,Voldaren Estate,267_voldaren-estate,Rare,Normal,Innistrad: Crimson Vow
mtg_36_r_vow_foil,https://card-images.fetchtcg.com/mtg/2833/large/mtg_36_r_vow_foil.png,Sigarda's Summons,36,Rare,Foil,Innistrad: Crimson Vow
mtg_36_r_vow_normal,https://card-images.fetchtcg.com/mtg/2833/large/mtg_36_r_vow_normal.png,Sigarda's Summons,36,Rare,Normal,Innistrad: Crimson Vow
mtg_61_r_vow_foil,https://card-images.fetchtcg.com/mtg/2833/large/mtg_61_r_vow_foil.png,"Geralf, Visionary Stitcher",61,Rare,Foil,Innistrad: Crimson Vow
mtg_61_r_vow_normal,https://card-images.fetchtcg.com/mtg/2833/large/mtg_61_r_vow_normal.png,"Geralf, Visionary Stitcher",61,Rare,Normal,Innistrad: Crimson Vow
mtg_71_r_vow_foil,https://card-images.fetchtcg.com/mtg/2833/large/mtg_71_r_vow_foil.png,Overcharged Amalgam,71,Rare,Foil,Innistrad: Crimson Vow
mtg_71_r_vow_normal,https://card-images.fetchtcg.com/mtg/2833/large/mtg_71_r_vow_normal.png,Overcharged Amalgam,71,Rare,Normal,Innistrad: Crimson Vow
mtg_98_r_vow_foil,https://card-images.fetchtcg.com/mtg/2833/large/mtg_98_r_vow_foil.png,Bloodvial Purveyor,98,Rare,Foil,Innistrad: Crimson Vow
mtg_98_r_vow_normal,https://card-images.fetchtcg.com/mtg/2833/large/mtg_98_r_vow_normal.png,Bloodvial Purveyor,98,Rare,Normal,Innistrad: Crimson Vow
mtg_206_r_dbl_foil,https://card-images.fetchtcg.com/mtg/2841/large/mtg_206_r_dbl_foil.png,Unnatural Growth,206,Rare,Foil,Innistrad: Double Feature
mtg_206_r_dbl_normal,https://card-images.fetchtcg.com/mtg/2841/large/mtg_206_r_dbl_normal.png,Unnatural Growth,206,Rare,Normal,Innistrad: Double Feature
mtg_37_r_dbl_foil,https://card-images.fetchtcg.com/mtg/2841/large/mtg_37_r_dbl_foil.png,Sungold Sentinel,37,Rare,Foil,Innistrad: Double Feature
mtg_37_r_dbl_normal,https://card-images.fetchtcg.com/mtg/2841/large/mtg_37_r_dbl_normal.png,Sungold Sentinel,37,Rare,Normal,Innistrad: Double Feature
mtg_206_r_mid_foil,https://card-images.fetchtcg.com/mtg/2843/large/mtg_206_r_mid_foil.png,Unnatural Growth,206,Rare,Foil,Innistrad: Midnight Hunt
mtg_206_r_mid_normal,https://card-images.fetchtcg.com/mtg/2843/large/mtg_206_r_mid_normal.png,Unnatural Growth,206,Rare,Normal,Innistrad: Midnight Hunt
mtg_37_r_mid_foil,https://card-images.fetchtcg.com/mtg/2843/large/mtg_37_r_mid_foil.png,Sungold Sentinel,37,Rare,Foil,Innistrad: Midnight Hunt
mtg_37_r_mid_normal,https://card-images.fetchtcg.com/mtg/2843/large/mtg_37_r_mid_normal.png,Sungold Sentinel,37,Rare,Normal,Innistrad: Midnight Hunt
mtg_114_r_mic_normal,https://card-images.fetchtcg.com/mtg/2845/large/mtg_114_r_mic_normal.png,Dreadhorde Invasion,114,Rare,Normal,Innistrad: Midnight Hunt Commander
mtg_23_r_mic_normal,https://card-images.fetchtcg.com/mtg/2845/large/mtg_23_r_mic_normal.png,Tomb Tyrant,23,Rare,Normal,Innistrad: Midnight Hunt Commander
mtg_153_u_xln_foil,https://card-images.fetchtcg.com/mtg/2861/large/mtg_153_u_xln_foil.png,Otepec Huntmaster,153,Uncommon,Foil,Ixalan
mtg_153_u_xln_normal,https://card-images.fetchtcg.com/mtg/2861/large/mtg_153_u_xln_normal.png,Otepec Huntmaster,153,Uncommon,Normal,Ixalan
mtg_150_m_jou_foil,https://card-images.fetchtcg.com/mtg/2869/large/mtg_150_m_jou_foil.png,"Iroas, God of Victory",150,Mythic,Foil,Journey into Nyx
mtg_150_m_jou_normal,https://card-images.fetchtcg.com/mtg/2869/large/mtg_150_m_jou_normal.png,"Iroas, God of Victory",150,Mythic,Normal,Journey into Nyx
mtg_139_r_jud_foil,https://card-images.fetchtcg.com/mtg/2901/large/mtg_139_r_jud_foil.png,Mirari's Wake,139,Rare,Foil,Judgment
mtg_139_r_jud_normal,https://card-images.fetchtcg.com/mtg/2901/large/mtg_139_r_jud_normal.png,Mirari's Wake,139,Rare,Normal,Judgment
mtg_163_m_kld_foil,https://card-images.fetchtcg.com/mtg/2912/large/mtg_163_m_kld_foil.png,"Nissa, Vital Force",163,Mythic,Foil,Kaladesh
mtg_163_m_kld_normal,https://card-images.fetchtcg.com/mtg/2912/large/mtg_163_m_kld_normal.png,"Nissa, Vital Force",163,Mythic,Normal,Kaladesh
mtg_178_r_kld_foil,https://card-images.fetchtcg.com/mtg/2912/large/mtg_178_r_kld_foil.png,"Depala, Pilot Exemplar",178,Rare,Foil,Kaladesh
mtg_178_r_kld_normal,https://card-images.fetchtcg.com/mtg/2912/large/mtg_178_r_kld_normal.png,"Depala, Pilot Exemplar",178,Rare,Normal,Kaladesh
mtg_192_r_kld_foil,https://card-images.fetchtcg.com/mtg/2912/large/mtg_192_r_kld_foil.png,Aetherflux Reservoir,192,Rare,Foil,Kaladesh
mtg_192_r_kld_normal,https://card-images.fetchtcg.com/mtg/2912/large/mtg_192_r_kld_normal.png,Aetherflux Reservoir,192,Rare,Normal,Kaladesh
mtg_204_r_kld_foil,https://card-images.fetchtcg.com/mtg/2912/large/mtg_204_r_kld_foil.png,Deadlock Trap,204,Rare,Foil,Kaladesh
mtg_204_r_kld_normal,https://card-images.fetchtcg.com/mtg/2912/large/mtg_204_r_kld_normal.png,Deadlock Trap,204,Rare,Normal,Kaladesh
mtg_108_u_pkhm_foil,https://card-images.fetchtcg.com/mtg/2917/large/mtg_108_u_pkhm_foil.png,Rune of Mortality,108,Uncommon,Foil,Kaldheim
mtg_108_u_pkhm_normal,https://card-images.fetchtcg.com/mtg/2917/large/mtg_108_u_pkhm_normal.png,Rune of Mortality,108,Uncommon,Normal,Kaldheim
mtg_109_r_pkhm_foil,https://card-images.fetchtcg.com/mtg/2917/large/mtg_109_r_pkhm_foil.png,Skemfar Avenger,109,Rare,Foil,Kaldheim
mtg_109_r_pkhm_normal,https://card-images.fetchtcg.com/mtg/2917/large/mtg_109_r_pkhm_normal.png,Skemfar Avenger,109,Rare,Normal,Kaldheim
mtg_110_u_pkhm_foil,https://card-images.fetchtcg.com/mtg/2917/large/mtg_110_u_pkhm_foil.png,Skemfar Shadowsage,110,Uncommon,Foil,Kaldheim
mtg_110_u_pkhm_normal,https://card-images.fetchtcg.com/mtg/2917/large/mtg_110_u_pkhm_normal.png,Skemfar Shadowsage,110,Uncommon,Normal,Kaldheim
mtg_115_r_pkhm_foil,https://card-images.fetchtcg.com/mtg/2917/large/mtg_115_r_pkhm_foil.png,"Varragoth, Bloodsky Sire",115,Rare,Foil,Kaldheim
mtg_115_r_pkhm_normal,https://card-images.fetchtcg.com/mtg/2917/large/mtg_115_r_pkhm_normal.png,"Varragoth, Bloodsky Sire",115,Rare,Normal,Kaldheim
mtg_117_c_pkhm_foil,https://card-images.fetchtcg.com/mtg/2917/large/mtg_117_c_pkhm_foil.png,Village Rites,117,Common,Foil,Kaldheim
mtg_117_c_pkhm_normal,https://card-images.fetchtcg.com/mtg/2917/large/mtg_117_c_pkhm_normal.png,Village Rites,117,Common,Normal,Kaldheim
mtg_12_r_pkhm_foil,https://card-images.fetchtcg.com/mtg/2917/large/mtg_12_r_pkhm_foil.png,Glorious Protector,12,Rare,Foil,Kaldheim
mtg_12_r_pkhm_normal,https://card-images.fetchtcg.com/mtg/2917/large/mtg_12_r_pkhm_normal.png,Glorious Protector,12,Rare,Normal,Kaldheim
mtg_120_r_pkhm_foil,https://card-images.fetchtcg.com/mtg/2917/large/mtg_120_r_pkhm_foil.png,Arni Brokenbrow,120,Rare,Foil,Kaldheim
mtg_120_r_pkhm_normal,https://card-images.fetchtcg.com/mtg/2917/large/mtg_120_r_pkhm_normal.png,Arni Brokenbrow,120,Rare,Normal,Kaldheim
mtg_125_r_pkhm_foil,https://card-images.fetchtcg.com/mtg/2917/large/mtg_125_r_pkhm_foil.png,Calamity Bearer,125,Rare,Foil,Kaldheim
mtg_125_r_pkhm_normal,https://card-images.fetchtcg.com/mtg/2917/large/mtg_125_r_pkhm_normal.png,Calamity Bearer,125,Rare,Normal,Kaldheim
mtg_131_r_pkhm_foil,https://card-images.fetchtcg.com/mtg/2917/large/mtg_131_r_pkhm_foil.png,Dragonkin Berserker,131,Rare,Foil,Kaldheim
mtg_131_r_pkhm_normal,https://card-images.fetchtcg.com/mtg/2917/large/mtg_131_r_pkhm_normal.png,Dragonkin Berserker,131,Rare,Normal,Kaldheim
mtg_139_m_pkhm_foil,https://card-images.fetchtcg.com/mtg/2917/large/mtg_139_m_pkhm_foil.png,Goldspan Dragon,139,Mythic,Foil,Kaldheim
mtg_139_m_pkhm_normal,https://card-images.fetchtcg.com/mtg/2917/large/mtg_139_m_pkhm_normal.png,Goldspan Dragon,139,Mythic,Normal,Kaldheim
mtg_142_r_pkhm_foil,https://card-images.fetchtcg.com/mtg/2917/large/mtg_142_r_pkhm_foil.png,"Magda, Brazen Outlaw",142,Rare,Foil,Kaldheim
mtg_142_r_pkhm_normal,https://card-images.fetchtcg.com/mtg/2917/large/mtg_142_r_pkhm_normal.png,"Magda, Brazen Outlaw",142,Rare,Normal,Kaldheim
mtg_146_r_pkhm_foil,https://card-images.fetchtcg.com/mtg/2917/large/mtg_146_r_pkhm_foil.png,Reckless Crew,146,Rare,Foil,Kaldheim
mtg_146_r_pkhm_normal,https://card-images.fetchtcg.com/mtg/2917/large/mtg_146_r_pkhm_normal.png,Reckless Crew,146,Rare,Normal,Kaldheim
mtg_149_c_pkhm_foil,https://card-images.fetchtcg.com/mtg/2917/large/mtg_149_c_pkhm_foil.png,Seize the Spoils,149,Common,Foil,Kaldheim
mtg_149_c_pkhm_normal,https://card-images.fetchtcg.com/mtg/2917/large/mtg_149_c_pkhm_normal.png,Seize the Spoils,149,Common,Normal,Kaldheim
mtg_153_r_pkhm_foil,https://card-images.fetchtcg.com/mtg/2917/large/mtg_153_r_pkhm_foil.png,Tibalt's Trickery,153,Rare,Foil,Kaldheim
mtg_153_r_pkhm_normal,https://card-images.fetchtcg.com/mtg/2917/large/mtg_153_r_pkhm_normal.png,Tibalt's Trickery,153,Rare,Normal,Kaldheim
mtg_156_r_pkhm_foil,https://card-images.fetchtcg.com/mtg/2917/large/mtg_156_r_pkhm_foil.png,Tundra Fumarole,156,Rare,Foil,Kaldheim
mtg_156_r_pkhm_normal,https://card-images.fetchtcg.com/mtg/2917/large/mtg_156_r_pkhm_normal.png,Tundra Fumarole,156,Rare,Normal,Kaldheim
mtg_160_m_pkhm_foil,https://card-images.fetchtcg.com/mtg/2917/large/mtg_160_m_pkhm_foil.png,Battle Mammoth,160,Mythic,Foil,Kaldheim
mtg_160_m_pkhm_normal,https://card-images.fetchtcg.com/mtg/2917/large/mtg_160_m_pkhm_normal.png,Battle Mammoth,160,Mythic,Normal,Kaldheim
mtg_161_r_pkhm_foil,https://card-images.fetchtcg.com/mtg/2917/large/mtg_161_r_pkhm_foil.png,Blessing of Frost,161,Rare,Foil,Kaldheim
mtg_161_r_pkhm_normal,https://card-images.fetchtcg.com/mtg/2917/large/mtg_161_r_pkhm_normal.png,Blessing of Frost,161,Rare,Normal,Kaldheim
mtg_167_r_pkhm_foil,https://card-images.fetchtcg.com/mtg/2917/large/mtg_167_r_pkhm_foil.png,Elvish Warmaster,167,Rare,Foil,Kaldheim
mtg_167_r_pkhm_normal,https://card-images.fetchtcg.com/mtg/2917/large/mtg_167_r_pkhm_normal.png,Elvish Warmaster,167,Rare,Normal,Kaldheim
mtg_169_r_pkhm_foil,https://card-images.fetchtcg.com/mtg/2917/large/mtg_169_r_pkhm_foil.png,Esika's Chariot,169,Rare,Foil,Kaldheim
mtg_169_r_pkhm_normal,https://card-images.fetchtcg.com/mtg/2917/large/mtg_169_r_pkhm_normal.png,Esika's Chariot,169,Rare,Normal,Kaldheim
mtg_177_r_pkhm_foil,https://card-images.fetchtcg.com/mtg/2917/large/mtg_177_r_pkhm_foil.png,In Search of Greatness,177,Rare,Foil,Kaldheim
mtg_177_r_pkhm_normal,https://card-images.fetchtcg.com/mtg/2917/large/mtg_177_r_pkhm_normal.png,In Search of Greatness,177,Rare,Normal,Kaldheim
mtg_184_c_pkhm_foil,https://card-images.fetchtcg.com/mtg/2917/large/mtg_184_c_pkhm_foil.png,Masked Vandal,184,Common,Foil,Kaldheim
mtg_184_c_pkhm_normal,https://card-images.fetchtcg.com/mtg/2917/large/mtg_184_c_pkhm_normal.png,Masked Vandal,184,Common,Normal,Kaldheim
mtg_185_r_pkhm_foil,https://card-images.fetchtcg.com/mtg/2917/large/mtg_185_r_pkhm_foil.png,Old-Growth Troll,185,Rare,Foil,Kaldheim
mtg_185_r_pkhm_normal,https://card-images.fetchtcg.com/mtg/2917/large/mtg_185_r_pkhm_normal.png,Old-Growth Troll,185,Rare,Normal,Kaldheim
mtg_188_r_pkhm_foil,https://card-images.fetchtcg.com/mtg/2917/large/mtg_188_r_pkhm_foil.png,Realmwalker,188,Rare,Foil,Kaldheim
mtg_188_r_pkhm_normal,https://card-images.fetchtcg.com/mtg/2917/large/mtg_188_r_pkhm_normal.png,Realmwalker,188,Rare,Normal,Kaldheim
mtg_197_r_pkhm_foil,https://card-images.fetchtcg.com/mtg/2917/large/mtg_197_r_pkhm_foil.png,"Toski, Bearer of Secrets",197,Rare,Foil,Kaldheim
mtg_197_r_pkhm_normal,https://card-images.fetchtcg.com/mtg/2917/large/mtg_197_r_pkhm_normal.png,"Toski, Bearer of Secrets",197,Rare,Normal,Kaldheim
mtg_198_m_pkhm_foil,https://card-images.fetchtcg.com/mtg/2917/large/mtg_198_m_pkhm_foil.png,Tyvar Kell,198,Mythic,Foil,Kaldheim
mtg_198_m_pkhm_normal,https://card-images.fetchtcg.com/mtg/2917/large/mtg_198_m_pkhm_normal.png,Tyvar Kell,198,Mythic,Normal,Kaldheim
mtg_199_m_pkhm_foil,https://card-images.fetchtcg.com/mtg/2917/large/mtg_199_m_pkhm_foil.png,"Vorinclex, Monstrous Raider",199,Mythic,Foil,Kaldheim
mtg_199_m_pkhm_normal,https://card-images.fetchtcg.com/mtg/2917/large/mtg_199_m_pkhm_normal.png,"Vorinclex, Monstrous Raider",199,Mythic,Normal,Kaldheim
mtg_20_r_pkhm_foil,https://card-images.fetchtcg.com/mtg/2917/large/mtg_20_r_pkhm_foil.png,Rally the Ranks,20,Rare,Foil,Kaldheim
mtg_20_r_pkhm_normal,https://card-images.fetchtcg.com/mtg/2917/large/mtg_20_r_pkhm_normal.png,Rally the Ranks,20,Rare,Normal,Kaldheim
mtg_203_r_pkhm_foil,https://card-images.fetchtcg.com/mtg/2917/large/mtg_203_r_pkhm_foil.png,Battle for Bretagard,203,Rare,Foil,Kaldheim
mtg_203_r_pkhm_normal,https://card-images.fetchtcg.com/mtg/2917/large/mtg_203_r_pkhm_normal.png,Battle for Bretagard,203,Rare,Normal,Kaldheim
mtg_204_r_pkhm_foil,https://card-images.fetchtcg.com/mtg/2917/large/mtg_204_r_pkhm_foil.png,Battle of Frost and Fire,204,Rare,Foil,Kaldheim
mtg_204_r_pkhm_normal,https://card-images.fetchtcg.com/mtg/2917/large/mtg_204_r_pkhm_normal.png,Battle of Frost and Fire,204,Rare,Normal,Kaldheim
mtg_205_r_pkhm_foil,https://card-images.fetchtcg.com/mtg/2917/large/mtg_205_r_pkhm_foil.png,The Bears of Littjara,205,Rare,Foil,Kaldheim
mtg_205_r_pkhm_normal,https://card-images.fetchtcg.com/mtg/2917/large/mtg_205_r_pkhm_normal.png,The Bears of Littjara,205,Rare,Normal,Kaldheim
mtg_207_r_pkhm_foil,https://card-images.fetchtcg.com/mtg/2917/large/mtg_207_r_pkhm_foil.png,The Bloodsky Massacre,207,Rare,Foil,Kaldheim
mtg_207_r_pkhm_normal,https://card-images.fetchtcg.com/mtg/2917/large/mtg_207_r_pkhm_normal.png,The Bloodsky Massacre,207,Rare,Normal,Kaldheim
mtg_210_r_pkhm_foil,https://card-images.fetchtcg.com/mtg/2917/large/mtg_210_r_pkhm_foil.png,Firja's Retribution,210,Rare,Foil,Kaldheim
mtg_210_r_pkhm_normal,https://card-images.fetchtcg.com/mtg/2917/large/mtg_210_r_pkhm_normal.png,Firja's Retribution,210,Rare,Normal,Kaldheim
mtg_213_r_pkhm_foil,https://card-images.fetchtcg.com/mtg/2917/large/mtg_213_r_pkhm_foil.png,Harald Unites the Elves,213,Rare,Foil,Kaldheim
mtg_213_r_pkhm_normal,https://card-images.fetchtcg.com/mtg/2917/large/mtg_213_r_pkhm_normal.png,Harald Unites the Elves,213,Rare,Normal,Kaldheim
mtg_214_r_pkhm_foil,https://card-images.fetchtcg.com/mtg/2917/large/mtg_214_r_pkhm_foil.png,Immersturm Predator,214,Rare,Foil,Kaldheim
mtg_214_r_pkhm_normal,https://card-images.fetchtcg.com/mtg/2917/large/mtg_214_r_pkhm_normal.png,Immersturm Predator,214,Rare,Normal,Kaldheim
mtg_216_u_pkhm_foil,https://card-images.fetchtcg.com/mtg/2917/large/mtg_216_u_pkhm_foil.png,"Kardur, Doomscourge",216,Uncommon,Foil,Kaldheim
mtg_216_u_pkhm_normal,https://card-images.fetchtcg.com/mtg/2917/large/mtg_216_u_pkhm_normal.png,"Kardur, Doomscourge",216,Uncommon,Normal,Kaldheim
mtg_218_m_pkhm_foil,https://card-images.fetchtcg.com/mtg/2917/large/mtg_218_m_pkhm_foil.png,Kaya the Inexorable,218,Mythic,Foil,Kaldheim
mtg_218_m_pkhm_normal,https://card-images.fetchtcg.com/mtg/2917/large/mtg_218_m_pkhm_normal.png,Kaya the Inexorable,218,Mythic,Normal,Kaldheim
mtg_219_r_pkhm_foil,https://card-images.fetchtcg.com/mtg/2917/large/mtg_219_r_pkhm_foil.png,King Narfi's Betrayal,219,Rare,Foil,Kaldheim
mtg_219_r_pkhm_normal,https://card-images.fetchtcg.com/mtg/2917/large/mtg_219_r_pkhm_normal.png,King Narfi's Betrayal,219,Rare,Normal,Kaldheim
mtg_221_m_pkhm_foil,https://card-images.fetchtcg.com/mtg/2917/large/mtg_221_m_pkhm_foil.png,"Koma, Cosmos Serpent",221,Mythic,Foil,Kaldheim
mtg_221_m_pkhm_normal,https://card-images.fetchtcg.com/mtg/2917/large/mtg_221_m_pkhm_normal.png,"Koma, Cosmos Serpent",221,Mythic,Normal,Kaldheim
mtg_225_m_pkhm_foil,https://card-images.fetchtcg.com/mtg/2917/large/mtg_225_m_pkhm_foil.png,Niko Aris,225,Mythic,Foil,Kaldheim
mtg_225_m_pkhm_normal,https://card-images.fetchtcg.com/mtg/2917/large/mtg_225_m_pkhm_normal.png,Niko Aris,225,Mythic,Normal,Kaldheim
mtg_227_r_pkhm_foil,https://card-images.fetchtcg.com/mtg/2917/large/mtg_227_r_pkhm_foil.png,The Raven's Warning,227,Rare,Foil,Kaldheim
mtg_227_r_pkhm_normal,https://card-images.fetchtcg.com/mtg/2917/large/mtg_227_r_pkhm_normal.png,The Raven's Warning,227,Rare,Normal,Kaldheim
mtg_228_r_pkhm_foil,https://card-images.fetchtcg.com/mtg/2917/large/mtg_228_r_pkhm_foil.png,"Sarulf, Realm Eater",228,Rare,Foil,Kaldheim
mtg_228_r_pkhm_normal,https://card-images.fetchtcg.com/mtg/2917/large/mtg_228_r_pkhm_normal.png,"Sarulf, Realm Eater",228,Rare,Normal,Kaldheim
mtg_229_r_pkhm_foil,https://card-images.fetchtcg.com/mtg/2917/large/mtg_229_r_pkhm_foil.png,Showdown of the Skalds,229,Rare,Foil,Kaldheim
mtg_229_r_pkhm_normal,https://card-images.fetchtcg.com/mtg/2917/large/mtg_229_r_pkhm_normal.png,Showdown of the Skalds,229,Rare,Normal,Kaldheim
mtg_233_u_pkhm_foil,https://card-images.fetchtcg.com/mtg/2917/large/mtg_233_u_pkhm_foil.png,"Vega, the Watcher",233,Uncommon,Foil,Kaldheim
mtg_233_u_pkhm_normal,https://card-images.fetchtcg.com/mtg/2917/large/mtg_233_u_pkhm_normal.png,"Vega, the Watcher",233,Uncommon,Normal,Kaldheim
mtg_234_r_pkhm_foil,https://card-images.fetchtcg.com/mtg/2917/large/mtg_234_r_pkhm_foil.png,Waking the Trolls,234,Rare,Foil,Kaldheim
mtg_234_r_pkhm_normal,https://card-images.fetchtcg.com/mtg/2917/large/mtg_234_r_pkhm_normal.png,Waking the Trolls,234,Rare,Normal,Kaldheim
mtg_235_u_pkhm_foil,https://card-images.fetchtcg.com/mtg/2917/large/mtg_235_u_pkhm_foil.png,Bloodline Pretender,235,Uncommon,Foil,Kaldheim
mtg_235_u_pkhm_normal,https://card-images.fetchtcg.com/mtg/2917/large/mtg_235_u_pkhm_normal.png,Bloodline Pretender,235,Uncommon,Normal,Kaldheim
mtg_237_r_pkhm_foil,https://card-images.fetchtcg.com/mtg/2917/large/mtg_237_r_pkhm_foil.png,Cosmos Elixir,237,Rare,Foil,Kaldheim
mtg_237_r_pkhm_normal,https://card-images.fetchtcg.com/mtg/2917/large/mtg_237_r_pkhm_normal.png,Cosmos Elixir,237,Rare,Normal,Kaldheim
mtg_24_r_pkhm_foil,https://card-images.fetchtcg.com/mtg/2917/large/mtg_24_r_pkhm_foil.png,Righteous Valkyrie,24,Rare,Foil,Kaldheim
mtg_24_r_pkhm_normal,https://card-images.fetchtcg.com/mtg/2917/large/mtg_24_r_pkhm_normal.png,Righteous Valkyrie,24,Rare,Normal,Kaldheim
mtg_240_r_pkhm_foil,https://card-images.fetchtcg.com/mtg/2917/large/mtg_240_r_pkhm_foil.png,Maskwood Nexus,240,Rare,Foil,Kaldheim
mtg_240_r_pkhm_normal,https://card-images.fetchtcg.com/mtg/2917/large/mtg_240_r_pkhm_normal.png,Maskwood Nexus,240,Rare,Normal,Kaldheim
mtg_241_r_pkhm_foil,https://card-images.fetchtcg.com/mtg/2917/large/mtg_241_r_pkhm_foil.png,Pyre of Heroes,241,Rare,Foil,Kaldheim
mtg_241_r_pkhm_normal,https://card-images.fetchtcg.com/mtg/2917/large/mtg_241_r_pkhm_normal.png,Pyre of Heroes,241,Rare,Normal,Kaldheim
mtg_244_u_pkhm_foil,https://card-images.fetchtcg.com/mtg/2917/large/mtg_244_u_pkhm_foil.png,Replicating Ring,244,Uncommon,Foil,Kaldheim
mtg_244_u_pkhm_normal,https://card-images.fetchtcg.com/mtg/2917/large/mtg_244_u_pkhm_normal.png,Replicating Ring,244,Uncommon,Normal,Kaldheim
mtg_248_alpine-meadow_c_pkhm_foil,https://card-images.fetchtcg.com/mtg/2917/large/mtg_248_alpine-meadow_c_pkhm_foil.png,Alpine Meadow,248_alpine-meadow,Common,Foil,Kaldheim
mtg_248_alpine-meadow_c_pkhm_normal,https://card-images.fetchtcg.com/mtg/2917/large/mtg_248_alpine-meadow_c_pkhm_normal.png,Alpine Meadow,248_alpine-meadow,Common,Normal,Kaldheim
mtg_249_arctic-treeline_c_pkhm_foil,https://card-images.fetchtcg.com/mtg/2917/large/mtg_249_arctic-treeline_c_pkhm_foil.png,Arctic Treeline,249_arctic-treeline,Common,Foil,Kaldheim
mtg_249_arctic-treeline_c_pkhm_normal,https://card-images.fetchtcg.com/mtg/2917/large/mtg_249_arctic-treeline_c_pkhm_normal.png,Arctic Treeline,249_arctic-treeline,Common,Normal,Kaldheim
mtg_25_u_pkhm_foil,https://card-images.fetchtcg.com/mtg/2917/large/mtg_25_u_pkhm_foil.png,Rune of Sustenance,25,Uncommon,Foil,Kaldheim
mtg_25_u_pkhm_normal,https://card-images.fetchtcg.com/mtg/2917/large/mtg_25_u_pkhm_normal.png,Rune of Sustenance,25,Uncommon,Normal,Kaldheim
mtg_250_axgard-armory_u_pkhm_foil,https://card-images.fetchtcg.com/mtg/2917/large/mtg_250_axgard-armory_u_pkhm_foil.png,Axgard Armory,250_axgard-armory,Uncommon,Foil,Kaldheim
mtg_250_axgard-armory_u_pkhm_normal,https://card-images.fetchtcg.com/mtg/2917/large/mtg_250_axgard-armory_u_pkhm_normal.png,Axgard Armory,250_axgard-armory,Uncommon,Normal,Kaldheim
mtg_255_faceless-haven_r_pkhm_foil,https://card-images.fetchtcg.com/mtg/2917/large/mtg_255_faceless-haven_r_pkhm_foil.png,Faceless Haven,255_faceless-haven,Rare,Foil,Kaldheim
mtg_255_faceless-haven_r_pkhm_normal,https://card-images.fetchtcg.com/mtg/2917/large/mtg_255_faceless-haven_r_pkhm_normal.png,Faceless Haven,255_faceless-haven,Rare,Normal,Kaldheim
mtg_257_glacial-floodplain_c_pkhm_foil,https://card-images.fetchtcg.com/mtg/2917/large/mtg_257_glacial-floodplain_c_pkhm_foil.png,Glacial Floodplain,257_glacial-floodplain,Common,Foil,Kaldheim
mtg_257_glacial-floodplain_c_pkhm_normal,https://card-images.fetchtcg.com/mtg/2917/large/mtg_257_glacial-floodplain_c_pkhm_normal.png,Glacial Floodplain,257_glacial-floodplain,Common,Normal,Kaldheim
mtg_261_highland-forest_c_pkhm_foil,https://card-images.fetchtcg.com/mtg/2917/large/mtg_261_highland-forest_c_pkhm_foil.png,Highland Forest,261_highland-forest,Common,Foil,Kaldheim
mtg_261_highland-forest_c_pkhm_normal,https://card-images.fetchtcg.com/mtg/2917/large/mtg_261_highland-forest_c_pkhm_normal.png,Highland Forest,261_highland-forest,Common,Normal,Kaldheim
mtg_262_ice-tunnel_c_pkhm_foil,https://card-images.fetchtcg.com/mtg/2917/large/mtg_262_ice-tunnel_c_pkhm_foil.png,Ice Tunnel,262_ice-tunnel,Common,Foil,Kaldheim
mtg_262_ice-tunnel_c_pkhm_normal,https://card-images.fetchtcg.com/mtg/2917/large/mtg_262_ice-tunnel_c_pkhm_normal.png,Ice Tunnel,262_ice-tunnel,Common,Normal,Kaldheim
mtg_266_rimewood-falls_c_pkhm_foil,https://card-images.fetchtcg.com/mtg/2917/large/mtg_266_rimewood-falls_c_pkhm_foil.png,Rimewood Falls,266_rimewood-falls,Common,Foil,Kaldheim
mtg_266_rimewood-falls_c_pkhm_normal,https://card-images.fetchtcg.com/mtg/2917/large/mtg_266_rimewood-falls_c_pkhm_normal.png,Rimewood Falls,266_rimewood-falls,Common,Normal,Kaldheim
mtg_269_snowfield-sinkhole_c_pkhm_foil,https://card-images.fetchtcg.com/mtg/2917/large/mtg_269_snowfield-sinkhole_c_pkhm_foil.png,Snowfield Sinkhole,269_snowfield-sinkhole,Common,Foil,Kaldheim
mtg_269_snowfield-sinkhole_c_pkhm_normal,https://card-images.fetchtcg.com/mtg/2917/large/mtg_269_snowfield-sinkhole_c_pkhm_normal.png,Snowfield Sinkhole,269_snowfield-sinkhole,Common,Normal,Kaldheim
mtg_27_r_pkhm_foil,https://card-images.fetchtcg.com/mtg/2917/large/mtg_27_r_pkhm_foil.png,Search for Glory,27,Rare,Foil,Kaldheim
mtg_27_r_pkhm_normal,https://card-images.fetchtcg.com/mtg/2917/large/mtg_27_r_pkhm_normal.png,Search for Glory,27,Rare,Normal,Kaldheim
mtg_270_sulfurous-mire_c_pkhm_foil,https://card-images.fetchtcg.com/mtg/2917/large/mtg_270_sulfurous-mire_c_pkhm_foil.png,Sulfurous Mire,270_sulfurous-mire,Common,Foil,Kaldheim
mtg_270_sulfurous-mire_c_pkhm_normal,https://card-images.fetchtcg.com/mtg/2917/large/mtg_270_sulfurous-mire_c_pkhm_normal.png,Sulfurous Mire,270_sulfurous-mire,Common,Normal,Kaldheim
mtg_272_tyrite-sanctum_r_pkhm_foil,https://card-images.fetchtcg.com/mtg/2917/large/mtg_272_tyrite-sanctum_r_pkhm_foil.png,Tyrite Sanctum,272_tyrite-sanctum,Rare,Foil,Kaldheim
mtg_272_tyrite-sanctum_r_pkhm_normal,https://card-images.fetchtcg.com/mtg/2917/large/mtg_272_tyrite-sanctum_r_pkhm_normal.png,Tyrite Sanctum,272_tyrite-sanctum,Rare,Normal,Kaldheim
mtg_273_volatile-fjord_c_pkhm_foil,https://card-images.fetchtcg.com/mtg/2917/large/mtg_273_volatile-fjord_c_pkhm_foil.png,Volatile Fjord,273_volatile-fjord,Common,Foil,Kaldheim
mtg_273_volatile-fjord_c_pkhm_normal,https://card-images.fetchtcg.com/mtg/2917/large/mtg_273_volatile-fjord_c_pkhm_normal.png,Volatile Fjord,273_volatile-fjord,Common,Normal,Kaldheim
mtg_274_woodland-chasm_c_pkhm_foil,https://card-images.fetchtcg.com/mtg/2917/large/mtg_274_woodland-chasm_c_pkhm_foil.png,Woodland Chasm,274_woodland-chasm,Common,Foil,Kaldheim
mtg_274_woodland-chasm_c_pkhm_normal,https://card-images.fetchtcg.com/mtg/2917/large/mtg_274_woodland-chasm_c_pkhm_normal.png,Woodland Chasm,274_woodland-chasm,Common,Normal,Kaldheim
mtg_275_the-world-tree_r_pkhm_foil,https://card-images.fetchtcg.com/mtg/2917/large/mtg_275_the-world-tree_r_pkhm_foil.png,The World Tree,275_the-world-tree,Rare,Foil,Kaldheim
mtg_275_the-world-tree_r_pkhm_normal,https://card-images.fetchtcg.com/mtg/2917/large/mtg_275_the-world-tree_r_pkhm_normal.png,The World Tree,275_the-world-tree,Rare,Normal,Kaldheim
mtg_29_r_pkhm_foil,https://card-images.fetchtcg.com/mtg/2917/large/mtg_29_r_pkhm_foil.png,"Sigrid, God-Favored",29,Rare,Foil,Kaldheim
mtg_29_r_pkhm_normal,https://card-images.fetchtcg.com/mtg/2917/large/mtg_29_r_pkhm_normal.png,"Sigrid, God-Favored",29,Rare,Normal,Kaldheim
mtg_33_m_pkhm_foil,https://card-images.fetchtcg.com/mtg/2917/large/mtg_33_m_pkhm_foil.png,Starnheim Unleashed,33,Mythic,Foil,Kaldheim
mtg_33_m_pkhm_normal,https://card-images.fetchtcg.com/mtg/2917/large/mtg_33_m_pkhm_normal.png,Starnheim Unleashed,33,Mythic,Normal,Kaldheim
mtg_374_r_pkhm_normal,https://card-images.fetchtcg.com/mtg/2917/large/mtg_374_r_pkhm_normal.png,Valkyrie Harbinger,374,Rare,Normal,Kaldheim
mtg_375_r_pkhm_normal,https://card-images.fetchtcg.com/mtg/2917/large/mtg_375_r_pkhm_normal.png,Surtland Elementalist,375,Rare,Normal,Kaldheim
mtg_376_r_pkhm_normal,https://card-images.fetchtcg.com/mtg/2917/large/mtg_376_r_pkhm_normal.png,Cleaving Reaper,376,Rare,Normal,Kaldheim
mtg_377_r_pkhm_normal,https://card-images.fetchtcg.com/mtg/2917/large/mtg_377_r_pkhm_normal.png,Surtland Flinger,377,Rare,Normal,Kaldheim
mtg_378_r_pkhm_normal,https://card-images.fetchtcg.com/mtg/2917/large/mtg_378_r_pkhm_normal.png,Canopy Tactician,378,Rare,Normal,Kaldheim
mtg_41_m_pkhm_foil,https://card-images.fetchtcg.com/mtg/2917/large/mtg_41_m_pkhm_foil.png,Alrund's Epiphany,41,Mythic,Foil,Kaldheim
mtg_41_m_pkhm_normal,https://card-images.fetchtcg.com/mtg/2917/large/mtg_41_m_pkhm_normal.png,Alrund's Epiphany,41,Mythic,Normal,Kaldheim
mtg_43_r_pkhm_foil,https://card-images.fetchtcg.com/mtg/2917/large/mtg_43_r_pkhm_foil.png,Ascendant Spirit,43,Rare,Foil,Kaldheim
mtg_43_r_pkhm_normal,https://card-images.fetchtcg.com/mtg/2917/large/mtg_43_r_pkhm_normal.png,Ascendant Spirit,43,Rare,Normal,Kaldheim
mtg_51_r_pkhm_foil,https://card-images.fetchtcg.com/mtg/2917/large/mtg_51_r_pkhm_foil.png,Cosmos Charger,51,Rare,Foil,Kaldheim
mtg_51_r_pkhm_normal,https://card-images.fetchtcg.com/mtg/2917/large/mtg_51_r_pkhm_normal.png,Cosmos Charger,51,Rare,Normal,Kaldheim
mtg_52_r_pkhm_foil,https://card-images.fetchtcg.com/mtg/2917/large/mtg_52_r_pkhm_foil.png,Cyclone Summoner,52,Rare,Foil,Kaldheim
mtg_52_r_pkhm_normal,https://card-images.fetchtcg.com/mtg/2917/large/mtg_52_r_pkhm_normal.png,Cyclone Summoner,52,Rare,Normal,Kaldheim
mtg_61_r_pkhm_foil,https://card-images.fetchtcg.com/mtg/2917/large/mtg_61_r_pkhm_foil.png,Graven Lore,61,Rare,Foil,Kaldheim
mtg_61_r_pkhm_normal,https://card-images.fetchtcg.com/mtg/2917/large/mtg_61_r_pkhm_normal.png,Graven Lore,61,Rare,Normal,Kaldheim
mtg_63_r_pkhm_foil,https://card-images.fetchtcg.com/mtg/2917/large/mtg_63_r_pkhm_foil.png,Icebreaker Kraken,63,Rare,Foil,Kaldheim
mtg_63_r_pkhm_normal,https://card-images.fetchtcg.com/mtg/2917/large/mtg_63_r_pkhm_normal.png,Icebreaker Kraken,63,Rare,Normal,Kaldheim
mtg_69_r_pkhm_foil,https://card-images.fetchtcg.com/mtg/2917/large/mtg_69_r_pkhm_foil.png,Mystic Reflection,69,Rare,Foil,Kaldheim
mtg_69_r_pkhm_normal,https://card-images.fetchtcg.com/mtg/2917/large/mtg_69_r_pkhm_normal.png,Mystic Reflection,69,Rare,Normal,Kaldheim
mtg_72_c_pkhm_foil,https://card-images.fetchtcg.com/mtg/2917/large/mtg_72_c_pkhm_foil.png,Ravenform,72,Common,Foil,Kaldheim
mtg_72_c_pkhm_normal,https://card-images.fetchtcg.com/mtg/2917/large/mtg_72_c_pkhm_normal.png,Ravenform,72,Common,Normal,Kaldheim
mtg_73_r_pkhm_foil,https://card-images.fetchtcg.com/mtg/2917/large/mtg_73_r_pkhm_foil.png,Reflections of Littjara,73,Rare,Foil,Kaldheim
mtg_73_r_pkhm_normal,https://card-images.fetchtcg.com/mtg/2917/large/mtg_73_r_pkhm_normal.png,Reflections of Littjara,73,Rare,Normal,Kaldheim
mtg_79_r_pkhm_foil,https://card-images.fetchtcg.com/mtg/2917/large/mtg_79_r_pkhm_foil.png,Blood on the Snow,79,Rare,Foil,Kaldheim
mtg_79_r_pkhm_normal,https://card-images.fetchtcg.com/mtg/2917/large/mtg_79_r_pkhm_normal.png,Blood on the Snow,79,Rare,Normal,Kaldheim
mtg_81_m_pkhm_foil,https://card-images.fetchtcg.com/mtg/2917/large/mtg_81_m_pkhm_foil.png,Burning-Rune Demon,81,Mythic,Foil,Kaldheim
mtg_81_m_pkhm_normal,https://card-images.fetchtcg.com/mtg/2917/large/mtg_81_m_pkhm_normal.png,Burning-Rune Demon,81,Mythic,Normal,Kaldheim
mtg_82_r_pkhm_foil,https://card-images.fetchtcg.com/mtg/2917/large/mtg_82_r_pkhm_foil.png,Crippling Fear,82,Rare,Foil,Kaldheim
mtg_82_r_pkhm_normal,https://card-images.fetchtcg.com/mtg/2917/large/mtg_82_r_pkhm_normal.png,Crippling Fear,82,Rare,Normal,Kaldheim
mtg_86_r_pkhm_foil,https://card-images.fetchtcg.com/mtg/2917/large/mtg_86_r_pkhm_foil.png,Draugr Necromancer,86,Rare,Foil,Kaldheim
mtg_86_r_pkhm_normal,https://card-images.fetchtcg.com/mtg/2917/large/mtg_86_r_pkhm_normal.png,Draugr Necromancer,86,Rare,Normal,Kaldheim
mtg_9_r_pkhm_foil,https://card-images.fetchtcg.com/mtg/2917/large/mtg_9_r_pkhm_foil.png,Doomskar,9,Rare,Foil,Kaldheim
mtg_9_r_pkhm_normal,https://card-images.fetchtcg.com/mtg/2917/large/mtg_9_r_pkhm_normal.png,Doomskar,9,Rare,Normal,Kaldheim
mtg_90_r_pkhm_foil,https://card-images.fetchtcg.com/mtg/2917/large/mtg_90_r_pkhm_foil.png,Dream Devourer,90,Rare,Foil,Kaldheim
mtg_90_r_pkhm_normal,https://card-images.fetchtcg.com/mtg/2917/large/mtg_90_r_pkhm_normal.png,Dream Devourer,90,Rare,Normal,Kaldheim
mtg_94_m_pkhm_foil,https://card-images.fetchtcg.com/mtg/2917/large/mtg_94_m_pkhm_foil.png,Eradicator Valkyrie,94,Mythic,Foil,Kaldheim
mtg_94_m_pkhm_normal,https://card-images.fetchtcg.com/mtg/2917/large/mtg_94_m_pkhm_normal.png,Eradicator Valkyrie,94,Mythic,Normal,Kaldheim
mtg_98_m_pkhm_foil,https://card-images.fetchtcg.com/mtg/2917/large/mtg_98_m_pkhm_foil.png,Haunting Voyage,98,Mythic,Foil,Kaldheim
mtg_98_m_pkhm_normal,https://card-images.fetchtcg.com/mtg/2917/large/mtg_98_m_pkhm_normal.png,Haunting Voyage,98,Mythic,Normal,Kaldheim
mtg_1_m_khc_foil,https://card-images.fetchtcg.com/mtg/2919/large/mtg_1_m_khc_foil.png,"Lathril, Blade of the Elves",1,Mythic,Foil,Kaldheim Commander
mtg_1_m_khc_normal,https://card-images.fetchtcg.com/mtg/2919/large/mtg_1_m_khc_normal.png,"Lathril, Blade of the Elves",1,Mythic,Normal,Kaldheim Commander
mtg_108_r_ktk_foil,https://card-images.fetchtcg.com/mtg/2933/large/mtg_108_r_ktk_foil.png,Dragon-Style Twins,108,Rare,Foil,Khans of Tarkir
mtg_108_r_ktk_normal,https://card-images.fetchtcg.com/mtg/2933/large/mtg_108_r_ktk_normal.png,Dragon-Style Twins,108,Rare,Normal,Khans of Tarkir
mtg_200_r_ktk_foil,https://card-images.fetchtcg.com/mtg/2933/large/mtg_200_r_ktk_foil.png,Siege Rhino,200,Rare,Foil,Khans of Tarkir
mtg_200_r_ktk_normal,https://card-images.fetchtcg.com/mtg/2933/large/mtg_200_r_ktk_normal.png,Siege Rhino,200,Rare,Normal,Khans of Tarkir
mtg_36_r_lgn_foil,https://card-images.fetchtcg.com/mtg/2945/large/mtg_36_r_lgn_foil.png,Dreamborn Muse,36,Rare,Foil,Legions
mtg_36_r_lgn_normal,https://card-images.fetchtcg.com/mtg/2945/large/mtg_36_r_lgn_normal.png,Dreamborn Muse,36,Rare,Normal,Legions
mtg_le-105_R_standard_foil,https://card-images.fetchtcg.com/mtg/4424/large/mtg_le-105_R_standard_foil.png,"Grub, Storied Matriarch",105,Rare,Foil,Lorwyn Eclipsed
mtg_le-105_R_standard_normal,https://card-images.fetchtcg.com/mtg/4424/large/mtg_le-105_R_standard_normal.png,"Grub, Storied Matriarch",105,Rare,Normal,Lorwyn Eclipsed
mtg_le-110_M_standard_foil,https://card-images.fetchtcg.com/mtg/4424/large/mtg_le-110_M_standard_foil.png,Moonshadow,110,Mythic,Foil,Lorwyn Eclipsed
mtg_le-110_M_standard_normal,https://card-images.fetchtcg.com/mtg/4424/large/mtg_le-110_M_standard_normal.png,Moonshadow,110,Mythic,Normal,Lorwyn Eclipsed
mtg_le-122_R_standard_foil,https://card-images.fetchtcg.com/mtg/4424/large/mtg_le-122_R_standard_foil.png,Twilight Diviner,122,Rare,Foil,Lorwyn Eclipsed
mtg_le-122_R_standard_normal,https://card-images.fetchtcg.com/mtg/4424/large/mtg_le-122_R_standard_normal.png,Twilight Diviner,122,Rare,Normal,Lorwyn Eclipsed
mtg_le-130_R_standard_foil,https://card-images.fetchtcg.com/mtg/4424/large/mtg_le-130_R_standard_foil.png,Champion of the Path,130,Rare,Foil,Lorwyn Eclipsed
mtg_le-130_R_standard_normal,https://card-images.fetchtcg.com/mtg/4424/large/mtg_le-130_R_standard_normal.png,Champion of the Path,130,Rare,Normal,Lorwyn Eclipsed
mtg_le-132_R_standard_foil,https://card-images.fetchtcg.com/mtg/4424/large/mtg_le-132_R_standard_foil.png,Collective Inferno,132,Rare,Foil,Lorwyn Eclipsed
mtg_le-132_R_standard_normal,https://card-images.fetchtcg.com/mtg/4424/large/mtg_le-132_R_standard_normal.png,Collective Inferno,132,Rare,Normal,Lorwyn Eclipsed
mtg_le-143_R_standard_foil,https://card-images.fetchtcg.com/mtg/4424/large/mtg_le-143_R_standard_foil.png,Goliath Daydreamer,143,Rare,Foil,Lorwyn Eclipsed
mtg_le-143_R_standard_normal,https://card-images.fetchtcg.com/mtg/4424/large/mtg_le-143_R_standard_normal.png,Goliath Daydreamer,143,Rare,Normal,Lorwyn Eclipsed
mtg_le-150_R_standard_foil,https://card-images.fetchtcg.com/mtg/4424/large/mtg_le-150_R_standard_foil.png,Lavaleaper,150,Rare,Foil,Lorwyn Eclipsed
mtg_le-150_R_standard_normal,https://card-images.fetchtcg.com/mtg/4424/large/mtg_le-150_R_standard_normal.png,Lavaleaper,150,Rare,Normal,Lorwyn Eclipsed
mtg_le-153_R_standard_foil,https://card-images.fetchtcg.com/mtg/4424/large/mtg_le-153_R_standard_foil.png,Scuzzback Scrounger,153,Rare,Foil,Lorwyn Eclipsed
mtg_le-153_R_standard_normal,https://card-images.fetchtcg.com/mtg/4424/large/mtg_le-153_R_standard_normal.png,Scuzzback Scrounger,153,Rare,Normal,Lorwyn Eclipsed
mtg_le-156_M_standard_foil,https://card-images.fetchtcg.com/mtg/4424/large/mtg_le-156_M_standard_foil.png,Soul Immolation,156,Mythic,Foil,Lorwyn Eclipsed
mtg_le-156_M_standard_normal,https://card-images.fetchtcg.com/mtg/4424/large/mtg_le-156_M_standard_normal.png,Soul Immolation,156,Mythic,Normal,Lorwyn Eclipsed
mtg_le-159_M_standard_foil,https://card-images.fetchtcg.com/mtg/4424/large/mtg_le-159_M_standard_foil.png,Spinerock Tyrant,159,Mythic,Foil,Lorwyn Eclipsed
mtg_le-159_M_standard_normal,https://card-images.fetchtcg.com/mtg/4424/large/mtg_le-159_M_standard_normal.png,Spinerock Tyrant,159,Mythic,Normal,Lorwyn Eclipsed
mtg_le-165_M_standard_foil,https://card-images.fetchtcg.com/mtg/4424/large/mtg_le-165_M_standard_foil.png,Aurora Awakener,165,Mythic,Foil,Lorwyn Eclipsed
mtg_le-165_M_standard_normal,https://card-images.fetchtcg.com/mtg/4424/large/mtg_le-165_M_standard_normal.png,Aurora Awakener,165,Mythic,Normal,Lorwyn Eclipsed
mtg_le-186_R_standard_foil,https://card-images.fetchtcg.com/mtg/4424/large/mtg_le-186_R_standard_foil.png,Mutable Explorer,186,Rare,Foil,Lorwyn Eclipsed
mtg_le-186_R_standard_normal,https://card-images.fetchtcg.com/mtg/4424/large/mtg_le-186_R_standard_normal.png,Mutable Explorer,186,Rare,Normal,Lorwyn Eclipsed
mtg_le-192_R_standard_foil,https://card-images.fetchtcg.com/mtg/4424/large/mtg_le-192_R_standard_foil.png,Sapling Nursery,192,Rare,Foil,Lorwyn Eclipsed
mtg_le-192_R_standard_normal,https://card-images.fetchtcg.com/mtg/4424/large/mtg_le-192_R_standard_normal.png,Sapling Nursery,192,Rare,Normal,Lorwyn Eclipsed
mtg_le-193_R_standard_foil,https://card-images.fetchtcg.com/mtg/4424/large/mtg_le-193_R_standard_foil.png,Selfless Safewright,193,Rare,Foil,Lorwyn Eclipsed
mtg_le-193_R_standard_normal,https://card-images.fetchtcg.com/mtg/4424/large/mtg_le-193_R_standard_normal.png,Selfless Safewright,193,Rare,Normal,Lorwyn Eclipsed
mtg_le-199_R_standard_foil,https://card-images.fetchtcg.com/mtg/4424/large/mtg_le-199_R_standard_foil.png,"Trystan, Callous Cultivator",199,Rare,Foil,Lorwyn Eclipsed
mtg_le-199_R_standard_normal,https://card-images.fetchtcg.com/mtg/4424/large/mtg_le-199_R_standard_normal.png,"Trystan, Callous Cultivator",199,Rare,Normal,Lorwyn Eclipsed
mtg_le-204_R_standard_foil,https://card-images.fetchtcg.com/mtg/4424/large/mtg_le-204_R_standard_foil.png,"Abigale, Eloquent First-Year",204,Rare,Foil,Lorwyn Eclipsed
mtg_le-204_R_standard_normal,https://card-images.fetchtcg.com/mtg/4424/large/mtg_le-204_R_standard_normal.png,"Abigale, Eloquent First-Year",204,Rare,Normal,Lorwyn Eclipsed
mtg_le-205_R_standard_foil,https://card-images.fetchtcg.com/mtg/4424/large/mtg_le-205_R_standard_foil.png,Ashling's Command,205,Rare,Foil,Lorwyn Eclipsed
mtg_le-205_R_standard_normal,https://card-images.fetchtcg.com/mtg/4424/large/mtg_le-205_R_standard_normal.png,Ashling's Command,205,Rare,Normal,Lorwyn Eclipsed
mtg_le-207_R_standard_foil,https://card-images.fetchtcg.com/mtg/4424/large/mtg_le-207_R_standard_foil.png,Bre of Clan Stoutarm,207,Rare,Foil,Lorwyn Eclipsed
mtg_le-207_R_standard_normal,https://card-images.fetchtcg.com/mtg/4424/large/mtg_le-207_R_standard_normal.png,Bre of Clan Stoutarm,207,Rare,Normal,Lorwyn Eclipsed
mtg_le-215_R_standard_foil,https://card-images.fetchtcg.com/mtg/4424/large/mtg_le-215_R_standard_foil.png,"Doran, Besieged by Time",215,Rare,Foil,Lorwyn Eclipsed
mtg_le-215_R_standard_normal,https://card-images.fetchtcg.com/mtg/4424/large/mtg_le-215_R_standard_normal.png,"Doran, Besieged by Time",215,Rare,Normal,Lorwyn Eclipsed
mtg_le-216_R_standard_foil,https://card-images.fetchtcg.com/mtg/4424/large/mtg_le-216_R_standard_foil.png,Dream Harvest,216,Rare,Foil,Lorwyn Eclipsed
mtg_le-216_R_standard_normal,https://card-images.fetchtcg.com/mtg/4424/large/mtg_le-216_R_standard_normal.png,Dream Harvest,216,Rare,Normal,Lorwyn Eclipsed
mtg_le-224_R_standard_foil,https://card-images.fetchtcg.com/mtg/4424/large/mtg_le-224_R_standard_foil.png,Figure of Fable,224,Rare,Foil,Lorwyn Eclipsed
mtg_le-224_R_standard_normal,https://card-images.fetchtcg.com/mtg/4424/large/mtg_le-224_R_standard_normal.png,Figure of Fable,224,Rare,Normal,Lorwyn Eclipsed
mtg_le-228_R_standard_foil,https://card-images.fetchtcg.com/mtg/4424/large/mtg_le-228_R_standard_foil.png,Grub's Command,228,Rare,Foil,Lorwyn Eclipsed
mtg_le-228_R_standard_normal,https://card-images.fetchtcg.com/mtg/4424/large/mtg_le-228_R_standard_normal.png,Grub's Command,228,Rare,Normal,Lorwyn Eclipsed
mtg_le-232_R_standard_foil,https://card-images.fetchtcg.com/mtg/4424/large/mtg_le-232_R_standard_foil.png,"Lluwen, Imperfect Naturalist",232,Rare,Foil,Lorwyn Eclipsed
mtg_le-232_R_standard_normal,https://card-images.fetchtcg.com/mtg/4424/large/mtg_le-232_R_standard_normal.png,"Lluwen, Imperfect Naturalist",232,Rare,Normal,Lorwyn Eclipsed
mtg_le-233_R_standard_foil,https://card-images.fetchtcg.com/mtg/4424/large/mtg_le-233_R_standard_foil.png,"Maralen, Fae Ascendant",233,Rare,Foil,Lorwyn Eclipsed
mtg_le-233_R_standard_normal,https://card-images.fetchtcg.com/mtg/4424/large/mtg_le-233_R_standard_normal.png,"Maralen, Fae Ascendant",233,Rare,Normal,Lorwyn Eclipsed
mtg_le-241_R_standard_foil,https://card-images.fetchtcg.com/mtg/4424/large/mtg_le-241_R_standard_foil.png,"Sanar, Innovative First-Year",241,Rare,Foil,Lorwyn Eclipsed
mtg_le-241_R_standard_normal,https://card-images.fetchtcg.com/mtg/4424/large/mtg_le-241_R_standard_normal.png,"Sanar, Innovative First-Year",241,Rare,Normal,Lorwyn Eclipsed
mtg_le-242_R_standard_foil,https://card-images.fetchtcg.com/mtg/4424/large/mtg_le-242_R_standard_foil.png,Shadow Urchin,242,Rare,Foil,Lorwyn Eclipsed
mtg_le-242_R_standard_normal,https://card-images.fetchtcg.com/mtg/4424/large/mtg_le-242_R_standard_normal.png,Shadow Urchin,242,Rare,Normal,Lorwyn Eclipsed
mtg_le-245_R_standard_foil,https://card-images.fetchtcg.com/mtg/4424/large/mtg_le-245_R_standard_foil.png,"Tam, Mindful First-Year",245,Rare,Foil,Lorwyn Eclipsed
mtg_le-245_R_standard_normal,https://card-images.fetchtcg.com/mtg/4424/large/mtg_le-245_R_standard_normal.png,"Tam, Mindful First-Year",245,Rare,Normal,Lorwyn Eclipsed
mtg_le-252_M_standard_foil,https://card-images.fetchtcg.com/mtg/4424/large/mtg_le-252_M_standard_foil.png,Wistfulness,252,Mythic,Foil,Lorwyn Eclipsed
mtg_le-252_M_standard_normal,https://card-images.fetchtcg.com/mtg/4424/large/mtg_le-252_M_standard_normal.png,Wistfulness,252,Mythic,Normal,Lorwyn Eclipsed
mtg_le-258_R_standard_foil,https://card-images.fetchtcg.com/mtg/4424/large/mtg_le-258_R_standard_foil.png,Mirrormind Crown,258,Rare,Foil,Lorwyn Eclipsed
mtg_le-258_R_standard_normal,https://card-images.fetchtcg.com/mtg/4424/large/mtg_le-258_R_standard_normal.png,Mirrormind Crown,258,Rare,Normal,Lorwyn Eclipsed
mtg_le-32_R_standard_foil,https://card-images.fetchtcg.com/mtg/4424/large/mtg_le-32_R_standard_foil.png,"Rhys, the Evermore",32,Rare,Foil,Lorwyn Eclipsed
mtg_le-32_R_standard_normal,https://card-images.fetchtcg.com/mtg/4424/large/mtg_le-32_R_standard_normal.png,"Rhys, the Evermore",32,Rare,Normal,Lorwyn Eclipsed
mtg_le-35_R_standard_foil,https://card-images.fetchtcg.com/mtg/4424/large/mtg_le-35_R_standard_foil.png,Slumbering Walker,35,Rare,Foil,Lorwyn Eclipsed
mtg_le-35_R_standard_normal,https://card-images.fetchtcg.com/mtg/4424/large/mtg_le-35_R_standard_normal.png,Slumbering Walker,35,Rare,Normal,Lorwyn Eclipsed
mtg_le-43_R_standard_foil,https://card-images.fetchtcg.com/mtg/4424/large/mtg_le-43_R_standard_foil.png,Winnowing,43,Rare,Foil,Lorwyn Eclipsed
mtg_le-43_R_standard_normal,https://card-images.fetchtcg.com/mtg/4424/large/mtg_le-43_R_standard_normal.png,Winnowing,43,Rare,Normal,Lorwyn Eclipsed
mtg_le-47_R_standard_foil,https://card-images.fetchtcg.com/mtg/4424/large/mtg_le-47_R_standard_foil.png,Disruptor of Currents,47,Rare,Foil,Lorwyn Eclipsed
mtg_le-47_R_standard_normal,https://card-images.fetchtcg.com/mtg/4424/large/mtg_le-47_R_standard_normal.png,Disruptor of Currents,47,Rare,Normal,Lorwyn Eclipsed
mtg_le-48_R_standard_foil,https://card-images.fetchtcg.com/mtg/4424/large/mtg_le-48_R_standard_foil.png,Flitterwing Nuisance,48,Rare,Foil,Lorwyn Eclipsed
mtg_le-48_R_standard_normal,https://card-images.fetchtcg.com/mtg/4424/large/mtg_le-48_R_standard_normal.png,Flitterwing Nuisance,48,Rare,Normal,Lorwyn Eclipsed
mtg_le-51_R_standard_foil,https://card-images.fetchtcg.com/mtg/4424/large/mtg_le-51_R_standard_foil.png,Glen Elendra Guardian,51,Rare,Foil,Lorwyn Eclipsed
mtg_le-51_R_standard_normal,https://card-images.fetchtcg.com/mtg/4424/large/mtg_le-51_R_standard_normal.png,Glen Elendra Guardian,51,Rare,Normal,Lorwyn Eclipsed
mtg_le-59_M_standard_foil,https://card-images.fetchtcg.com/mtg/4424/large/mtg_le-59_M_standard_foil.png,Mirrorform,59,Mythic,Foil,Lorwyn Eclipsed
mtg_le-59_M_standard_normal,https://card-images.fetchtcg.com/mtg/4424/large/mtg_le-59_M_standard_normal.png,Mirrorform,59,Mythic,Normal,Lorwyn Eclipsed
mtg_le-74_R_standard_foil,https://card-images.fetchtcg.com/mtg/4424/large/mtg_le-74_R_standard_foil.png,Sunderflock,74,Rare,Foil,Lorwyn Eclipsed
mtg_le-74_R_standard_normal,https://card-images.fetchtcg.com/mtg/4424/large/mtg_le-74_R_standard_normal.png,Sunderflock,74,Rare,Normal,Lorwyn Eclipsed
mtg_le-76_R_standard_foil,https://card-images.fetchtcg.com/mtg/4424/large/mtg_le-76_R_standard_foil.png,"Sygg, Wanderwine Wisdom",76,Rare,Foil,Lorwyn Eclipsed
mtg_le-76_R_standard_normal,https://card-images.fetchtcg.com/mtg/4424/large/mtg_le-76_R_standard_normal.png,"Sygg, Wanderwine Wisdom",76,Rare,Normal,Lorwyn Eclipsed
mtg_le-88_M_standard_foil,https://card-images.fetchtcg.com/mtg/4424/large/mtg_le-88_M_standard_foil.png,Bitterbloom Bearer,88,Mythic,Foil,Lorwyn Eclipsed
mtg_le-88_M_standard_normal,https://card-images.fetchtcg.com/mtg/4424/large/mtg_le-88_M_standard_normal.png,Bitterbloom Bearer,88,Mythic,Normal,Lorwyn Eclipsed
mtg_le-95_R_standard_foil,https://card-images.fetchtcg.com/mtg/4424/large/mtg_le-95_R_standard_foil.png,Champion of the Weird,95,Rare,Foil,Lorwyn Eclipsed
mtg_le-95_R_standard_normal,https://card-images.fetchtcg.com/mtg/4424/large/mtg_le-95_R_standard_normal.png,Champion of the Weird,95,Rare,Normal,Lorwyn Eclipsed
mtg_le-98_R_standard_foil,https://card-images.fetchtcg.com/mtg/4424/large/mtg_le-98_R_standard_foil.png,Dawnhand Dissident,98,Rare,Foil,Lorwyn Eclipsed
mtg_le-98_R_standard_normal,https://card-images.fetchtcg.com/mtg/4424/large/mtg_le-98_R_standard_normal.png,Dawnhand Dissident,98,Rare,Normal,Lorwyn Eclipsed
mtg_173_c_m11_foil,https://card-images.fetchtcg.com/mtg/2959/large/mtg_173_c_m11_foil.png,Fog,173,Common,Foil,Magic 2011
mtg_173_c_m11_normal,https://card-images.fetchtcg.com/mtg/2959/large/mtg_173_c_m11_normal.png,Fog,173,Common,Normal,Magic 2011
mtg_173_c_m12_foil,https://card-images.fetchtcg.com/mtg/2963/large/mtg_173_c_m12_foil.png,Fog,173,Common,Foil,Magic 2012
mtg_173_c_m12_normal,https://card-images.fetchtcg.com/mtg/2963/large/mtg_173_c_m12_normal.png,Fog,173,Common,Normal,Magic 2012
mtg_131_r_m13_foil,https://card-images.fetchtcg.com/mtg/2967/large/mtg_131_r_m13_foil.png,Firewing Phoenix,131,Rare,Foil,Magic 2013
mtg_131_r_m13_normal,https://card-images.fetchtcg.com/mtg/2967/large/mtg_131_r_m13_normal.png,Firewing Phoenix,131,Rare,Normal,Magic 2013
mtg_172_r_m15_foil,https://card-images.fetchtcg.com/mtg/2975/large/mtg_172_r_m15_foil.png,Chord of Calling,172,Rare,Foil,Magic 2015
mtg_172_r_m15_normal,https://card-images.fetchtcg.com/mtg/2975/large/mtg_172_r_m15_normal.png,Chord of Calling,172,Rare,Normal,Magic 2015
mtg_73_r_moc_foil,https://card-images.fetchtcg.com/mtg/3012/large/mtg_73_r_moc_foil.png,Firemane Commando,73,Rare,Foil,March of the Machine Commander
mtg_73_r_moc_normal,https://card-images.fetchtcg.com/mtg/3012/large/mtg_73_r_moc_normal.png,Firemane Commando,73,Rare,Normal,March of the Machine Commander
mtg_49_m_mat_foil,https://card-images.fetchtcg.com/mtg/3020/large/mtg_49_m_mat_foil.png,"Karn, Legacy Reforged",49,Mythic,Foil,March of the Machine: The Aftermath
mtg_49_m_mat_normal,https://card-images.fetchtcg.com/mtg/3020/large/mtg_49_m_mat_normal.png,"Karn, Legacy Reforged",49,Mythic,Normal,March of the Machine: The Aftermath
mtg_ms-155_R_standard_foil,https://card-images.fetchtcg.com/mtg/4374/large/mtg_ms-155_R_standard_foil.png,Superior Spider-Man,155,Rare,Foil,Marvel's Spider-Man
mtg_ms-155_R_standard_normal,https://card-images.fetchtcg.com/mtg/4374/large/mtg_ms-155_R_standard_normal.png,Superior Spider-Man,155,Rare,Normal,Marvel's Spider-Man
mtg_ms-52_R_standard_foil,https://card-images.fetchtcg.com/mtg/4374/large/mtg_ms-52_R_standard_foil.png,"Black Cat, Cunning Thief",52,Rare,Foil,Marvel's Spider-Man
mtg_ms-52_R_standard_normal,https://card-images.fetchtcg.com/mtg/4374/large/mtg_ms-52_R_standard_normal.png,"Black Cat, Cunning Thief",52,Rare,Normal,Marvel's Spider-Man
mtg_15_r_mbs_foil,https://card-images.fetchtcg.com/mtg/3030/large/mtg_15_r_mbs_foil.png,Phyrexian Rebirth,15,Rare,Foil,Mirrodin Besieged
mtg_15_r_mbs_normal,https://card-images.fetchtcg.com/mtg/3030/large/mtg_15_r_mbs_normal.png,Phyrexian Rebirth,15,Rare,Normal,Mirrodin Besieged
mtg_74_r_mbs_foil,https://card-images.fetchtcg.com/mtg/3030/large/mtg_74_r_mbs_foil.png,Red Sun's Zenith,74,Rare,Foil,Mirrodin Besieged
mtg_74_r_mbs_normal,https://card-images.fetchtcg.com/mtg/3030/large/mtg_74_r_mbs_normal.png,Red Sun's Zenith,74,Rare,Normal,Mirrodin Besieged
mtg_75_r_mbs_foil,https://card-images.fetchtcg.com/mtg/3030/large/mtg_75_r_mbs_foil.png,Slagstorm,75,Rare,Foil,Mirrodin Besieged
mtg_75_r_mbs_normal,https://card-images.fetchtcg.com/mtg/3030/large/mtg_75_r_mbs_normal.png,Slagstorm,75,Rare,Normal,Mirrodin Besieged
mtg_218_r_mh1_foil,https://card-images.fetchtcg.com/mtg/3037/large/mtg_218_r_mh1_foil.png,Altar of Dementia,218,Rare,Foil,Modern Horizons
mtg_218_r_mh1_normal,https://card-images.fetchtcg.com/mtg/3037/large/mtg_218_r_mh1_normal.png,Altar of Dementia,218,Rare,Normal,Modern Horizons
mtg_228_m_mh1_foil,https://card-images.fetchtcg.com/mtg/3037/large/mtg_228_m_mh1_foil.png,Sword of Sinew and Steel,228,Mythic,Foil,Modern Horizons
mtg_228_m_mh1_normal,https://card-images.fetchtcg.com/mtg/3037/large/mtg_228_m_mh1_normal.png,Sword of Sinew and Steel,228,Mythic,Normal,Modern Horizons
mtg_132_r_mh2_foil,https://card-images.fetchtcg.com/mtg/3038/large/mtg_132_r_mh2_foil.png,Harmonic Prodigy,132,Rare,Foil,Modern Horizons 2
mtg_132_r_mh2_normal,https://card-images.fetchtcg.com/mtg/3038/large/mtg_132_r_mh2_normal.png,Harmonic Prodigy,132,Rare,Normal,Modern Horizons 2
mtg_207_r_mh2_foil,https://card-images.fetchtcg.com/mtg/3038/large/mtg_207_r_mh2_foil.png,"Piru, the Volatile",207,Rare,Foil,Modern Horizons 2
mtg_207_r_mh2_normal,https://card-images.fetchtcg.com/mtg/3038/large/mtg_207_r_mh2_normal.png,"Piru, the Volatile",207,Rare,Normal,Modern Horizons 2
mtg_248_marsh-flats_r_mh2_foil,https://card-images.fetchtcg.com/mtg/3038/large/mtg_248_marsh-flats_r_mh2_foil.png,Marsh Flats,248_marsh-flats,Rare,Foil,Modern Horizons 2
mtg_248_marsh-flats_r_mh2_normal,https://card-images.fetchtcg.com/mtg/3038/large/mtg_248_marsh-flats_r_mh2_normal.png,Marsh Flats,248_marsh-flats,Rare,Normal,Modern Horizons 2
mtg_263_r_mh2_foil,https://card-images.fetchtcg.com/mtg/3038/large/mtg_263_r_mh2_foil.png,Karmic Guide,263,Rare,Foil,Modern Horizons 2
mtg_263_r_mh2_normal,https://card-images.fetchtcg.com/mtg/3038/large/mtg_263_r_mh2_normal.png,Karmic Guide,263,Rare,Normal,Modern Horizons 2
mtg_271_r_mh2_foil,https://card-images.fetchtcg.com/mtg/3038/large/mtg_271_r_mh2_foil.png,Wonder,271,Rare,Foil,Modern Horizons 2
mtg_271_r_mh2_normal,https://card-images.fetchtcg.com/mtg/3038/large/mtg_271_r_mh2_normal.png,Wonder,271,Rare,Normal,Modern Horizons 2
mtg_29_r_mh2_foil,https://card-images.fetchtcg.com/mtg/3038/large/mtg_29_r_mh2_foil.png,Search the Premises,29,Rare,Foil,Modern Horizons 2
mtg_29_r_mh2_normal,https://card-images.fetchtcg.com/mtg/3038/large/mtg_29_r_mh2_normal.png,Search the Premises,29,Rare,Normal,Modern Horizons 2
mtg_110_r_mh3_foil,https://card-images.fetchtcg.com/mtg/3044/large/mtg_110_r_mh3_foil.png,Warren Soultrader,110,Rare,Foil,Modern Horizons 3
mtg_110_r_mh3_normal,https://card-images.fetchtcg.com/mtg/3044/large/mtg_110_r_mh3_normal.png,Warren Soultrader,110,Rare,Normal,Modern Horizons 3
mtg_144_r_mh3_foil,https://card-images.fetchtcg.com/mtg/3044/large/mtg_144_r_mh3_foil.png,Wheel of Potential,144,Rare,Foil,Modern Horizons 3
mtg_144_r_mh3_normal,https://card-images.fetchtcg.com/mtg/3044/large/mtg_144_r_mh3_normal.png,Wheel of Potential,144,Rare,Normal,Modern Horizons 3
mtg_171_r_mh3_foil,https://card-images.fetchtcg.com/mtg/3044/large/mtg_171_r_mh3_foil.png,Springheart Nantuko,171,Rare,Foil,Modern Horizons 3
mtg_171_r_mh3_normal,https://card-images.fetchtcg.com/mtg/3044/large/mtg_171_r_mh3_normal.png,Springheart Nantuko,171,Rare,Normal,Modern Horizons 3
mtg_174_r_mh3_foil,https://card-images.fetchtcg.com/mtg/3044/large/mtg_174_r_mh3_foil.png,Thief of Existence,174,Rare,Foil,Modern Horizons 3
mtg_174_r_mh3_normal,https://card-images.fetchtcg.com/mtg/3044/large/mtg_174_r_mh3_normal.png,Thief of Existence,174,Rare,Normal,Modern Horizons 3
mtg_197_m_mh3_foil,https://card-images.fetchtcg.com/mtg/3044/large/mtg_197_m_mh3_foil.png,"Phlage, Titan of Fire's Fury",197,Mythic,Foil,Modern Horizons 3
mtg_197_m_mh3_normal,https://card-images.fetchtcg.com/mtg/3044/large/mtg_197_m_mh3_normal.png,"Phlage, Titan of Fire's Fury",197,Mythic,Normal,Modern Horizons 3
mtg_202_r_mh3_foil,https://card-images.fetchtcg.com/mtg/3044/large/mtg_202_r_mh3_foil.png,"Rosheen, Roaring Prophet",202,Rare,Foil,Modern Horizons 3
mtg_202_r_mh3_normal,https://card-images.fetchtcg.com/mtg/3044/large/mtg_202_r_mh3_normal.png,"Rosheen, Roaring Prophet",202,Rare,Normal,Modern Horizons 3
mtg_213_r_mh3_foil,https://card-images.fetchtcg.com/mtg/3044/large/mtg_213_r_mh3_foil.png,Winter Moon,213,Rare,Foil,Modern Horizons 3
mtg_213_r_mh3_normal,https://card-images.fetchtcg.com/mtg/3044/large/mtg_213_r_mh3_normal.png,Winter Moon,213,Rare,Normal,Modern Horizons 3
mtg_26_r_mh3_foil,https://card-images.fetchtcg.com/mtg/3044/large/mtg_26_r_mh3_foil.png,Flare of Fortitude,26,Rare,Foil,Modern Horizons 3
mtg_26_r_mh3_normal,https://card-images.fetchtcg.com/mtg/3044/large/mtg_26_r_mh3_normal.png,Flare of Fortitude,26,Rare,Normal,Modern Horizons 3
mtg_285_r_mh3_foil,https://card-images.fetchtcg.com/mtg/3044/large/mtg_285_r_mh3_foil.png,Branching Evolution,285,Rare,Foil,Modern Horizons 3
mtg_285_r_mh3_normal,https://card-images.fetchtcg.com/mtg/3044/large/mtg_285_r_mh3_normal.png,Branching Evolution,285,Rare,Normal,Modern Horizons 3
mtg_40_r_mh3_foil,https://card-images.fetchtcg.com/mtg/3044/large/mtg_40_r_mh3_foil.png,"Phelia, Exuberant Shepherd",40,Rare,Foil,Modern Horizons 3
mtg_40_r_mh3_normal,https://card-images.fetchtcg.com/mtg/3044/large/mtg_40_r_mh3_normal.png,"Phelia, Exuberant Shepherd",40,Rare,Normal,Modern Horizons 3
mtg_102_r_m3c_normal,https://card-images.fetchtcg.com/mtg/3046/large/mtg_102_r_m3c_normal.png,Barrowgoyf,102,Rare,Normal,Modern Horizons 3 Commander
mtg_160_r_m3c_normal,https://card-images.fetchtcg.com/mtg/3046/large/mtg_160_r_m3c_normal.png,"Ugin, the Ineffable",160,Rare,Normal,Modern Horizons 3 Commander
mtg_29_u_mm2_foil,https://card-images.fetchtcg.com/mtg/3056/large/mtg_29_u_mm2_foil.png,Oblivion Ring,29,Uncommon,Foil,Modern Masters 2015
mtg_29_u_mm2_normal,https://card-images.fetchtcg.com/mtg/3056/large/mtg_29_u_mm2_normal.png,Oblivion Ring,29,Uncommon,Normal,Modern Masters 2015
mtg_21_m_mul_foil,https://card-images.fetchtcg.com/mtg/3065/large/mtg_21_m_mul_foil.png,"Ragavan, Nimble Pilferer",21,Mythic,Foil,Multiverse Legends
mtg_21_m_mul_normal,https://card-images.fetchtcg.com/mtg/3065/large/mtg_21_m_mul_normal.png,"Ragavan, Nimble Pilferer",21,Mythic,Normal,Multiverse Legends
mtg_140_r_mkm_foil,https://card-images.fetchtcg.com/mtg/3067/large/mtg_140_r_mkm_foil.png,Pyrotechnic Performer,140,Rare,Foil,Murders at Karlov Manor
mtg_140_r_mkm_normal,https://card-images.fetchtcg.com/mtg/3067/large/mtg_140_r_mkm_normal.png,Pyrotechnic Performer,140,Rare,Normal,Murders at Karlov Manor
mtg_199_r_mkm_foil,https://card-images.fetchtcg.com/mtg/3067/large/mtg_199_r_mkm_foil.png,Drag the Canal,199,Rare,Foil,Murders at Karlov Manor
mtg_199_r_mkm_normal,https://card-images.fetchtcg.com/mtg/3067/large/mtg_199_r_mkm_normal.png,Drag the Canal,199,Rare,Normal,Murders at Karlov Manor
mtg_34_r_mkm_foil,https://card-images.fetchtcg.com/mtg/3067/large/mtg_34_r_mkm_foil.png,Tenth District Hero,34,Rare,Foil,Murders at Karlov Manor
mtg_34_r_mkm_normal,https://card-images.fetchtcg.com/mtg/3067/large/mtg_34_r_mkm_normal.png,Tenth District Hero,34,Rare,Normal,Murders at Karlov Manor
mtg_199_m_mkc_normal,https://card-images.fetchtcg.com/mtg/3069/large/mtg_199_m_mkc_normal.png,"Anya, Merciless Angel",199,Mythic,Normal,Murders at Karlov Manor Commander
mtg_4_m_mkc_foil,https://card-images.fetchtcg.com/mtg/3069/large/mtg_4_m_mkc_foil.png,"Nelly Borca, Impulsive Accuser",4,Mythic,Foil,Murders at Karlov Manor Commander
mtg_4_m_mkc_normal,https://card-images.fetchtcg.com/mtg/3069/large/mtg_4_m_mkc_normal.png,"Nelly Borca, Impulsive Accuser",4,Mythic,Normal,Murders at Karlov Manor Commander
mtg_6_m_mkc_foil,https://card-images.fetchtcg.com/mtg/3069/large/mtg_6_m_mkc_foil.png,"Feather, Radiant Arbiter",6,Mythic,Foil,Murders at Karlov Manor Commander
mtg_428_r_makmp_68be_foil,https://card-images.fetchtcg.com/mtg/3072/large/mtg_428_r_makmp_68be_foil.png,Axebane Ferox,428,Rare,Foil,Murders at Karlov Manor Promos
mtg_146_r_nph_foil,https://card-images.fetchtcg.com/mtg/3084/large/mtg_146_r_nph_foil.png,Myr Superion,146,Rare,Foil,New Phyrexia
mtg_146_r_nph_normal,https://card-images.fetchtcg.com/mtg/3084/large/mtg_146_r_nph_normal.png,Myr Superion,146,Rare,Normal,New Phyrexia
mtg_73_u_ons_foil,https://card-images.fetchtcg.com/mtg/3096/large/mtg_73_u_ons_foil.png,Chain of Vapor,73,Uncommon,Foil,Onslaught
mtg_73_u_ons_normal,https://card-images.fetchtcg.com/mtg/3096/large/mtg_73_u_ons_normal.png,Chain of Vapor,73,Uncommon,Normal,Onslaught
mtg_104_r_otj_foil,https://card-images.fetchtcg.com/mtg/3099/large/mtg_104_r_otj_foil.png,Rush of Dread,104,Rare,Foil,Outlaws of Thunder Junction
mtg_104_r_otj_normal,https://card-images.fetchtcg.com/mtg/3099/large/mtg_104_r_otj_normal.png,Rush of Dread,104,Rare,Normal,Outlaws of Thunder Junction
mtg_12_r_otj_foil,https://card-images.fetchtcg.com/mtg/3099/large/mtg_12_r_otj_foil.png,"Fortune, Loyal Steed",12,Rare,Foil,Outlaws of Thunder Junction
mtg_12_r_otj_normal,https://card-images.fetchtcg.com/mtg/3099/large/mtg_12_r_otj_normal.png,"Fortune, Loyal Steed",12,Rare,Normal,Outlaws of Thunder Junction
mtg_198_r_otj_foil,https://card-images.fetchtcg.com/mtg/3099/large/mtg_198_r_otj_foil.png,"Bruse Tarl, Roving Rancher",198,Rare,Foil,Outlaws of Thunder Junction
mtg_198_r_otj_normal,https://card-images.fetchtcg.com/mtg/3099/large/mtg_198_r_otj_normal.png,"Bruse Tarl, Roving Rancher",198,Rare,Normal,Outlaws of Thunder Junction
mtg_217_r_otj_foil,https://card-images.fetchtcg.com/mtg/3099/large/mtg_217_r_otj_foil.png,"Lilah, Undefeated Slickshot",217,Rare,Foil,Outlaws of Thunder Junction
mtg_217_r_otj_normal,https://card-images.fetchtcg.com/mtg/3099/large/mtg_217_r_otj_normal.png,"Lilah, Undefeated Slickshot",217,Rare,Normal,Outlaws of Thunder Junction
mtg_224_r_otj_foil,https://card-images.fetchtcg.com/mtg/3099/large/mtg_224_r_otj_foil.png,Pillage the Bog,224,Rare,Foil,Outlaws of Thunder Junction
mtg_224_r_otj_normal,https://card-images.fetchtcg.com/mtg/3099/large/mtg_224_r_otj_normal.png,Pillage the Bog,224,Rare,Normal,Outlaws of Thunder Junction
mtg_227_r_otj_foil,https://card-images.fetchtcg.com/mtg/3099/large/mtg_227_r_otj_foil.png,Riku of Many Paths,227,Rare,Foil,Outlaws of Thunder Junction
mtg_227_r_otj_normal,https://card-images.fetchtcg.com/mtg/3099/large/mtg_227_r_otj_normal.png,Riku of Many Paths,227,Rare,Normal,Outlaws of Thunder Junction
mtg_234_r_otj_foil,https://card-images.fetchtcg.com/mtg/3099/large/mtg_234_r_otj_foil.png,"Taii Wakeen, Perfect Shot",234,Rare,Foil,Outlaws of Thunder Junction
mtg_234_r_otj_normal,https://card-images.fetchtcg.com/mtg/3099/large/mtg_234_r_otj_normal.png,"Taii Wakeen, Perfect Shot",234,Rare,Normal,Outlaws of Thunder Junction
mtg_39_r_otj_foil,https://card-images.fetchtcg.com/mtg/3099/large/mtg_39_r_otj_foil.png,Archmage's Newt,39,Rare,Foil,Outlaws of Thunder Junction
mtg_39_r_otj_normal,https://card-images.fetchtcg.com/mtg/3099/large/mtg_39_r_otj_normal.png,Archmage's Newt,39,Rare,Normal,Outlaws of Thunder Junction
mtg_70_r_otj_foil,https://card-images.fetchtcg.com/mtg/3099/large/mtg_70_r_otj_foil.png,Step Between Worlds,70,Rare,Foil,Outlaws of Thunder Junction
mtg_70_r_otj_normal,https://card-images.fetchtcg.com/mtg/3099/large/mtg_70_r_otj_normal.png,Step Between Worlds,70,Rare,Normal,Outlaws of Thunder Junction
mtg_75_r_otj_foil,https://card-images.fetchtcg.com/mtg/3099/large/mtg_75_r_otj_foil.png,Three Steps Ahead,75,Rare,Foil,Outlaws of Thunder Junction
mtg_75_r_otj_normal,https://card-images.fetchtcg.com/mtg/3099/large/mtg_75_r_otj_normal.png,Three Steps Ahead,75,Rare,Normal,Outlaws of Thunder Junction
mtg_9_r_otj_foil,https://card-images.fetchtcg.com/mtg/3099/large/mtg_9_r_otj_foil.png,Dust Animus,9,Rare,Foil,Outlaws of Thunder Junction
mtg_9_r_otj_normal,https://card-images.fetchtcg.com/mtg/3099/large/mtg_9_r_otj_normal.png,Dust Animus,9,Rare,Normal,Outlaws of Thunder Junction
mtg_219_r_otc_normal,https://card-images.fetchtcg.com/mtg/3103/large/mtg_219_r_otc_normal.png,Culling Ritual,219,Rare,Normal,Outlaws of Thunder Junction Commander
mtg_338_underground-river_r_otc_normal,https://card-images.fetchtcg.com/mtg/3103/large/mtg_338_underground-river_r_otc_normal.png,Underground River,338_underground-river,Rare,Normal,Outlaws of Thunder Junction Commander
mtg_43_r_otp_foil,https://card-images.fetchtcg.com/mtg/3101/large/mtg_43_r_otp_foil.png,Detention Sphere,43,Rare,Foil,Outlaws of Thunder Junction: Breaking News
mtg_43_r_otp_normal,https://card-images.fetchtcg.com/mtg/3101/large/mtg_43_r_otp_normal.png,Detention Sphere,43,Rare,Normal,Outlaws of Thunder Junction: Breaking News
mtg_34_r_one_foil,https://card-images.fetchtcg.com/mtg/3112/large/mtg_34_r_one_foil.png,Skrelv's Hive,34,Rare,Foil,Phyrexia: All Will Be One
mtg_34_r_one_normal,https://card-images.fetchtcg.com/mtg/3112/large/mtg_34_r_one_normal.png,Skrelv's Hive,34,Rare,Normal,Phyrexia: All Will Be One
mtg_44_r_pls_foil,https://card-images.fetchtcg.com/mtg/3131/large/mtg_44_r_pls_foil.png,Lord of the Undead,44,Rare,Foil,Planeshift
mtg_44_r_pls_normal,https://card-images.fetchtcg.com/mtg/3131/large/mtg_44_r_pls_normal.png,Lord of the Undead,44,Rare,Normal,Planeshift
mtg_3_u_ptk_normal,https://card-images.fetchtcg.com/mtg/3137/large/mtg_3_u_ptk_normal.png,Empty City Ruse,3,Uncommon,Normal,Portal Three Kingdoms
mtg_1_m_pakh_foil,https://card-images.fetchtcg.com/mtg/4382/large/mtg_1_m_pakh_foil.png,Angel of Sanctions,1,Mythic,Foil,Pre-Release Cards
mtg_1_m_pm21_foil,https://card-images.fetchtcg.com/mtg/4382/large/mtg_1_m_pm21_foil.png,"Ugin, the Spirit Dragon",1,Mythic,Foil,Pre-Release Cards
mtg_pc-1_M_standard_foil,https://card-images.fetchtcg.com/mtg/4382/large/mtg_pc-1_M_standard_foil.png,Summon: Bahamut,1,Mythic,Foil,Pre-Release Cards
mtg_10_r_psnc_foil,https://card-images.fetchtcg.com/mtg/4382/large/mtg_10_r_psnc_foil.png,Depopulate,10,Rare,Foil,Pre-Release Cards
mtg_100_m_pafr_foil,https://card-images.fetchtcg.com/mtg/4382/large/mtg_100_m_pafr_foil.png,"Ebondeath, Dracolich",100,Mythic,Foil,Pre-Release Cards
mtg_100_m_pvow_foil,https://card-images.fetchtcg.com/mtg/4382/large/mtg_100_m_pvow_foil.png,Cemetery Desecrator,100,Mythic,Foil,Pre-Release Cards
mtg_103_m_pm21_foil,https://card-images.fetchtcg.com/mtg/4382/large/mtg_103_m_pm21_foil.png,Grim Tutor,103,Mythic,Foil,Pre-Release Cards
mtg_104_r_pafr_foil,https://card-images.fetchtcg.com/mtg/4382/large/mtg_104_r_pafr_foil.png,Forsworn Paladin,104,Rare,Foil,Pre-Release Cards
mtg_104_r_pm21_foil,https://card-images.fetchtcg.com/mtg/4382/large/mtg_104_r_pm21_foil.png,Hooded Blightfang,104,Rare,Foil,Pre-Release Cards
mtg_104_r_potj_foil,https://card-images.fetchtcg.com/mtg/4382/large/mtg_104_r_potj_foil.png,Rush of Dread,104,Rare,Foil,Pre-Release Cards
mtg_pc-104_R_standard_foil,https://card-images.fetchtcg.com/mtg/4382/large/mtg_pc-104_R_standard_foil.png,"Jecht, Reluctant Guardian",104,Rare,Foil,Pre-Release Cards
mtg_105_r_pafr_foil,https://card-images.fetchtcg.com/mtg/4382/large/mtg_105_r_pafr_foil.png,Gelatinous Cube,105,Rare,Foil,Pre-Release Cards
mtg_105_r_pm20_foil,https://card-images.fetchtcg.com/mtg/4382/large/mtg_105_r_pm20_foil.png,Knight of the Ebon Legion,105,Rare,Foil,Pre-Release Cards
mtg_106_r_pm21_foil,https://card-images.fetchtcg.com/mtg/4382/large/mtg_106_r_pm21_foil.png,"Kaervek, the Spiteful",106,Rare,Foil,Pre-Release Cards
mtg_107_r_pwoe_foil,https://card-images.fetchtcg.com/mtg/4382/large/mtg_107_r_pwoe_foil.png,Specter of Mortality,107,Rare,Foil,Pre-Release Cards
mtg_pc-107_M_standard_foil,https://card-images.fetchtcg.com/mtg/4382/large/mtg_pc-107_M_standard_foil.png,"Koh, the Face Stealer",107,Mythic,Foil,Pre-Release Cards
mtg_108_r_pktk_foil,https://card-images.fetchtcg.com/mtg/4382/large/mtg_108_r_pktk_foil.png,Dragon-Style Twins,108,Rare,Foil,Pre-Release Cards
mtg_108_r_prna_foil,https://card-images.fetchtcg.com/mtg/4382/large/mtg_108_r_prna_foil.png,Mirror March,108,Rare,Foil,Pre-Release Cards
mtg_108_r_pznr_foil,https://card-images.fetchtcg.com/mtg/4382/large/mtg_108_r_pznr_foil.png,Inscription of Ruin,108,Rare,Foil,Pre-Release Cards
mtg_pc-108_R_standard_foil,https://card-images.fetchtcg.com/mtg/4382/large/mtg_pc-108_R_standard_foil.png,Ninja's Blades,108,Rare,Foil,Pre-Release Cards
mtg_109_r_kpp_7185_foil,https://card-images.fetchtcg.com/mtg/4382/large/mtg_109_r_kpp_7185_foil.png,Skemfar Avenger,109,Rare,Foil,Pre-Release Cards
mtg_109_r_paer_foil,https://card-images.fetchtcg.com/mtg/4382/large/mtg_109_r_paer_foil.png,Heroic Intervention,109,Rare,Foil,Pre-Release Cards
mtg_11_r_piko_foil,https://card-images.fetchtcg.com/mtg/4382/large/mtg_11_r_piko_foil.png,Drannith Magistrate,11,Rare,Foil,Pre-Release Cards
mtg_110_r_pm21_foil,https://card-images.fetchtcg.com/mtg/4382/large/mtg_110_r_pm21_foil.png,Liliana's Standard Bearer,110,Rare,Foil,Pre-Release Cards
mtg_110_r_pmh3_foil,https://card-images.fetchtcg.com/mtg/4382/large/mtg_110_r_pmh3_foil.png,Warren Soultrader,110,Rare,Foil,Pre-Release Cards
mtg_112_m_pafr_foil,https://card-images.fetchtcg.com/mtg/4382/large/mtg_112_m_pafr_foil.png,"Lolth, Spider Queen",112,Mythic,Foil,Pre-Release Cards
mtg_114_m_pm21_foil,https://card-images.fetchtcg.com/mtg/4382/large/mtg_114_m_pm21_foil.png,Massacre Wurm,114,Mythic,Foil,Pre-Release Cards
mtg_114_r_piko_foil,https://card-images.fetchtcg.com/mtg/4382/large/mtg_114_r_piko_foil.png,Everquill Phoenix,114,Rare,Foil,Pre-Release Cards
mtg_115_m_pm20_foil,https://card-images.fetchtcg.com/mtg/4382/large/mtg_115_m_pm20_foil.png,"Sorin, Imperious Bloodlord",115,Mythic,Foil,Pre-Release Cards
mtg_115_r_kpp_7185_foil,https://card-images.fetchtcg.com/mtg/4382/large/mtg_115_r_kpp_7185_foil.png,"Varragoth, Bloodsky Sire",115,Rare,Foil,Pre-Release Cards
mtg_115_r_pznr_foil,https://card-images.fetchtcg.com/mtg/4382/large/mtg_115_r_pznr_foil.png,Nighthawk Scavenger,115,Rare,Foil,Pre-Release Cards
mtg_116_r_pm21_foil,https://card-images.fetchtcg.com/mtg/4382/large/mtg_116_r_pm21_foil.png,Necromentia,116,Rare,Foil,Pre-Release Cards
mtg_117_r_pm21_foil,https://card-images.fetchtcg.com/mtg/4382/large/mtg_117_r_pm21_foil.png,Peer into the Abyss,117,Rare,Foil,Pre-Release Cards
mtg_118_r_pznr_foil,https://card-images.fetchtcg.com/mtg/4382/large/mtg_118_r_pznr_foil.png,Nullpriest of Oblivion,118,Rare,Foil,Pre-Release Cards
mtg_12_r_kpp_7185_foil,https://card-images.fetchtcg.com/mtg/4382/large/mtg_12_r_kpp_7185_foil.png,Glorious Protector,12,Rare,Foil,Pre-Release Cards
mtg_12_r_plci_foil,https://card-images.fetchtcg.com/mtg/4382/large/mtg_12_r_plci_foil.png,Fabrication Foundry,12,Rare,Foil,Pre-Release Cards
mtg_12_r_potj_foil,https://card-images.fetchtcg.com/mtg/4382/large/mtg_12_r_potj_foil.png,"Fortune, Loyal Steed",12,Rare,Foil,Pre-Release Cards
mtg_120_r_kpp_7185_foil,https://card-images.fetchtcg.com/mtg/4382/large/mtg_120_r_kpp_7185_foil.png,Arni Brokenbrow,120,Rare,Foil,Pre-Release Cards
mtg_124_r_pafr_foil,https://card-images.fetchtcg.com/mtg/4382/large/mtg_124_r_pafr_foil.png,Vorpal Sword,124,Rare,Foil,Pre-Release Cards
mtg_124_r_pznr_foil,https://card-images.fetchtcg.com/mtg/4382/large/mtg_124_r_pznr_foil.png,Shadows' Verdict,124,Rare,Foil,Pre-Release Cards
mtg_125_r_kpp_7185_foil,https://card-images.fetchtcg.com/mtg/4382/large/mtg_125_r_kpp_7185_foil.png,Calamity Bearer,125,Rare,Foil,Pre-Release Cards
mtg_125_r_pm21_foil,https://card-images.fetchtcg.com/mtg/4382/large/mtg_125_r_pm21_foil.png,Thieves' Guild Enforcer,125,Rare,Foil,Pre-Release Cards
mtg_125_r_pznr_foil,https://card-images.fetchtcg.com/mtg/4382/large/mtg_125_r_pznr_foil.png,Skyclave Shade,125,Rare,Foil,Pre-Release Cards
mtg_126_r_pafr_foil,https://card-images.fetchtcg.com/mtg/4382/large/mtg_126_r_pafr_foil.png,Westgate Regent,126,Rare,Foil,Pre-Release Cards
mtg_126_r_psnc_foil,https://card-images.fetchtcg.com/mtg/4382/large/mtg_126_r_psnc_foil.png,Structural Assault,126,Rare,Foil,Pre-Release Cards
mtg_127_r_pafr_foil,https://card-images.fetchtcg.com/mtg/4382/large/mtg_127_r_pafr_foil.png,Wight,127,Rare,Foil,Pre-Release Cards
mtg_127_r_piko_foil,https://card-images.fetchtcg.com/mtg/4382/large/mtg_127_r_piko_foil.png,Mythos of Vadrok,127,Rare,Foil,Pre-Release Cards
mtg_127_r_pm21_foil,https://card-images.fetchtcg.com/mtg/4382/large/mtg_127_r_pm21_foil.png,"Vito, Thorn of the Dusk Rose",127,Rare,Foil,Pre-Release Cards
mtg_127_r_pznr_foil,https://card-images.fetchtcg.com/mtg/4382/large/mtg_127_r_pznr_foil.png,Soul Shatter,127,Rare,Foil,Pre-Release Cards
mtg_129_r_pblb_foil,https://card-images.fetchtcg.com/mtg/4382/large/mtg_129_r_pblb_foil.png,Byway Barterer,129,Rare,Foil,Pre-Release Cards
mtg_13_r_pm21_foil,https://card-images.fetchtcg.com/mtg/4382/large/mtg_13_r_pm21_foil.png,Containment Priest,13,Rare,Foil,Pre-Release Cards
mtg_131_r_kpp_7185_foil,https://card-images.fetchtcg.com/mtg/4382/large/mtg_131_r_kpp_7185_foil.png,Dragonkin Berserker,131,Rare,Foil,Pre-Release Cards
mtg_132_r_pmh2_foil,https://card-images.fetchtcg.com/mtg/4382/large/mtg_132_r_pmh2_foil.png,Harmonic Prodigy,132,Rare,Foil,Pre-Release Cards
mtg_133_r_pm21_foil,https://card-images.fetchtcg.com/mtg/4382/large/mtg_133_r_pm21_foil.png,Brash Taunter,133,Rare,Foil,Pre-Release Cards
mtg_pc-135_R_standard_foil,https://card-images.fetchtcg.com/mtg/4382/large/mtg_pc-135_R_standard_foil.png,The Fire Crystal,135,Rare,Foil,Pre-Release Cards
mtg_136_m_pemn_foil,https://card-images.fetchtcg.com/mtg/4382/large/mtg_136_m_pemn_foil.png,Mirrorwing Dragon,136,Mythic,Foil,Pre-Release Cards
mtg_136_r_pm21_foil,https://card-images.fetchtcg.com/mtg/4382/large/mtg_136_r_pm21_foil.png,Chandra's Incinerator,136,Rare,Foil,Pre-Release Cards
mtg_138_r_pafr_foil,https://card-images.fetchtcg.com/mtg/4382/large/mtg_138_r_pafr_foil.png,"Delina, Wild Mage",138,Rare,Foil,Pre-Release Cards
mtg_139_m_kpp_7185_foil,https://card-images.fetchtcg.com/mtg/4382/large/mtg_139_m_kpp_7185_foil.png,Goldspan Dragon,139,Mythic,Foil,Pre-Release Cards
mtg_139_r_piko_foil,https://card-images.fetchtcg.com/mtg/4382/large/mtg_139_r_piko_foil.png,Unpredictable Cyclone,139,Rare,Foil,Pre-Release Cards
mtg_139_r_pm21_foil,https://card-images.fetchtcg.com/mtg/4382/large/mtg_139_r_pm21_foil.png,Conspicuous Snoop,139,Rare,Foil,Pre-Release Cards
mtg_140_r_prmkm_foil,https://card-images.fetchtcg.com/mtg/4382/large/mtg_140_r_prmkm_foil.png,Pyrotechnic Performer,140,Rare,Foil,Pre-Release Cards
mtg_140_r_pvow_foil,https://card-images.fetchtcg.com/mtg/4382/large/mtg_140_r_pvow_foil.png,Alchemist's Gambit,140,Rare,Foil,Pre-Release Cards
mtg_142_r_kpp_7185_foil,https://card-images.fetchtcg.com/mtg/4382/large/mtg_142_r_kpp_7185_foil.png,"Magda, Brazen Outlaw",142,Rare,Foil,Pre-Release Cards
mtg_142_r_pm21_foil,https://card-images.fetchtcg.com/mtg/4382/large/mtg_142_r_pm21_foil.png,Double Vision,142,Rare,Foil,Pre-Release Cards
mtg_143_m_pafr_foil,https://card-images.fetchtcg.com/mtg/4382/large/mtg_143_m_pafr_foil.png,Flameskull,143,Mythic,Foil,Pre-Release Cards
mtg_143_m_pm21_foil,https://card-images.fetchtcg.com/mtg/4382/large/mtg_143_m_pm21_foil.png,Fiery Emancipation,143,Mythic,Foil,Pre-Release Cards
mtg_144_r_pm19_foil,https://card-images.fetchtcg.com/mtg/4382/large/mtg_144_r_pm19_foil.png,Goblin Trashmaster,144,Rare,Foil,Pre-Release Cards
mtg_144_r_pmh3_foil,https://card-images.fetchtcg.com/mtg/4382/large/mtg_144_r_pmh3_foil.png,Wheel of Potential,144,Rare,Foil,Pre-Release Cards
mtg_144_r_psnc_foil,https://card-images.fetchtcg.com/mtg/4382/large/mtg_144_r_psnc_foil.png,Evolving Door,144,Rare,Foil,Pre-Release Cards
mtg_pc-144_R_standard_foil,https://card-images.fetchtcg.com/mtg/4382/large/mtg_pc-144_R_standard_foil.png,The Last Agni Kai,144,Rare,Foil,Pre-Release Cards
mtg_145_r_pznr_foil,https://card-images.fetchtcg.com/mtg/4382/large/mtg_145_r_pznr_foil.png,Kargan Intimidator,145,Rare,Foil,Pre-Release Cards
mtg_pc-145_R_standard_foil,https://card-images.fetchtcg.com/mtg/4382/large/mtg_pc-145_R_standard_foil.png,Memorial Vault,145,Rare,Foil,Pre-Release Cards
mtg_146_r_kpp_7185_foil,https://card-images.fetchtcg.com/mtg/4382/large/mtg_146_r_kpp_7185_foil.png,Reckless Crew,146,Rare,Foil,Pre-Release Cards
mtg_146_r_pdom_foil,https://card-images.fetchtcg.com/mtg/4382/large/mtg_146_r_pdom_foil.png,"Squee, the Immortal",146,Rare,Foil,Pre-Release Cards
mtg_146_r_pm21_foil,https://card-images.fetchtcg.com/mtg/4382/large/mtg_146_r_pm21_foil.png,"Gadrak, the Crown-Scourge",146,Rare,Foil,Pre-Release Cards
mtg_147_r_pafr_foil,https://card-images.fetchtcg.com/mtg/4382/large/mtg_147_r_pafr_foil.png,Hobgoblin Bandit Lord,147,Rare,Foil,Pre-Release Cards
mtg_147_r_prix_foil,https://card-images.fetchtcg.com/mtg/4382/large/mtg_147_r_prix_foil.png,Tendershoot Dryad,147,Rare,Foil,Pre-Release Cards
mtg_148_r_piko_foil,https://card-images.fetchtcg.com/mtg/4382/large/mtg_148_r_piko_foil.png,Colossification,148,Rare,Foil,Pre-Release Cards
mtg_pc-148_R_standard_foil,https://card-images.fetchtcg.com/mtg/4382/large/mtg_pc-148_R_standard_foil.png,Nova Hellkite,148,Rare,Foil,Pre-Release Cards
mtg_149_m_pltr_foil,https://card-images.fetchtcg.com/mtg/4382/large/mtg_149_m_pltr_foil.png,Spiteful Banditry,149,Mythic,Foil,Pre-Release Cards
mtg_15_m_psnc_foil,https://card-images.fetchtcg.com/mtg/4382/large/mtg_15_m_psnc_foil.png,Halo Fountain,15,Mythic,Foil,Pre-Release Cards
mtg_15_r_pafr_foil,https://card-images.fetchtcg.com/mtg/4382/large/mtg_15_r_pafr_foil.png,Flumph,15,Rare,Foil,Pre-Release Cards
mtg_150_r_pvow_foil,https://card-images.fetchtcg.com/mtg/4382/large/mtg_150_r_pvow_foil.png,Change of Fortune,150,Rare,Foil,Pre-Release Cards
mtg_151_r_pvow_foil,https://card-images.fetchtcg.com/mtg/4382/large/mtg_151_r_pvow_foil.png,Creepy Puppeteer,151,Rare,Foil,Pre-Release Cards
mtg_151_r_pznr_foil,https://card-images.fetchtcg.com/mtg/4382/large/mtg_151_r_pznr_foil.png,Nahiri's Lithoforming,151,Rare,Foil,Pre-Release Cards
mtg_153_r_kpp_7185_foil,https://card-images.fetchtcg.com/mtg/4382/large/mtg_153_r_kpp_7185_foil.png,Tibalt's Trickery,153,Rare,Foil,Pre-Release Cards
mtg_153_r_pznr_foil,https://card-images.fetchtcg.com/mtg/4382/large/mtg_153_r_pznr_foil.png,Relic Robber,153,Rare,Foil,Pre-Release Cards
mtg_154_r_pvow_foil,https://card-images.fetchtcg.com/mtg/4382/large/mtg_154_r_pvow_foil.png,Dominating Vampire,154,Rare,Foil,Pre-Release Cards
mtg_155_r_pafr_foil,https://card-images.fetchtcg.com/mtg/4382/large/mtg_155_r_pafr_foil.png,Meteor Swarm,155,Rare,Foil,Pre-Release Cards
mtg_pc-155_R_standard_foil,https://card-images.fetchtcg.com/mtg/4382/large/mtg_pc-155_R_standard_foil.png,Superior Spider-Man,155,Rare,Foil,Pre-Release Cards
mtg_156_r_kpp_7185_foil,https://card-images.fetchtcg.com/mtg/4382/large/mtg_156_r_kpp_7185_foil.png,Tundra Fumarole,156,Rare,Foil,Pre-Release Cards
mtg_156_r_pafr_foil,https://card-images.fetchtcg.com/mtg/4382/large/mtg_156_r_pafr_foil.png,Minion of the Mighty,156,Rare,Foil,Pre-Release Cards
mtg_156_r_pznr_foil,https://card-images.fetchtcg.com/mtg/4382/large/mtg_156_r_pznr_foil.png,Roiling Vortex,156,Rare,Foil,Pre-Release Cards
mtg_157_r_pafr_foil,https://card-images.fetchtcg.com/mtg/4382/large/mtg_157_r_pafr_foil.png,Orb of Dragonkind,157,Rare,Foil,Pre-Release Cards
mtg_158_r_pltr_foil,https://card-images.fetchtcg.com/mtg/4382/large/mtg_158_r_pltr_foil.png,Delighted Halfling,158,Rare,Foil,Pre-Release Cards
mtg_159_r_pznr_foil,https://card-images.fetchtcg.com/mtg/4382/large/mtg_159_r_pznr_foil.png,Shatterskull Charger,159,Rare,Foil,Pre-Release Cards
mtg_160_m_kpp_7185_foil,https://card-images.fetchtcg.com/mtg/4382/large/mtg_160_m_kpp_7185_foil.png,Battle Mammoth,160,Mythic,Foil,Pre-Release Cards
mtg_pc-160_R_standard_foil,https://card-images.fetchtcg.com/mtg/4382/large/mtg_pc-160_R_standard_foil.png,Summon: Brynhildr,160,Rare,Foil,Pre-Release Cards
mtg_161_r_kpp_7185_foil,https://card-images.fetchtcg.com/mtg/4382/large/mtg_161_r_kpp_7185_foil.png,Blessing of Frost,161,Rare,Foil,Pre-Release Cards
mtg_162_r_piko_foil,https://card-images.fetchtcg.com/mtg/4382/large/mtg_162_r_piko_foil.png,"Kogla, the Titan Ape",162,Rare,Foil,Pre-Release Cards
mtg_162_r_pm21_foil,https://card-images.fetchtcg.com/mtg/4382/large/mtg_162_r_pm21_foil.png,"Subira, Tulzidi Caravanner",162,Rare,Foil,Pre-Release Cards
mtg_163_m_pkld_foil,https://card-images.fetchtcg.com/mtg/4382/large/mtg_163_m_pkld_foil.png,"Nissa, Vital Force",163,Mythic,Foil,Pre-Release Cards
mtg_164_m_pm21_foil,https://card-images.fetchtcg.com/mtg/4382/large/mtg_164_m_pm21_foil.png,Terror of the Peaks,164,Mythic,Foil,Pre-Release Cards
mtg_165_r_psnc_foil,https://card-images.fetchtcg.com/mtg/4382/large/mtg_165_r_psnc_foil.png,Workshop Warchief,165,Rare,Foil,Pre-Release Cards
mtg_pc-165_R_standard_foil,https://card-images.fetchtcg.com/mtg/4382/large/mtg_pc-165_R_standard_foil.png,Avatar Destiny,165,Rare,Foil,Pre-Release Cards
mtg_166_r_pafr_foil,https://card-images.fetchtcg.com/mtg/4382/large/mtg_166_r_pafr_foil.png,Wish,166,Rare,Foil,Pre-Release Cards
mtg_166_r_psnc_foil,https://card-images.fetchtcg.com/mtg/4382/large/mtg_166_r_psnc_foil.png,Aven Heartstabber,166,Rare,Foil,Pre-Release Cards
mtg_167_r_kpp_7185_foil,https://card-images.fetchtcg.com/mtg/4382/large/mtg_167_r_kpp_7185_foil.png,Elvish Warmaster,167,Rare,Foil,Pre-Release Cards
mtg_167_r_pafr_foil,https://card-images.fetchtcg.com/mtg/4382/large/mtg_167_r_pafr_foil.png,Xorn,167,Rare,Foil,Pre-Release Cards
mtg_167_r_pm21_foil,https://card-images.fetchtcg.com/mtg/4382/large/mtg_167_r_pm21_foil.png,Transmogrify,167,Rare,Foil,Pre-Release Cards
mtg_168_r_piko_foil,https://card-images.fetchtcg.com/mtg/4382/large/mtg_168_r_piko_foil.png,Mythos of Brokkos,168,Rare,Foil,Pre-Release Cards
mtg_169_r_kpp_7185_foil,https://card-images.fetchtcg.com/mtg/4382/large/mtg_169_r_kpp_7185_foil.png,Esika's Chariot,169,Rare,Foil,Pre-Release Cards
mtg_17_m_pafr_foil,https://card-images.fetchtcg.com/mtg/4382/large/mtg_17_m_pafr_foil.png,Grand Master of Flowers,17,Mythic,Foil,Pre-Release Cards
mtg_17_m_pbfz_foil,https://card-images.fetchtcg.com/mtg/4382/large/mtg_17_m_pbfz_foil.png,Void Winnower,17,Mythic,Foil,Pre-Release Cards
mtg_17_r_pltr_foil,https://card-images.fetchtcg.com/mtg/4382/large/mtg_17_r_pltr_foil.png,Forge Anew,17,Rare,Foil,Pre-Release Cards
mtg_170_m_pvow_foil,https://card-images.fetchtcg.com/mtg/4382/large/mtg_170_m_pvow_foil.png,Manaform Hellkite,170,Mythic,Foil,Pre-Release Cards
mtg_171_m_peld_foil,https://card-images.fetchtcg.com/mtg/4382/large/mtg_171_m_peld_foil.png,Questing Beast,171,Mythic,Foil,Pre-Release Cards
mtg_171_r_pafr_foil,https://card-images.fetchtcg.com/mtg/4382/large/mtg_171_r_pafr_foil.png,"Zalto, Fire Giant Duke",171,Rare,Foil,Pre-Release Cards
mtg_171_r_pmh3_foil,https://card-images.fetchtcg.com/mtg/4382/large/mtg_171_r_pmh3_foil.png,Springheart Nantuko,171,Rare,Foil,Pre-Release Cards
mtg_172_m_pafr_foil,https://card-images.fetchtcg.com/mtg/4382/large/mtg_172_m_pafr_foil.png,"Zariel, Archduke of Avernus",172,Mythic,Foil,Pre-Release Cards
mtg_172_r_pm21_foil,https://card-images.fetchtcg.com/mtg/4382/large/mtg_172_r_pm21_foil.png,Volcanic Salvo,172,Rare,Foil,Pre-Release Cards
mtg_172_r_psnc_foil,https://card-images.fetchtcg.com/mtg/4382/large/mtg_172_r_psnc_foil.png,Cabaretti Ascendancy,172,Rare,Foil,Pre-Release Cards
mtg_173_r_pltr_foil,https://card-images.fetchtcg.com/mtg/4382/large/mtg_173_r_pltr_foil.png,"Legolas, Master Archer",173,Rare,Foil,Pre-Release Cards
mtg_173_r_pm21_foil,https://card-images.fetchtcg.com/mtg/4382/large/mtg_173_r_pm21_foil.png,"Azusa, Lost but Seeking",173,Rare,Foil,Pre-Release Cards
mtg_174_r_pmh3_foil,https://card-images.fetchtcg.com/mtg/4382/large/mtg_174_r_pmh3_foil.png,Thief of Existence,174,Rare,Foil,Pre-Release Cards
mtg_176_r_pafr_foil,https://card-images.fetchtcg.com/mtg/4382/large/mtg_176_r_pafr_foil.png,Circle of Dreams Druid,176,Rare,Foil,Pre-Release Cards
mtg_176_r_pznr_foil,https://card-images.fetchtcg.com/mtg/4382/large/mtg_176_r_pznr_foil.png,Wayward Guide-Beast,176,Rare,Foil,Pre-Release Cards
mtg_177_r_kpp_7185_foil,https://card-images.fetchtcg.com/mtg/4382/large/mtg_177_r_kpp_7185_foil.png,In Search of Greatness,177,Rare,Foil,Pre-Release Cards
mtg_178_r_pkld_foil,https://card-images.fetchtcg.com/mtg/4382/large/mtg_178_r_pkld_foil.png,"Depala, Pilot Exemplar",178,Rare,Foil,Pre-Release Cards
mtg_pc-178_R_standard_foil,https://card-images.fetchtcg.com/mtg/4382/large/mtg_pc-178_R_standard_foil.png,Elemental Teachings,178,Rare,Foil,Pre-Release Cards
mtg_179_m_piko_foil,https://card-images.fetchtcg.com/mtg/4382/large/mtg_179_m_piko_foil.png,"Brokkos, Apex of Forever",179,Mythic,Foil,Pre-Release Cards
mtg_179_m_pm21_foil,https://card-images.fetchtcg.com/mtg/4382/large/mtg_179_m_pm21_foil.png,Elder Gargaroth,179,Mythic,Foil,Pre-Release Cards
mtg_179_m_pznr_foil,https://card-images.fetchtcg.com/mtg/4382/large/mtg_179_m_pznr_foil.png,"Ashaya, Soul of the Wild",179,Mythic,Foil,Pre-Release Cards
mtg_179_r_psoi_foil,https://card-images.fetchtcg.com/mtg/4382/large/mtg_179_r_psoi_foil.png,Scourge Wolf,179,Rare,Foil,Pre-Release Cards
mtg_18_m_pthb_foil,https://card-images.fetchtcg.com/mtg/4382/large/mtg_18_m_pthb_foil.png,"Heliod, Sun-Crowned",18,Mythic,Foil,Pre-Release Cards
mtg_18_r_pafr_foil,https://card-images.fetchtcg.com/mtg/4382/large/mtg_18_r_pafr_foil.png,Guardian of Faith,18,Rare,Foil,Pre-Release Cards
mtg_180_r_pblb_foil,https://card-images.fetchtcg.com/mtg/4382/large/mtg_180_r_pblb_foil.png,Innkeeper's Talent,180,Rare,Foil,Pre-Release Cards
mtg_180_r_pm21_foil,https://card-images.fetchtcg.com/mtg/4382/large/mtg_180_r_pm21_foil.png,Feline Sovereign,180,Rare,Foil,Pre-Release Cards
mtg_181_m_pafr_foil,https://card-images.fetchtcg.com/mtg/4382/large/mtg_181_m_pafr_foil.png,Ellywick Tumblestrum,181,Mythic,Foil,Pre-Release Cards
mtg_pc-181_R_standard_foil,https://card-images.fetchtcg.com/mtg/4382/large/mtg_pc-181_R_standard_foil.png,Great Divide Guide,181,Rare,Foil,Pre-Release Cards
mtg_182_r_piko_foil,https://card-images.fetchtcg.com/mtg/4382/large/mtg_182_r_piko_foil.png,Death's Oasis,182,Rare,Foil,Pre-Release Cards
mtg_183_m_pblb_foil,https://card-images.fetchtcg.com/mtg/4382/large/mtg_183_m_pblb_foil.png,"Lumra, Bellow of the Woods",183,Mythic,Foil,Pre-Release Cards
mtg_183_m_pm21_foil,https://card-images.fetchtcg.com/mtg/4382/large/mtg_183_m_pm21_foil.png,"Garruk, Unleashed",183,Mythic,Foil,Pre-Release Cards
mtg_183_r_pdom_foil,https://card-images.fetchtcg.com/mtg/4382/large/mtg_183_r_pdom_foil.png,Sylvan Awakening,183,Rare,Foil,Pre-Release Cards
mtg_184_r_pafr_foil,https://card-images.fetchtcg.com/mtg/4382/large/mtg_184_r_pafr_foil.png,Froghemoth,184,Rare,Foil,Pre-Release Cards
mtg_184_r_piko_foil,https://card-images.fetchtcg.com/mtg/4382/large/mtg_184_r_piko_foil.png,Eerie Ultimatum,184,Rare,Foil,Pre-Release Cards
mtg_184_r_psnc_foil,https://card-images.fetchtcg.com/mtg/4382/large/mtg_184_r_psnc_foil.png,"Evelyn, the Covetous",184,Rare,Foil,Pre-Release Cards
mtg_185_r_kpp_7185_foil,https://card-images.fetchtcg.com/mtg/4382/large/mtg_185_r_kpp_7185_foil.png,Old-Growth Troll,185,Rare,Foil,Pre-Release Cards
mtg_185_r_piko_foil,https://card-images.fetchtcg.com/mtg/4382/large/mtg_185_r_piko_foil.png,Emergent Ultimatum,185,Rare,Foil,Pre-Release Cards
mtg_185_r_pm21_foil,https://card-images.fetchtcg.com/mtg/4382/large/mtg_185_r_pm21_foil.png,Garruk's Harbinger,185,Rare,Foil,Pre-Release Cards
mtg_186_r_piko_foil,https://card-images.fetchtcg.com/mtg/4382/large/mtg_186_r_piko_foil.png,Frondland Felidar,186,Rare,Foil,Pre-Release Cards
mtg_186_r_pvow_foil,https://card-images.fetchtcg.com/mtg/4382/large/mtg_186_r_pvow_foil.png,Ascendant Packleader,186,Rare,Foil,Pre-Release Cards
mtg_188_r_kpp_7185_foil,https://card-images.fetchtcg.com/mtg/4382/large/mtg_188_r_kpp_7185_foil.png,Realmwalker,188,Rare,Foil,Pre-Release Cards
mtg_188_r_pm21_foil,https://card-images.fetchtcg.com/mtg/4382/large/mtg_188_r_pm21_foil.png,Heroic Intervention,188,Rare,Foil,Pre-Release Cards
mtg_pc-19_R_standard_foil,https://card-images.fetchtcg.com/mtg/4382/large/mtg_pc-19_R_standard_foil.png,"Haliya, Guided by Light",19,Rare,Foil,Pre-Release Cards
mtg_190_r_pafr_foil,https://card-images.fetchtcg.com/mtg/4382/large/mtg_190_r_pafr_foil.png,Instrument of the Bards,190,Rare,Foil,Pre-Release Cards
mtg_190_r_pwoe_foil,https://card-images.fetchtcg.com/mtg/4382/large/mtg_190_r_pwoe_foil.png,Thunderous Debut,190,Rare,Foil,Pre-Release Cards
mtg_191_r_piko_foil,https://card-images.fetchtcg.com/mtg/4382/large/mtg_191_r_piko_foil.png,Inspired Ultimatum,191,Rare,Foil,Pre-Release Cards
mtg_191_r_pm21_foil,https://card-images.fetchtcg.com/mtg/4382/large/mtg_191_r_pm21_foil.png,"Jolrael, Mwonvuli Recluse",191,Rare,Foil,Pre-Release Cards
mtg_191_r_psnc_foil,https://card-images.fetchtcg.com/mtg/4382/large/mtg_191_r_psnc_foil.png,Hostile Takeover,191,Rare,Foil,Pre-Release Cards
mtg_192_r_pkld_foil,https://card-images.fetchtcg.com/mtg/4382/large/mtg_192_r_pkld_foil.png,Aetherflux Reservoir,192,Rare,Foil,Pre-Release Cards
mtg_192_r_psnc_foil,https://card-images.fetchtcg.com/mtg/4382/large/mtg_192_r_psnc_foil.png,Incandescent Aria,192,Rare,Foil,Pre-Release Cards
mtg_193_r_pafr_foil,https://card-images.fetchtcg.com/mtg/4382/large/mtg_193_r_pafr_foil.png,Long Rest,193,Rare,Foil,Pre-Release Cards
mtg_193_r_piko_foil,https://card-images.fetchtcg.com/mtg/4382/large/mtg_193_r_piko_foil.png,Labyrinth Raptor,193,Rare,Foil,Pre-Release Cards
mtg_196_r_pafr_foil,https://card-images.fetchtcg.com/mtg/4382/large/mtg_196_r_pafr_foil.png,Ochre Jelly,196,Rare,Foil,Pre-Release Cards
mtg_197_m_pmh3_foil,https://card-images.fetchtcg.com/mtg/4382/large/mtg_197_m_pmh3_foil.png,"Phlage, Titan of Fire's Fury",197,Mythic,Foil,Pre-Release Cards
mtg_197_r_kpp_7185_foil,https://card-images.fetchtcg.com/mtg/4382/large/mtg_197_r_kpp_7185_foil.png,"Toski, Bearer of Secrets",197,Rare,Foil,Pre-Release Cards
mtg_197_r_pm21_foil,https://card-images.fetchtcg.com/mtg/4382/large/mtg_197_r_pm21_foil.png,Primal Might,197,Rare,Foil,Pre-Release Cards
mtg_198_m_kpp_7185_foil,https://card-images.fetchtcg.com/mtg/4382/large/mtg_198_m_kpp_7185_foil.png,Tyvar Kell,198,Mythic,Foil,Pre-Release Cards
mtg_198_r_potj_foil,https://card-images.fetchtcg.com/mtg/4382/large/mtg_198_r_potj_foil.png,"Bruse Tarl, Roving Rancher",198,Rare,Foil,Pre-Release Cards
mtg_198_r_psnc_foil,https://card-images.fetchtcg.com/mtg/4382/large/mtg_198_r_psnc_foil.png,Maestros Ascendancy,198,Rare,Foil,Pre-Release Cards
mtg_198_r_pznr_foil,https://card-images.fetchtcg.com/mtg/4382/large/mtg_198_r_pznr_foil.png,Oran-Rief Ooze,198,Rare,Foil,Pre-Release Cards
mtg_199_m_kpp_7185_foil,https://card-images.fetchtcg.com/mtg/4382/large/mtg_199_m_kpp_7185_foil.png,"Vorinclex, Monstrous Raider",199,Mythic,Foil,Pre-Release Cards
mtg_199_r_prmkm_foil,https://card-images.fetchtcg.com/mtg/4382/large/mtg_199_r_prmkm_foil.png,Drag the Canal,199,Rare,Foil,Pre-Release Cards
mtg_2_m_pznr_foil,https://card-images.fetchtcg.com/mtg/4382/large/mtg_2_m_pznr_foil.png,Angel of Destiny,2,Mythic,Foil,Pre-Release Cards
mtg_2_r_pakh_foil,https://card-images.fetchtcg.com/mtg/4382/large/mtg_2_r_pakh_foil.png,Anointed Procession,2,Rare,Foil,Pre-Release Cards
mtg_20_m_pafr_foil,https://card-images.fetchtcg.com/mtg/4382/large/mtg_20_m_pafr_foil.png,"Icingdeath, Frost Tyrant",20,Mythic,Foil,Pre-Release Cards
mtg_20_r_kpp_7185_foil,https://card-images.fetchtcg.com/mtg/4382/large/mtg_20_r_kpp_7185_foil.png,Rally the Ranks,20,Rare,Foil,Pre-Release Cards
mtg_201_r_piko_foil,https://card-images.fetchtcg.com/mtg/4382/large/mtg_201_r_piko_foil.png,Quartzwood Crasher,201,Rare,Foil,Pre-Release Cards
mtg_201_r_pvow_foil,https://card-images.fetchtcg.com/mtg/4382/large/mtg_201_r_pvow_foil.png,Hamlet Vanguard,201,Rare,Foil,Pre-Release Cards
mtg_202_r_pafr_foil,https://card-images.fetchtcg.com/mtg/4382/large/mtg_202_r_pafr_foil.png,Ranger Class,202,Rare,Foil,Pre-Release Cards
mtg_202_r_pmh3_foil,https://card-images.fetchtcg.com/mtg/4382/large/mtg_202_r_pmh3_foil.png,"Rosheen, Roaring Prophet",202,Rare,Foil,Pre-Release Cards
mtg_202_r_pvow_foil,https://card-images.fetchtcg.com/mtg/4382/large/mtg_202_r_pvow_foil.png,Hiveheart Shaman,202,Rare,Foil,Pre-Release Cards
mtg_203_m_kpp_7185_foil,https://card-images.fetchtcg.com/mtg/4382/large/mtg_203_m_kpp_7185_foil.png,Battle for Bretagard,203,Mythic,Foil,Pre-Release Cards
mtg_203_m_piko_foil,https://card-images.fetchtcg.com/mtg/4382/large/mtg_203_m_piko_foil.png,"Rielle, the Everwise",203,Mythic,Foil,Pre-Release Cards
mtg_203_r_peld_foil,https://card-images.fetchtcg.com/mtg/4382/large/mtg_203_r_peld_foil.png,Stormfist Crusader,203,Rare,Foil,Pre-Release Cards
mtg_203_r_pznr_foil,https://card-images.fetchtcg.com/mtg/4382/large/mtg_203_r_pznr_foil.png,Scute Swarm,203,Rare,Foil,Pre-Release Cards
mtg_pc-203_R_standard_foil,https://card-images.fetchtcg.com/mtg/4382/large/mtg_pc-203_R_standard_foil.png,"Aang, at the Crossroads",203,Rare,Foil,Pre-Release Cards
mtg_204_m_kpp_7185_foil,https://card-images.fetchtcg.com/mtg/4382/large/mtg_204_m_kpp_7185_foil.png,Battle of Frost and Fire,204,Mythic,Foil,Pre-Release Cards
mtg_204_r_pblb_foil,https://card-images.fetchtcg.com/mtg/4382/large/mtg_204_r_pblb_foil.png,"Alania, Divergent Storm",204,Rare,Foil,Pre-Release Cards
mtg_204_r_pkld_foil,https://card-images.fetchtcg.com/mtg/4382/large/mtg_204_r_pkld_foil.png,Deadlock Trap,204,Rare,Foil,Pre-Release Cards
mtg_204_r_pm21_foil,https://card-images.fetchtcg.com/mtg/4382/large/mtg_204_r_pm21_foil.png,Scavenging Ooze,204,Rare,Foil,Pre-Release Cards
mtg_205_m_kpp_7185_foil,https://card-images.fetchtcg.com/mtg/4382/large/mtg_205_m_kpp_7185_foil.png,The Bears of Littjara,205,Mythic,Foil,Pre-Release Cards
mtg_206_r_pmid_foil,https://card-images.fetchtcg.com/mtg/4382/large/mtg_206_r_pmid_foil.png,Unnatural Growth,206,Rare,Foil,Pre-Release Cards
mtg_pc-206_R_standard_foil,https://card-images.fetchtcg.com/mtg/4382/large/mtg_pc-206_R_standard_foil.png,Tifa Lockhart,206,Rare,Foil,Pre-Release Cards
mtg_207_m_kpp_7185_foil,https://card-images.fetchtcg.com/mtg/4382/large/mtg_207_m_kpp_7185_foil.png,The Bloodsky Massacre,207,Mythic,Foil,Pre-Release Cards
mtg_207_m_pafr_foil,https://card-images.fetchtcg.com/mtg/4382/large/mtg_207_m_pafr_foil.png,The Tarrasque,207,Mythic,Foil,Pre-Release Cards
mtg_207_r_piko_foil,https://card-images.fetchtcg.com/mtg/4382/large/mtg_207_r_piko_foil.png,Skycat Sovereign,207,Rare,Foil,Pre-Release Cards
mtg_207_r_pmh2_foil,https://card-images.fetchtcg.com/mtg/4382/large/mtg_207_r_pmh2_foil.png,"Piru, the Volatile",207,Rare,Foil,Pre-Release Cards
mtg_208_r_piko_foil,https://card-images.fetchtcg.com/mtg/4382/large/mtg_208_r_piko_foil.png,Slitherwisp,208,Rare,Foil,Pre-Release Cards
mtg_208_r_pm21_foil,https://card-images.fetchtcg.com/mtg/4382/large/mtg_208_r_pm21_foil.png,Sporeweb Weaver,208,Rare,Foil,Pre-Release Cards
mtg_pc-208_R_standard_foil,https://card-images.fetchtcg.com/mtg/4382/large/mtg_pc-208_R_standard_foil.png,"Azula, Cunning Usurper",208,Rare,Foil,Pre-Release Cards
mtg_209_r_pafr_foil,https://card-images.fetchtcg.com/mtg/4382/large/mtg_209_r_pafr_foil.png,"Varis, Silverymoon Ranger",209,Rare,Foil,Pre-Release Cards
mtg_209_r_pznr_foil,https://card-images.fetchtcg.com/mtg/4382/large/mtg_209_r_pznr_foil.png,Tajuru Paragon,209,Rare,Foil,Pre-Release Cards
mtg_pc-209_R_standard_foil,https://card-images.fetchtcg.com/mtg/4382/large/mtg_pc-209_R_standard_foil.png,Beifong's Bounty Hunters,209,Rare,Foil,Pre-Release Cards
mtg_21_m_piko_foil,https://card-images.fetchtcg.com/mtg/4382/large/mtg_21_m_piko_foil.png,Luminous Broodmoth,21,Mythic,Foil,Pre-Release Cards
mtg_21_r_pm21_foil,https://card-images.fetchtcg.com/mtg/4382/large/mtg_21_r_pm21_foil.png,Glorious Anthem,21,Rare,Foil,Pre-Release Cards
mtg_210_m_kpp_7185_foil,https://card-images.fetchtcg.com/mtg/4382/large/mtg_210_m_kpp_7185_foil.png,Firja's Retribution,210,Mythic,Foil,Pre-Release Cards
mtg_210_r_piko_foil,https://card-images.fetchtcg.com/mtg/4382/large/mtg_210_r_piko_foil.png,Song of Creation,210,Rare,Foil,Pre-Release Cards
mtg_211_m_pm20_foil,https://card-images.fetchtcg.com/mtg/4382/large/mtg_211_m_pm20_foil.png,"Kethis, the Hidden Hand",211,Mythic,Foil,Pre-Release Cards
mtg_211_r_pafr_foil,https://card-images.fetchtcg.com/mtg/4382/large/mtg_211_r_pafr_foil.png,Werewolf Pack Leader,211,Rare,Foil,Pre-Release Cards
mtg_212_r_piko_foil,https://card-images.fetchtcg.com/mtg/4382/large/mtg_212_r_piko_foil.png,Titans' Nest,212,Rare,Foil,Pre-Release Cards
mtg_213_m_kpp_7185_foil,https://card-images.fetchtcg.com/mtg/4382/large/mtg_213_m_kpp_7185_foil.png,Harald Unites the Elves,213,Mythic,Foil,Pre-Release Cards
mtg_213_r_pmh3_foil,https://card-images.fetchtcg.com/mtg/4382/large/mtg_213_r_pmh3_foil.png,Winter Moon,213,Rare,Foil,Pre-Release Cards
mtg_214_m_piko_foil,https://card-images.fetchtcg.com/mtg/4382/large/mtg_214_m_piko_foil.png,"Vadrok, Apex of Thunder",214,Mythic,Foil,Pre-Release Cards
mtg_214_r_kpp_7185_foil,https://card-images.fetchtcg.com/mtg/4382/large/mtg_214_r_kpp_7185_foil.png,Immersturm Predator,214,Rare,Foil,Pre-Release Cards
mtg_215_m_pwoe_foil,https://card-images.fetchtcg.com/mtg/4382/large/mtg_215_m_pwoe_foil.png,"Talion, the Kindly Lord",215,Mythic,Foil,Pre-Release Cards
mtg_215_r_pbfz_foil,https://card-images.fetchtcg.com/mtg/4382/large/mtg_215_r_pbfz_foil.png,"Munda, Ambush Leader",215,Rare,Foil,Pre-Release Cards
mtg_215_r_piko_foil,https://card-images.fetchtcg.com/mtg/4382/large/mtg_215_r_piko_foil.png,Whirlwind of Thought,215,Rare,Foil,Pre-Release Cards
mtg_215_r_psnc_foil,https://card-images.fetchtcg.com/mtg/4382/large/mtg_215_r_psnc_foil.png,"Rigo, Streetwise Mentor",215,Rare,Foil,Pre-Release Cards
mtg_pc-215_R_standard_foil,https://card-images.fetchtcg.com/mtg/4382/large/mtg_pc-215_R_standard_foil.png,"Choco, Seeker of Paradise",215,Rare,Foil,Pre-Release Cards
mtg_216_m_piko_foil,https://card-images.fetchtcg.com/mtg/4382/large/mtg_216_m_piko_foil.png,"Winota, Joiner of Forces",216,Mythic,Foil,Pre-Release Cards
mtg_216_r_pafr_foil,https://card-images.fetchtcg.com/mtg/4382/large/mtg_216_r_pafr_foil.png,Adult Gold Dragon,216,Rare,Foil,Pre-Release Cards
mtg_pc-216_R_standard_foil,https://card-images.fetchtcg.com/mtg/4382/large/mtg_pc-216_R_standard_foil.png,"Dyadrine, Synthesis Amalgam",216,Rare,Foil,Pre-Release Cards
mtg_217_r_pafr_foil,https://card-images.fetchtcg.com/mtg/4382/large/mtg_217_r_pafr_foil.png,Bard Class,217,Rare,Foil,Pre-Release Cards
mtg_217_r_potj_foil,https://card-images.fetchtcg.com/mtg/4382/large/mtg_217_r_potj_foil.png,"Lilah, Undefeated Slickshot",217,Rare,Foil,Pre-Release Cards
mtg_218_m_kpp_7185_foil,https://card-images.fetchtcg.com/mtg/4382/large/mtg_218_m_kpp_7185_foil.png,Kaya the Inexorable,218,Mythic,Foil,Pre-Release Cards
mtg_219_m_kpp_7185_foil,https://card-images.fetchtcg.com/mtg/4382/large/mtg_219_m_kpp_7185_foil.png,King Narfi's Betrayal,219,Mythic,Foil,Pre-Release Cards
mtg_219_r_psnc_foil,https://card-images.fetchtcg.com/mtg/4382/large/mtg_219_r_psnc_foil.png,Scheming Fence,219,Rare,Foil,Pre-Release Cards
mtg_22_r_psnc_foil,https://card-images.fetchtcg.com/mtg/4382/large/mtg_22_r_psnc_foil.png,Mysterious Limousine,22,Rare,Foil,Pre-Release Cards
mtg_220_m_piko_foil,https://card-images.fetchtcg.com/mtg/4382/large/mtg_220_m_piko_foil.png,Fiend Artisan,220,Mythic,Foil,Pre-Release Cards
mtg_220_r_pafr_foil,https://card-images.fetchtcg.com/mtg/4382/large/mtg_220_r_pafr_foil.png,Drizzt Do'Urden,220,Rare,Foil,Pre-Release Cards
mtg_220_r_pznr_foil,https://card-images.fetchtcg.com/mtg/4382/large/mtg_220_r_pznr_foil.png,"Akiri, Fearless Voyager",220,Rare,Foil,Pre-Release Cards
mtg_221_m_kpp_7185_foil,https://card-images.fetchtcg.com/mtg/4382/large/mtg_221_m_kpp_7185_foil.png,"Koma, Cosmos Serpent",221,Mythic,Foil,Pre-Release Cards
mtg_221_r_piko_foil,https://card-images.fetchtcg.com/mtg/4382/large/mtg_221_r_piko_foil.png,"Gyruda, Doom of Depths",221,Rare,Foil,Pre-Release Cards
mtg_221_r_pvow_foil,https://card-images.fetchtcg.com/mtg/4382/large/mtg_221_r_pvow_foil.png,Splendid Reclamation,221,Rare,Foil,Pre-Release Cards
mtg_222_r_pafr_foil,https://card-images.fetchtcg.com/mtg/4382/large/mtg_222_r_pafr_foil.png,Fighter Class,222,Rare,Foil,Pre-Release Cards
mtg_222_r_pm21_foil,https://card-images.fetchtcg.com/mtg/4382/large/mtg_222_r_pm21_foil.png,"Niambi, Esteemed Speaker",222,Rare,Foil,Pre-Release Cards
mtg_224_r_piko_foil,https://card-images.fetchtcg.com/mtg/4382/large/mtg_224_r_piko_foil.png,"Kaheera, the Orphanguard",224,Rare,Foil,Pre-Release Cards
mtg_224_r_pm21_foil,https://card-images.fetchtcg.com/mtg/4382/large/mtg_224_r_pm21_foil.png,"Radha, Heart of Keld",224,Rare,Foil,Pre-Release Cards
mtg_224_r_potj_foil,https://card-images.fetchtcg.com/mtg/4382/large/mtg_224_r_potj_foil.png,Pillage the Bog,224,Rare,Foil,Pre-Release Cards
mtg_225_m_kpp_7185_foil,https://card-images.fetchtcg.com/mtg/4382/large/mtg_225_m_kpp_7185_foil.png,Niko Aris,225,Mythic,Foil,Pre-Release Cards
mtg_225_r_piko_foil,https://card-images.fetchtcg.com/mtg/4382/large/mtg_225_r_piko_foil.png,"Keruga, the Macrosage",225,Rare,Foil,Pre-Release Cards
mtg_225_r_pm21_foil,https://card-images.fetchtcg.com/mtg/4382/large/mtg_225_r_pm21_foil.png,Sanctum of All,225,Rare,Foil,Pre-Release Cards
mtg_225_r_pznr_foil,https://card-images.fetchtcg.com/mtg/4382/large/mtg_225_r_pznr_foil.png,"Kaza, Roil Chaser",225,Rare,Foil,Pre-Release Cards
mtg_226_r_piko_foil,https://card-images.fetchtcg.com/mtg/4382/large/mtg_226_r_piko_foil.png,Lurrus of the Dream-Den,226,Rare,Foil,Pre-Release Cards
mtg_226_r_pznr_foil,https://card-images.fetchtcg.com/mtg/4382/large/mtg_226_r_pznr_foil.png,"Linvala, Shield of Sea Gate",226,Rare,Foil,Pre-Release Cards
mtg_227_m_kpp_7185_foil,https://card-images.fetchtcg.com/mtg/4382/large/mtg_227_m_kpp_7185_foil.png,The Raven's Warning,227,Mythic,Foil,Pre-Release Cards
mtg_227_m_pafr_foil,https://card-images.fetchtcg.com/mtg/4382/large/mtg_227_m_pafr_foil.png,"Minsc, Beloved Ranger",227,Mythic,Foil,Pre-Release Cards
mtg_227_r_pdtk_foil,https://card-images.fetchtcg.com/mtg/4382/large/mtg_227_r_pdtk_foil.png,Ojutai's Command,227,Rare,Foil,Pre-Release Cards
mtg_227_r_piko_foil,https://card-images.fetchtcg.com/mtg/4382/large/mtg_227_r_piko_foil.png,"Lutri, the Spellchaser",227,Rare,Foil,Pre-Release Cards
mtg_227_r_potj_foil,https://card-images.fetchtcg.com/mtg/4382/large/mtg_227_r_potj_foil.png,Riku of Many Paths,227,Rare,Foil,Pre-Release Cards
mtg_228_m_pm21_foil,https://card-images.fetchtcg.com/mtg/4382/large/mtg_228_m_pm21_foil.png,Chromatic Orrery,228,Mythic,Foil,Pre-Release Cards
mtg_228_r_kpp_7185_foil,https://card-images.fetchtcg.com/mtg/4382/large/mtg_228_r_kpp_7185_foil.png,"Sarulf, Realm Eater",228,Rare,Foil,Pre-Release Cards
mtg_228_r_pafr_foil,https://card-images.fetchtcg.com/mtg/4382/large/mtg_228_r_pafr_foil.png,Monk Class,228,Rare,Foil,Pre-Release Cards
mtg_228_r_piko_foil,https://card-images.fetchtcg.com/mtg/4382/large/mtg_228_r_piko_foil.png,"Obosh, the Preypiercer",228,Rare,Foil,Pre-Release Cards
mtg_228_r_plci_foil,https://card-images.fetchtcg.com/mtg/4382/large/mtg_228_r_plci_foil.png,Deepfathom Echo,228,Rare,Foil,Pre-Release Cards
mtg_229_m_kpp_7185_foil,https://card-images.fetchtcg.com/mtg/4382/large/mtg_229_m_kpp_7185_foil.png,Showdown of the Skalds,229,Mythic,Foil,Pre-Release Cards
mtg_229_r_pafr_foil,https://card-images.fetchtcg.com/mtg/4382/large/mtg_229_r_pafr_foil.png,"Orcus, Prince of Undeath",229,Rare,Foil,Pre-Release Cards
mtg_23_r_pafr_foil,https://card-images.fetchtcg.com/mtg/4382/large/mtg_23_r_pafr_foil.png,Loyal Warhound,23,Rare,Foil,Pre-Release Cards
mtg_23_r_pm21_foil,https://card-images.fetchtcg.com/mtg/4382/large/mtg_23_r_pm21_foil.png,Idol of Endurance,23,Rare,Foil,Pre-Release Cards
mtg_23_r_pvow_foil,https://card-images.fetchtcg.com/mtg/4382/large/mtg_23_r_pvow_foil.png,Lantern Flare,23,Rare,Foil,Pre-Release Cards
mtg_23_r_pznr_foil,https://card-images.fetchtcg.com/mtg/4382/large/mtg_23_r_pznr_foil.png,Legion Angel,23,Rare,Foil,Pre-Release Cards
mtg_230_r_pafr_foil,https://card-images.fetchtcg.com/mtg/4382/large/mtg_230_r_pafr_foil.png,Rogue Class,230,Rare,Foil,Pre-Release Cards
mtg_231_r_piko_foil,https://card-images.fetchtcg.com/mtg/4382/large/mtg_231_r_piko_foil.png,"Umori, the Collector",231,Rare,Foil,Pre-Release Cards
mtg_232_r_pafr_foil,https://card-images.fetchtcg.com/mtg/4382/large/mtg_232_r_pafr_foil.png,Skeletal Swarming,232,Rare,Foil,Pre-Release Cards
mtg_232_r_piko_foil,https://card-images.fetchtcg.com/mtg/4382/large/mtg_232_r_piko_foil.png,"Yorion, Sky Nomad",232,Rare,Foil,Pre-Release Cards
mtg_232_r_pm21_foil,https://card-images.fetchtcg.com/mtg/4382/large/mtg_232_r_pm21_foil.png,Mazemind Tome,232,Rare,Foil,Pre-Release Cards
mtg_232_r_pstx_foil,https://card-images.fetchtcg.com/mtg/4382/large/mtg_232_r_pstx_foil.png,Silverquill Command,232,Rare,Foil,Pre-Release Cards
mtg_233_r_pafr_foil,https://card-images.fetchtcg.com/mtg/4382/large/mtg_233_r_pafr_foil.png,Sorcerer Class,233,Rare,Foil,Pre-Release Cards
mtg_233_r_pznr_foil,https://card-images.fetchtcg.com/mtg/4382/large/mtg_233_r_pznr_foil.png,"Orah, Skyclave Hierophant",233,Rare,Foil,Pre-Release Cards
mtg_pc-233_M_standard_foil,https://card-images.fetchtcg.com/mtg/4382/large/mtg_pc-233_M_standard_foil.png,"Lightning, Army of One",233,Mythic,Foil,Pre-Release Cards
mtg_234_m_kpp_7185_foil,https://card-images.fetchtcg.com/mtg/4382/large/mtg_234_m_kpp_7185_foil.png,Waking the Trolls,234,Mythic,Foil,Pre-Release Cards
mtg_234_r_piko_foil,https://card-images.fetchtcg.com/mtg/4382/large/mtg_234_r_piko_foil.png,Crystalline Giant,234,Rare,Foil,Pre-Release Cards
mtg_234_r_potj_foil,https://card-images.fetchtcg.com/mtg/4382/large/mtg_234_r_potj_foil.png,"Taii Wakeen, Perfect Shot",234,Rare,Foil,Pre-Release Cards
mtg_235_m_pafr_foil,https://card-images.fetchtcg.com/mtg/4382/large/mtg_235_m_pafr_foil.png,Tiamat,235,Mythic,Foil,Pre-Release Cards
mtg_235_r_pthb_foil,https://card-images.fetchtcg.com/mtg/4382/large/mtg_235_r_pthb_foil.png,Nyx Lotus,235,Rare,Foil,Pre-Release Cards
mtg_237_r_kpp_7185_foil,https://card-images.fetchtcg.com/mtg/4382/large/mtg_237_r_kpp_7185_foil.png,Cosmos Elixir,237,Rare,Foil,Pre-Release Cards
mtg_237_r_pafr_foil,https://card-images.fetchtcg.com/mtg/4382/large/mtg_237_r_pafr_foil.png,Triumphant Adventurer,237,Rare,Foil,Pre-Release Cards
mtg_237_r_piko_foil,https://card-images.fetchtcg.com/mtg/4382/large/mtg_237_r_piko_foil.png,The Ozolith,237,Rare,Foil,Pre-Release Cards
mtg_237_r_pvow_foil,https://card-images.fetchtcg.com/mtg/4382/large/mtg_237_r_pvow_foil.png,"Eruth, Tormented Prophet",237,Rare,Foil,Pre-Release Cards
mtg_238_r_pafr_foil,https://card-images.fetchtcg.com/mtg/4382/large/mtg_238_r_pafr_foil.png,"Volo, Guide to Monsters",238,Rare,Foil,Pre-Release Cards
mtg_238_r_pbro_foil,https://card-images.fetchtcg.com/mtg/4382/large/mtg_238_r_pbro_foil.png,The Mightstone and Weakstone,238,Rare,Foil,Pre-Release Cards
mtg_239_m_pafr_foil,https://card-images.fetchtcg.com/mtg/4382/large/mtg_239_m_pafr_foil.png,"Xanathar, Guild Kingpin",239,Mythic,Foil,Pre-Release Cards
mtg_239_m_pltr_foil,https://card-images.fetchtcg.com/mtg/4382/large/mtg_239_m_pltr_foil.png,Glamdring,239,Mythic,Foil,Pre-Release Cards
mtg_239_r_pm21_foil,https://card-images.fetchtcg.com/mtg/4382/large/mtg_239_r_pm21_foil.png,Solemn Simulacrum,239,Rare,Foil,Pre-Release Cards
mtg_239_r_pvow_foil,https://card-images.fetchtcg.com/mtg/4382/large/mtg_239_r_pvow_foil.png,"Halana and Alena, Partners",239,Rare,Foil,Pre-Release Cards
mtg_239_r_pznr_foil,https://card-images.fetchtcg.com/mtg/4382/large/mtg_239_r_pznr_foil.png,"Verazol, the Split Current",239,Rare,Foil,Pre-Release Cards
mtg_pc-239_R_standard_foil,https://card-images.fetchtcg.com/mtg/4382/large/mtg_pc-239_R_standard_foil.png,Sandbender Scavengers,239,Rare,Foil,Pre-Release Cards
mtg_24_r_kpp_7185_foil,https://card-images.fetchtcg.com/mtg/4382/large/mtg_24_r_kpp_7185_foil.png,Righteous Valkyrie,24,Rare,Foil,Pre-Release Cards
mtg_24_r_piko_foil,https://card-images.fetchtcg.com/mtg/4382/large/mtg_24_r_piko_foil.png,Mythos of Snapdax,24,Rare,Foil,Pre-Release Cards
mtg_24_r_pznr_foil,https://card-images.fetchtcg.com/mtg/4382/large/mtg_24_r_pznr_foil.png,Luminarch Aspirant,24,Rare,Foil,Pre-Release Cards
mtg_pc-24_R_standard_foil,https://card-images.fetchtcg.com/mtg/4382/large/mtg_pc-24_R_standard_foil.png,Lightstall Inquisitor,24,Rare,Foil,Pre-Release Cards
mtg_240_r_kpp_7185_foil,https://card-images.fetchtcg.com/mtg/4382/large/mtg_240_r_kpp_7185_foil.png,Maskwood Nexus,240,Rare,Foil,Pre-Release Cards
mtg_240_r_pdsk_foil,https://card-images.fetchtcg.com/mtg/4382/large/mtg_240_r_pdsk_foil.png,"Winter, Misanthropic Guide",240,Rare,Foil,Pre-Release Cards
mtg_240_r_pm21_foil,https://card-images.fetchtcg.com/mtg/4382/large/mtg_240_r_pm21_foil.png,Sparkhunter Masticore,240,Rare,Foil,Pre-Release Cards
mtg_240_r_pznr_foil,https://card-images.fetchtcg.com/mtg/4382/large/mtg_240_r_pznr_foil.png,"Yasharn, Implacable Earth",240,Rare,Foil,Pre-Release Cards
mtg_241_m_pafr_foil,https://card-images.fetchtcg.com/mtg/4382/large/mtg_241_m_pafr_foil.png,The Deck of Many Things,241,Mythic,Foil,Pre-Release Cards
mtg_241_r_kpp_7185_foil,https://card-images.fetchtcg.com/mtg/4382/large/mtg_241_r_kpp_7185_foil.png,Pyre of Heroes,241,Rare,Foil,Pre-Release Cards
mtg_241_castle-locthwain_r_peld_foil,https://card-images.fetchtcg.com/mtg/4382/large/mtg_241_castle-locthwain_r_peld_foil.png,Castle Locthwain,241_castle-locthwain,Rare,Foil,Pre-Release Cards
mtg_242_m_pmh3_foil,https://card-images.fetchtcg.com/mtg/4382/large/mtg_242_m_pmh3_foil.png,"Tamiyo, Inquisitive Student",242,Mythic,Foil,Pre-Release Cards
mtg_242_animal-sanctuary_r_pm21_foil,https://card-images.fetchtcg.com/mtg/4382/large/mtg_242_animal-sanctuary_r_pm21_foil.png,Animal Sanctuary,242_animal-sanctuary,Rare,Foil,Pre-Release Cards
mtg_243_r_pafr_foil,https://card-images.fetchtcg.com/mtg/4382/large/mtg_243_r_pafr_foil.png,Eye of Vecna,243,Rare,Foil,Pre-Release Cards
mtg_244_m_pznr_foil,https://card-images.fetchtcg.com/mtg/4382/large/mtg_244_m_pznr_foil.png,Forsaken Monument,244,Mythic,Foil,Pre-Release Cards
mtg_244_fabled-passage_r_peld_foil,https://card-images.fetchtcg.com/mtg/4382/large/mtg_244_fabled-passage_r_peld_foil.png,Fabled Passage,244_fabled-passage,Rare,Foil,Pre-Release Cards
mtg_245_m_pvow_foil,https://card-images.fetchtcg.com/mtg/4382/large/mtg_245_m_pvow_foil.png,"Olivia, Crimson Bride",245,Mythic,Foil,Pre-Release Cards
mtg_246_r_pafr_foil,https://card-images.fetchtcg.com/mtg/4382/large/mtg_246_r_pafr_foil.png,Hand of Vecna,246,Rare,Foil,Pre-Release Cards
mtg_246_r_psoi_foil,https://card-images.fetchtcg.com/mtg/4382/large/mtg_246_r_psoi_foil.png,Invocation of Saint Traft,246,Rare,Foil,Pre-Release Cards
mtg_246_r_pznr_foil,https://card-images.fetchtcg.com/mtg/4382/large/mtg_246_r_pznr_foil.png,Myriad Construct,246,Rare,Foil,Pre-Release Cards
mtg_pc-246_R_standard_foil,https://card-images.fetchtcg.com/mtg/4382/large/mtg_pc-246_R_standard_foil.png,"Toph, Hardheaded Teacher",246,Rare,Foil,Pre-Release Cards
mtg_246_fabled-passage_r_pm21_foil,https://card-images.fetchtcg.com/mtg/4382/large/mtg_246_fabled-passage_r_pm21_foil.png,Fabled Passage,246_fabled-passage,Rare,Foil,Pre-Release Cards
mtg_248_indatha-triome_r_piko_foil,https://card-images.fetchtcg.com/mtg/4382/large/mtg_248_indatha-triome_r_piko_foil.png,Indatha Triome,248_indatha-triome,Rare,Foil,Pre-Release Cards
mtg_248_marsh-flats_r_pmh2_foil,https://card-images.fetchtcg.com/mtg/4382/large/mtg_248_marsh-flats_r_pmh2_foil.png,Marsh Flats,248_marsh-flats,Rare,Foil,Pre-Release Cards
mtg_pc-249_R_standard_foil,https://card-images.fetchtcg.com/mtg/4382/large/mtg_pc-249_R_standard_foil.png,The Wandering Minstrel,249,Rare,Foil,Pre-Release Cards
mtg_252_r_pafr_foil,https://card-images.fetchtcg.com/mtg/4382/large/mtg_252_r_pafr_foil.png,Treasure Chest,252,Rare,Foil,Pre-Release Cards
mtg_252_r_pznr_foil,https://card-images.fetchtcg.com/mtg/4382/large/mtg_252_r_pznr_foil.png,Skyclave Relic,252,Rare,Foil,Pre-Release Cards
mtg_252_fabled-passage_r_pblb_foil,https://card-images.fetchtcg.com/mtg/4382/large/mtg_252_fabled-passage_r_pblb_foil.png,Fabled Passage,252_fabled-passage,Rare,Foil,Pre-Release Cards
mtg_252_temple-of-epiphany_r_pm21_foil,https://card-images.fetchtcg.com/mtg/4382/large/mtg_252_temple-of-epiphany_r_pm21_foil.png,Temple of Epiphany,252_temple-of-epiphany,Rare,Foil,Pre-Release Cards
mtg_253_cave-of-the-frost-dragon_r_pafr_foil,https://card-images.fetchtcg.com/mtg/4382/large/mtg_253_cave-of-the-frost-dragon_r_pafr_foil.png,Cave of the Frost Dragon,253_cave-of-the-frost-dragon,Rare,Foil,Pre-Release Cards
mtg_253_fountainport_r_pblb_foil,https://card-images.fetchtcg.com/mtg/4382/large/mtg_253_fountainport_r_pblb_foil.png,Fountainport,253_fountainport,Rare,Foil,Pre-Release Cards
mtg_253_savai-triome_r_piko_foil,https://card-images.fetchtcg.com/mtg/4382/large/mtg_253_savai-triome_r_piko_foil.png,Savai Triome,253_savai-triome,Rare,Foil,Pre-Release Cards
mtg_253_temple-of-malady_r_pm21_foil,https://card-images.fetchtcg.com/mtg/4382/large/mtg_253_temple-of-malady_r_pm21_foil.png,Temple of Malady,253_temple-of-malady,Rare,Foil,Pre-Release Cards
mtg_254_den-of-the-bugbear_r_pafr_foil,https://card-images.fetchtcg.com/mtg/4382/large/mtg_254_den-of-the-bugbear_r_pafr_foil.png,Den of the Bugbear,254_den-of-the-bugbear,Rare,Foil,Pre-Release Cards
mtg_254_temple-of-mystery_r_pm21_foil,https://card-images.fetchtcg.com/mtg/4382/large/mtg_254_temple-of-mystery_r_pm21_foil.png,Temple of Mystery,254_temple-of-mystery,Rare,Foil,Pre-Release Cards
mtg_255_r_pvow_foil,https://card-images.fetchtcg.com/mtg/4382/large/mtg_255_r_pvow_foil.png,Dollhouse of Horrors,255,Rare,Foil,Pre-Release Cards
mtg_255_dungeon-descent_r_pafr_foil,https://card-images.fetchtcg.com/mtg/4382/large/mtg_255_dungeon-descent_r_pafr_foil.png,Dungeon Descent,255_dungeon-descent,Rare,Foil,Pre-Release Cards
mtg_255_faceless-haven_r_kpp_7185_foil,https://card-images.fetchtcg.com/mtg/4382/large/mtg_255_faceless-haven_r_kpp_7185_foil.png,Faceless Haven,255_faceless-haven,Rare,Foil,Pre-Release Cards
mtg_255_temple-of-silence_r_pm21_foil,https://card-images.fetchtcg.com/mtg/4382/large/mtg_255_temple-of-silence_r_pm21_foil.png,Temple of Silence,255_temple-of-silence,Rare,Foil,Pre-Release Cards
mtg_256_temple-of-triumph_r_pm21_foil,https://card-images.fetchtcg.com/mtg/4382/large/mtg_256_temple-of-triumph_r_pm21_foil.png,Temple of Triumph,256_temple-of-triumph,Rare,Foil,Pre-Release Cards
mtg_257_hall-of-storm-giants_r_pafr_foil,https://card-images.fetchtcg.com/mtg/4382/large/mtg_257_hall-of-storm-giants_r_pafr_foil.png,Hall of Storm Giants,257_hall-of-storm-giants,Rare,Foil,Pre-Release Cards
mtg_257_mines-of-moria_r_pltr_foil,https://card-images.fetchtcg.com/mtg/4382/large/mtg_257_mines-of-moria_r_pltr_foil.png,Mines of Moria,257_mines-of-moria,Rare,Foil,Pre-Release Cards
mtg_258_hive-of-the-eye-tyrant_r_pafr_foil,https://card-images.fetchtcg.com/mtg/4382/large/mtg_258_hive-of-the-eye-tyrant_r_pafr_foil.png,Hive of the Eye Tyrant,258_hive-of-the-eye-tyrant,Rare,Foil,Pre-Release Cards
mtg_259_lair-of-the-hydra_r_pafr_foil,https://card-images.fetchtcg.com/mtg/4382/large/mtg_259_lair-of-the-hydra_r_pafr_foil.png,Lair of the Hydra,259_lair-of-the-hydra,Rare,Foil,Pre-Release Cards
mtg_26_r_pmh3_foil,https://card-images.fetchtcg.com/mtg/4382/large/mtg_26_r_pmh3_foil.png,Flare of Fortitude,26,Rare,Foil,Pre-Release Cards
mtg_260_gloomlake-verge_r_pdsk_foil,https://card-images.fetchtcg.com/mtg/4382/large/mtg_260_gloomlake-verge_r_pdsk_foil.png,Gloomlake Verge,260_gloomlake-verge,Rare,Foil,Pre-Release Cards
mtg_pc-261_M_standard_foil,https://card-images.fetchtcg.com/mtg/4382/large/mtg_pc-261_M_standard_foil.png,The Walls of Ba Sing Se,261,Mythic,Foil,Pre-Release Cards
mtg_261_deathcap-glade_r_pvow_foil,https://card-images.fetchtcg.com/mtg/4382/large/mtg_261_deathcap-glade_r_pvow_foil.png,Deathcap Glade,261_deathcap-glade,Rare,Foil,Pre-Release Cards
mtg_261_treasure-vault_r_pafr_foil,https://card-images.fetchtcg.com/mtg/4382/large/mtg_261_treasure-vault_r_pafr_foil.png,Treasure Vault,261_treasure-vault,Rare,Foil,Pre-Release Cards
mtg_262_crawling-barrens_r_pznr_foil,https://card-images.fetchtcg.com/mtg/4382/large/mtg_262_crawling-barrens_r_pznr_foil.png,Crawling Barrens,262_crawling-barrens,Rare,Foil,Pre-Release Cards
mtg_262_dreamroot-cascade_r_pvow_foil,https://card-images.fetchtcg.com/mtg/4382/large/mtg_262_dreamroot-cascade_r_pvow_foil.png,Dreamroot Cascade,262_dreamroot-cascade,Rare,Foil,Pre-Release Cards
mtg_264_shattered-sanctum_r_pvow_foil,https://card-images.fetchtcg.com/mtg/4382/large/mtg_264_shattered-sanctum_r_pvow_foil.png,Shattered Sanctum,264_shattered-sanctum,Rare,Foil,Pre-Release Cards
mtg_265_throne-of-makindi_r_pznr_foil,https://card-images.fetchtcg.com/mtg/4382/large/mtg_265_throne-of-makindi_r_pznr_foil.png,Throne of Makindi,265_throne-of-makindi,Rare,Foil,Pre-Release Cards
mtg_267_voldaren-estate_r_pvow_foil,https://card-images.fetchtcg.com/mtg/4382/large/mtg_267_voldaren-estate_r_pvow_foil.png,Voldaren Estate,267_voldaren-estate,Rare,Foil,Pre-Release Cards
mtg_27_m_pm21_foil,https://card-images.fetchtcg.com/mtg/4382/large/mtg_27_m_pm21_foil.png,"Mangara, the Diplomat",27,Mythic,Foil,Pre-Release Cards
mtg_27_r_kpp_7185_foil,https://card-images.fetchtcg.com/mtg/4382/large/mtg_27_r_kpp_7185_foil.png,Search for Glory,27,Rare,Foil,Pre-Release Cards
mtg_27_r_pafr_foil,https://card-images.fetchtcg.com/mtg/4382/large/mtg_27_r_pafr_foil.png,"Nadaar, Selfless Paladin",27,Rare,Foil,Pre-Release Cards
mtg_27_r_pznr_foil,https://card-images.fetchtcg.com/mtg/4382/large/mtg_27_r_pznr_foil.png,Maul of the Skyclaves,27,Rare,Foil,Pre-Release Cards
mtg_pc-27_M_standard_foil,https://card-images.fetchtcg.com/mtg/4382/large/mtg_pc-27_M_standard_foil.png,The Legend of Yangchen,27,Mythic,Foil,Pre-Release Cards
mtg_pc-272_R_standard_foil,https://card-images.fetchtcg.com/mtg/4382/large/mtg_pc-272_R_standard_foil.png,"Balamb Garden, SeeD Academy",272,Rare,Foil,Pre-Release Cards
mtg_272_tyrite-sanctum_r_kpp_7185_foil,https://card-images.fetchtcg.com/mtg/4382/large/mtg_272_tyrite-sanctum_r_kpp_7185_foil.png,Tyrite Sanctum,272_tyrite-sanctum,Rare,Foil,Pre-Release Cards
mtg_pc-275_R_standard_foil,https://card-images.fetchtcg.com/mtg/4382/large/mtg_pc-275_R_standard_foil.png,Clive's Hideaway,275,Rare,Foil,Pre-Release Cards
mtg_275_the-world-tree_r_kpp_7185_foil,https://card-images.fetchtcg.com/mtg/4382/large/mtg_275_the-world-tree_r_kpp_7185_foil.png,The World Tree,275_the-world-tree,Rare,Foil,Pre-Release Cards
mtg_pc-276_R_standard_foil,https://card-images.fetchtcg.com/mtg/4382/large/mtg_pc-276_R_standard_foil.png,Realm of Koh,276,Rare,Foil,Pre-Release Cards
mtg_pc-278_R_standard_foil,https://card-images.fetchtcg.com/mtg/4382/large/mtg_pc-278_R_standard_foil.png,Secret Tunnel,278,Rare,Foil,Pre-Release Cards
mtg_28_r_pafr_foil,https://card-images.fetchtcg.com/mtg/4382/large/mtg_28_r_pafr_foil.png,Oswald Fiddlebender,28,Rare,Foil,Pre-Release Cards
mtg_28_r_pm21_foil,https://card-images.fetchtcg.com/mtg/4382/large/mtg_28_r_pm21_foil.png,Nine Lives,28,Rare,Foil,Pre-Release Cards
mtg_282_r_pltr_foil,https://card-images.fetchtcg.com/mtg/4382/large/mtg_282_r_pltr_foil.png,"Saradoc, Master of Buckland",282,Rare,Foil,Pre-Release Cards
mtg_pc-285_R_standard_foil,https://card-images.fetchtcg.com/mtg/4382/large/mtg_pc-285_R_standard_foil.png,"Lindblum, Industrial Regency",285,Rare,Foil,Pre-Release Cards
mtg_29_r_kpp_7185_foil,https://card-images.fetchtcg.com/mtg/4382/large/mtg_29_r_kpp_7185_foil.png,"Sigrid, God-Favored",29,Rare,Foil,Pre-Release Cards
mtg_29_r_pafr_foil,https://card-images.fetchtcg.com/mtg/4382/large/mtg_29_r_pafr_foil.png,Paladin Class,29,Rare,Foil,Pre-Release Cards
mtg_29_r_pm21_foil,https://card-images.fetchtcg.com/mtg/4382/large/mtg_29_r_pm21_foil.png,Pack Leader,29,Rare,Foil,Pre-Release Cards
mtg_29_r_pmh2_foil,https://card-images.fetchtcg.com/mtg/4382/large/mtg_29_r_pmh2_foil.png,Search the Premises,29,Rare,Foil,Pre-Release Cards
mtg_32_r_pm21_foil,https://card-images.fetchtcg.com/mtg/4382/large/mtg_32_r_pm21_foil.png,Runed Halo,32,Rare,Foil,Pre-Release Cards
mtg_33_m_kpp_7185_foil,https://card-images.fetchtcg.com/mtg/4382/large/mtg_33_m_kpp_7185_foil.png,Starnheim Unleashed,33,Mythic,Foil,Pre-Release Cards
mtg_pc-33_R_standard_foil,https://card-images.fetchtcg.com/mtg/4382/large/mtg_pc-33_R_standard_foil.png,Voice of Victory,33,Rare,Foil,Pre-Release Cards
mtg_34_m_psnc_foil,https://card-images.fetchtcg.com/mtg/4382/large/mtg_34_m_psnc_foil.png,All-Seeing Arbiter,34,Mythic,Foil,Pre-Release Cards
mtg_34_r_prmkm_foil,https://card-images.fetchtcg.com/mtg/4382/large/mtg_34_r_prmkm_foil.png,Tenth District Hero,34,Rare,Foil,Pre-Release Cards
mtg_34_r_pwoe_foil,https://card-images.fetchtcg.com/mtg/4382/large/mtg_34_r_pwoe_foil.png,A Tale for the Ages,34,Rare,Foil,Pre-Release Cards
mtg_36_r_pltr_foil,https://card-images.fetchtcg.com/mtg/4382/large/mtg_36_r_pltr_foil.png,War of the Last Alliance,36,Rare,Foil,Pre-Release Cards
mtg_36_r_pvow_foil,https://card-images.fetchtcg.com/mtg/4382/large/mtg_36_r_pvow_foil.png,Sigarda's Summons,36,Rare,Foil,Pre-Release Cards
mtg_pc-36_M_standard_foil,https://card-images.fetchtcg.com/mtg/4382/large/mtg_pc-36_M_standard_foil.png,Summon: Knights of Round,36,Mythic,Foil,Pre-Release Cards
mtg_37_r_pmid_foil,https://card-images.fetchtcg.com/mtg/4382/large/mtg_37_r_pmid_foil.png,Sungold Sentinel,37,Rare,Foil,Pre-Release Cards
mtg_38_r_pm21_foil,https://card-images.fetchtcg.com/mtg/4382/large/mtg_38_r_pm21_foil.png,Speaker of the Heavens,38,Rare,Foil,Pre-Release Cards
mtg_39_r_pafr_foil,https://card-images.fetchtcg.com/mtg/4382/large/mtg_39_r_pafr_foil.png,Teleportation Circle,39,Rare,Foil,Pre-Release Cards
mtg_39_r_potj_foil,https://card-images.fetchtcg.com/mtg/4382/large/mtg_39_r_potj_foil.png,Archmage's Newt,39,Rare,Foil,Pre-Release Cards
mtg_39_r_pznr_foil,https://card-images.fetchtcg.com/mtg/4382/large/mtg_39_r_pznr_foil.png,Skyclave Apparition,39,Rare,Foil,Pre-Release Cards
mtg_4_m_pafr_foil,https://card-images.fetchtcg.com/mtg/4382/large/mtg_4_m_pafr_foil.png,The Book of Exalted Deeds,4,Mythic,Foil,Pre-Release Cards
mtg_40_r_pmh3_foil,https://card-images.fetchtcg.com/mtg/4382/large/mtg_40_r_pmh3_foil.png,"Phelia, Exuberant Shepherd",40,Rare,Foil,Pre-Release Cards
mtg_41_m_kpp_7185_foil,https://card-images.fetchtcg.com/mtg/4382/large/mtg_41_m_kpp_7185_foil.png,Alrund's Epiphany,41,Mythic,Foil,Pre-Release Cards
mtg_41_r_psnc_foil,https://card-images.fetchtcg.com/mtg/4382/large/mtg_41_r_psnc_foil.png,"Errant, Street Artist",41,Rare,Foil,Pre-Release Cards
mtg_41_r_pznr_foil,https://card-images.fetchtcg.com/mtg/4382/large/mtg_41_r_pznr_foil.png,Squad Commander,41,Rare,Foil,Pre-Release Cards
mtg_43_r_kpp_7185_foil,https://card-images.fetchtcg.com/mtg/4382/large/mtg_43_r_kpp_7185_foil.png,Ascendant Spirit,43,Rare,Foil,Pre-Release Cards
mtg_44_m_pznr_foil,https://card-images.fetchtcg.com/mtg/4382/large/mtg_44_m_pznr_foil.png,"Tazri, Beacon of Unity",44,Mythic,Foil,Pre-Release Cards
mtg_45_r_pm21_foil,https://card-images.fetchtcg.com/mtg/4382/large/mtg_45_r_pm21_foil.png,"Barrin, Tolarian Archmage",45,Rare,Foil,Pre-Release Cards
mtg_48_m_pm21_foil,https://card-images.fetchtcg.com/mtg/4382/large/mtg_48_m_pm21_foil.png,Discontinuity,48,Mythic,Foil,Pre-Release Cards
mtg_48_r_pafr_foil,https://card-images.fetchtcg.com/mtg/4382/large/mtg_48_r_pafr_foil.png,The Blackstaff of Waterdeep,48,Rare,Foil,Pre-Release Cards
mtg_49_r_pznr_foil,https://card-images.fetchtcg.com/mtg/4382/large/mtg_49_r_pznr_foil.png,"Charix, the Raging Isle",49,Rare,Foil,Pre-Release Cards
mtg_5_r_pznr_foil,https://card-images.fetchtcg.com/mtg/4382/large/mtg_5_r_pznr_foil.png,Archpriest of Iona,5,Rare,Foil,Pre-Release Cards
mtg_51_r_kpp_7185_foil,https://card-images.fetchtcg.com/mtg/4382/large/mtg_51_r_kpp_7185_foil.png,Cosmos Charger,51,Rare,Foil,Pre-Release Cards
mtg_52_r_kpp_7185_foil,https://card-images.fetchtcg.com/mtg/4382/large/mtg_52_r_kpp_7185_foil.png,Cyclone Summoner,52,Rare,Foil,Pre-Release Cards
mtg_52_r_pm21_foil,https://card-images.fetchtcg.com/mtg/4382/large/mtg_52_r_pm21_foil.png,Ghostly Pilferer,52,Rare,Foil,Pre-Release Cards
mtg_pc-52_R_standard_foil,https://card-images.fetchtcg.com/mtg/4382/large/mtg_pc-52_R_standard_foil.png,"Black Cat, Cunning Thief",52,Rare,Foil,Pre-Release Cards
mtg_53_r_pznr_foil,https://card-images.fetchtcg.com/mtg/4382/large/mtg_53_r_pznr_foil.png,Confounding Conundrum,53,Rare,Foil,Pre-Release Cards
mtg_54_r_pznr_foil,https://card-images.fetchtcg.com/mtg/4382/large/mtg_54_r_pznr_foil.png,Coralhelm Chronicler,54,Rare,Foil,Pre-Release Cards
mtg_56_r_pafr_foil,https://card-images.fetchtcg.com/mtg/4382/large/mtg_56_r_pafr_foil.png,Dragon Turtle,56,Rare,Foil,Pre-Release Cards
mtg_58_r_piko_foil,https://card-images.fetchtcg.com/mtg/4382/large/mtg_58_r_piko_foil.png,Mythos of Illuna,58,Rare,Foil,Pre-Release Cards
mtg_59_r_psoi_foil,https://card-images.fetchtcg.com/mtg/4382/large/mtg_59_r_psoi_foil.png,Epiphany at the Drownyard,59,Rare,Foil,Pre-Release Cards
mtg_6_m_pm21_foil,https://card-images.fetchtcg.com/mtg/4382/large/mtg_6_m_pm21_foil.png,Baneslayer Angel,6,Mythic,Foil,Pre-Release Cards
mtg_60_r_pafr_foil,https://card-images.fetchtcg.com/mtg/4382/large/mtg_60_r_pafr_foil.png,"Grazilaxx, Illithid Scholar",60,Rare,Foil,Pre-Release Cards
mtg_60_r_pm21_foil,https://card-images.fetchtcg.com/mtg/4382/large/mtg_60_r_pm21_foil.png,Pursued Whale,60,Rare,Foil,Pre-Release Cards
mtg_61_r_kpp_7185_foil,https://card-images.fetchtcg.com/mtg/4382/large/mtg_61_r_kpp_7185_foil.png,Graven Lore,61,Rare,Foil,Pre-Release Cards
mtg_61_r_pvow_foil,https://card-images.fetchtcg.com/mtg/4382/large/mtg_61_r_pvow_foil.png,"Geralf, Visionary Stitcher",61,Rare,Foil,Pre-Release Cards
mtg_61_r_pznr_foil,https://card-images.fetchtcg.com/mtg/4382/large/mtg_61_r_pznr_foil.png,Inscription of Insight,61,Rare,Foil,Pre-Release Cards
mtg_62_m_pafr_foil,https://card-images.fetchtcg.com/mtg/4382/large/mtg_62_m_pafr_foil.png,"Iymrith, Desert Doom",62,Mythic,Foil,Pre-Release Cards
mtg_63_r_kpp_7185_foil,https://card-images.fetchtcg.com/mtg/4382/large/mtg_63_r_kpp_7185_foil.png,Icebreaker Kraken,63,Rare,Foil,Pre-Release Cards
mtg_63_r_pafr_foil,https://card-images.fetchtcg.com/mtg/4382/large/mtg_63_r_pafr_foil.png,Mind Flayer,63,Rare,Foil,Pre-Release Cards
mtg_64_r_pstx_foil,https://card-images.fetchtcg.com/mtg/4382/large/mtg_64_r_pstx_foil.png,Baleful Mastery,64,Rare,Foil,Pre-Release Cards
mtg_67_m_psnc_foil,https://card-images.fetchtcg.com/mtg/4382/large/mtg_67_m_psnc_foil.png,Angel of Suffering,67,Mythic,Foil,Pre-Release Cards
mtg_67_r_piko_foil,https://card-images.fetchtcg.com/mtg/4382/large/mtg_67_r_piko_foil.png,Shark Typhoon,67,Rare,Foil,Pre-Release Cards
mtg_68_r_pznr_foil,https://card-images.fetchtcg.com/mtg/4382/large/mtg_68_r_pznr_foil.png,Master of Winds,68,Rare,Foil,Pre-Release Cards
mtg_69_r_kpp_7185_foil,https://card-images.fetchtcg.com/mtg/4382/large/mtg_69_r_kpp_7185_foil.png,Mystic Reflection,69,Rare,Foil,Pre-Release Cards
mtg_69_r_pltr_foil,https://card-images.fetchtcg.com/mtg/4382/large/mtg_69_r_pltr_foil.png,Scroll of Isildur,69,Rare,Foil,Pre-Release Cards
mtg_69_r_pm21_foil,https://card-images.fetchtcg.com/mtg/4382/large/mtg_69_r_pm21_foil.png,See the Truth,69,Rare,Foil,Pre-Release Cards
mtg_pc-69_M_standard_foil,https://card-images.fetchtcg.com/mtg/4382/large/mtg_pc-69_M_standard_foil.png,Secret of Bloodbending,69,Mythic,Foil,Pre-Release Cards
mtg_7_m_pm21_foil,https://card-images.fetchtcg.com/mtg/4382/large/mtg_7_m_pm21_foil.png,Basri Ket,7,Mythic,Foil,Pre-Release Cards
mtg_7_r_piko_foil,https://card-images.fetchtcg.com/mtg/4382/large/mtg_7_r_piko_foil.png,Cubwarden,7,Rare,Foil,Pre-Release Cards
mtg_70_r_piko_foil,https://card-images.fetchtcg.com/mtg/4382/large/mtg_70_r_piko_foil.png,Voracious Greatshark,70,Rare,Foil,Pre-Release Cards
mtg_70_r_pm21_foil,https://card-images.fetchtcg.com/mtg/4382/large/mtg_70_r_pm21_foil.png,Shacklegeist,70,Rare,Foil,Pre-Release Cards
mtg_70_r_potj_foil,https://card-images.fetchtcg.com/mtg/4382/large/mtg_70_r_potj_foil.png,Step Between Worlds,70,Rare,Foil,Pre-Release Cards
mtg_71_r_pvow_foil,https://card-images.fetchtcg.com/mtg/4382/large/mtg_71_r_pvow_foil.png,Overcharged Amalgam,71,Rare,Foil,Pre-Release Cards
mtg_72_r_psnc_foil,https://card-images.fetchtcg.com/mtg/4382/large/mtg_72_r_psnc_foil.png,Cut of the Profits,72,Rare,Foil,Pre-Release Cards
mtg_72_r_pznr_foil,https://card-images.fetchtcg.com/mtg/4382/large/mtg_72_r_pznr_foil.png,Nimble Trapfinder,72,Rare,Foil,Pre-Release Cards
mtg_pc-72_M_standard_foil,https://card-images.fetchtcg.com/mtg/4382/large/mtg_pc-72_M_standard_foil.png,Quantum Riddler,72,Mythic,Foil,Pre-Release Cards
mtg_73_r_kpp_7185_foil,https://card-images.fetchtcg.com/mtg/4382/large/mtg_73_r_kpp_7185_foil.png,Reflections of Littjara,73,Rare,Foil,Pre-Release Cards
mtg_73_r_pm21_foil,https://card-images.fetchtcg.com/mtg/4382/large/mtg_73_r_pm21_foil.png,Stormwing Entity,73,Rare,Foil,Pre-Release Cards
mtg_73_r_pthb_foil,https://card-images.fetchtcg.com/mtg/4382/large/mtg_73_r_pthb_foil.png,Thassa's Oracle,73,Rare,Foil,Pre-Release Cards
mtg_pc-73_R_standard_foil,https://card-images.fetchtcg.com/mtg/4382/large/mtg_pc-73_R_standard_foil.png,Avenger of the Fallen,73,Rare,Foil,Pre-Release Cards
mtg_74_r_pm21_foil,https://card-images.fetchtcg.com/mtg/4382/large/mtg_74_r_pm21_foil.png,Sublime Epiphany,74,Rare,Foil,Pre-Release Cards
mtg_75_r_potj_foil,https://card-images.fetchtcg.com/mtg/4382/large/mtg_75_r_potj_foil.png,Three Steps Ahead,75,Rare,Foil,Pre-Release Cards
mtg_76_r_pm21_foil,https://card-images.fetchtcg.com/mtg/4382/large/mtg_76_r_pm21_foil.png,Teferi's Ageless Insight,76,Rare,Foil,Pre-Release Cards
mtg_pc-76_R_standard_foil,https://card-images.fetchtcg.com/mtg/4382/large/mtg_pc-76_R_standard_foil.png,"Ty Lee, Chi Blocker",76,Rare,Foil,Pre-Release Cards
mtg_77_r_phou_foil,https://card-images.fetchtcg.com/mtg/4382/large/mtg_77_r_phou_foil.png,Torment of Hailfire,77,Rare,Foil,Pre-Release Cards
mtg_78_r_pafr_foil,https://card-images.fetchtcg.com/mtg/4382/large/mtg_78_r_pafr_foil.png,Tasha's Hideous Laughter,78,Rare,Foil,Pre-Release Cards
mtg_pc-78_M_standard_foil,https://card-images.fetchtcg.com/mtg/4382/large/mtg_pc-78_M_standard_foil.png,"Wan Shi Tong, Librarian",78,Mythic,Foil,Pre-Release Cards
mtg_pc-78_R_standard_foil,https://card-images.fetchtcg.com/mtg/4382/large/mtg_pc-78_R_standard_foil.png,Starfield Vocalist,78,Rare,Foil,Pre-Release Cards
mtg_79_r_kpp_7185_foil,https://card-images.fetchtcg.com/mtg/4382/large/mtg_79_r_kpp_7185_foil.png,Blood on the Snow,79,Rare,Foil,Pre-Release Cards
mtg_8_r_pafr_foil,https://card-images.fetchtcg.com/mtg/4382/large/mtg_8_r_pafr_foil.png,Dancing Sword,8,Rare,Foil,Pre-Release Cards
mtg_80_r_pafr_foil,https://card-images.fetchtcg.com/mtg/4382/large/mtg_80_r_pafr_foil.png,True Polymorph,80,Rare,Foil,Pre-Release Cards
mtg_81_m_kpp_7185_foil,https://card-images.fetchtcg.com/mtg/4382/large/mtg_81_m_kpp_7185_foil.png,Burning-Rune Demon,81,Mythic,Foil,Pre-Release Cards
mtg_81_r_pbfz_foil,https://card-images.fetchtcg.com/mtg/4382/large/mtg_81_r_pbfz_foil.png,Prism Array,81,Rare,Foil,Pre-Release Cards
mtg_pc-81_R_standard_foil,https://card-images.fetchtcg.com/mtg/4382/large/mtg_pc-81_R_standard_foil.png,Synthesizer Labship,81,Rare,Foil,Pre-Release Cards
mtg_82_r_kpp_7185_foil,https://card-images.fetchtcg.com/mtg/4382/large/mtg_82_r_kpp_7185_foil.png,Crippling Fear,82,Rare,Foil,Pre-Release Cards
mtg_82_r_pafr_foil,https://card-images.fetchtcg.com/mtg/4382/large/mtg_82_r_pafr_foil.png,Wizard's Spellbook,82,Rare,Foil,Pre-Release Cards
mtg_83_r_prna_foil,https://card-images.fetchtcg.com/mtg/4382/large/mtg_83_r_prna_foil.png,Priest of Forgotten Gods,83,Rare,Foil,Pre-Release Cards
mtg_85_r_pbfz_foil,https://card-images.fetchtcg.com/mtg/4382/large/mtg_85_r_pbfz_foil.png,Scatter to the Winds,85,Rare,Foil,Pre-Release Cards
mtg_85_r_pznr_foil,https://card-images.fetchtcg.com/mtg/4382/large/mtg_85_r_pznr_foil.png,Thieving Skydiver,85,Rare,Foil,Pre-Release Cards
mtg_86_r_kpp_7185_foil,https://card-images.fetchtcg.com/mtg/4382/large/mtg_86_r_kpp_7185_foil.png,Draugr Necromancer,86,Rare,Foil,Pre-Release Cards
mtg_86_r_pafr_foil,https://card-images.fetchtcg.com/mtg/4382/large/mtg_86_r_pafr_foil.png,Yuan-Ti Malison,86,Rare,Foil,Pre-Release Cards
mtg_87_m_pafr_foil,https://card-images.fetchtcg.com/mtg/4382/large/mtg_87_m_pafr_foil.png,Acererak the Archlich,87,Mythic,Foil,Pre-Release Cards
mtg_87_r_pwoe_foil,https://card-images.fetchtcg.com/mtg/4382/large/mtg_87_r_pwoe_foil.png,The End,87,Rare,Foil,Pre-Release Cards
mtg_88_r_pafr_foil,https://card-images.fetchtcg.com/mtg/4382/large/mtg_88_r_pafr_foil.png,Asmodeus the Archfiend,88,Rare,Foil,Pre-Release Cards
mtg_88_r_piko_foil,https://card-images.fetchtcg.com/mtg/4382/large/mtg_88_r_piko_foil.png,Extinction Event,88,Rare,Foil,Pre-Release Cards
mtg_9_r_kpp_7185_foil,https://card-images.fetchtcg.com/mtg/4382/large/mtg_9_r_kpp_7185_foil.png,Doomskar,9,Rare,Foil,Pre-Release Cards
mtg_9_r_pm21_foil,https://card-images.fetchtcg.com/mtg/4382/large/mtg_9_r_pm21_foil.png,Basri's Lieutenant,9,Rare,Foil,Pre-Release Cards
mtg_9_r_potj_foil,https://card-images.fetchtcg.com/mtg/4382/large/mtg_9_r_potj_foil.png,Dust Animus,9,Rare,Foil,Pre-Release Cards
mtg_91_m_pafr_foil,https://card-images.fetchtcg.com/mtg/4382/large/mtg_91_m_pafr_foil.png,The Book of Vile Darkness,91,Mythic,Foil,Pre-Release Cards
mtg_92_m_plci_foil,https://card-images.fetchtcg.com/mtg/4382/large/mtg_92_m_plci_foil.png,Bloodletter of Aclazotz,92,Mythic,Foil,Pre-Release Cards
mtg_92_r_piko_foil,https://card-images.fetchtcg.com/mtg/4382/large/mtg_92_r_piko_foil.png,Hunted Nightmare,92,Rare,Foil,Pre-Release Cards
mtg_94_m_kpp_7185_foil,https://card-images.fetchtcg.com/mtg/4382/large/mtg_94_m_kpp_7185_foil.png,Eradicator Valkyrie,94,Mythic,Foil,Pre-Release Cards
mtg_95_r_pm21_foil,https://card-images.fetchtcg.com/mtg/4382/large/mtg_95_r_pm21_foil.png,Demonic Embrace,95,Rare,Foil,Pre-Release Cards
mtg_95_r_pznr_foil,https://card-images.fetchtcg.com/mtg/4382/large/mtg_95_r_pznr_foil.png,Coveted Prize,95,Rare,Foil,Pre-Release Cards
mtg_97_r_piko_foil,https://card-images.fetchtcg.com/mtg/4382/large/mtg_97_r_piko_foil.png,Mythos of Nethroi,97,Rare,Foil,Pre-Release Cards
mtg_98_m_kpp_7185_foil,https://card-images.fetchtcg.com/mtg/4382/large/mtg_98_m_kpp_7185_foil.png,Haunting Voyage,98,Mythic,Foil,Pre-Release Cards
mtg_98_r_pvow_foil,https://card-images.fetchtcg.com/mtg/4382/large/mtg_98_r_pvow_foil.png,Bloodvial Purveyor,98,Rare,Foil,Pre-Release Cards
mtg_pp-td-215_R_standard_foil,https://card-images.fetchtcg.com/mtg/4398/large/mtg_pp-td-215_R_standard_foil.png,Rediscover the Way,215,Rare,Foil,Promo Pack - Tarkir Dragonstorm
mtg_pp-td-215_R_standard_normal,https://card-images.fetchtcg.com/mtg/4398/large/mtg_pp-td-215_R_standard_normal.png,Rediscover the Way,215,Rare,Normal,Promo Pack - Tarkir Dragonstorm
mtg_pp-td-33_R_standard_foil,https://card-images.fetchtcg.com/mtg/4398/large/mtg_pp-td-33_R_standard_foil.png,Voice of Victory,33,Rare,Foil,Promo Pack - Tarkir Dragonstorm
mtg_pp-td-33_R_standard_normal,https://card-images.fetchtcg.com/mtg/4398/large/mtg_pp-td-33_R_standard_normal.png,Voice of Victory,33,Rare,Normal,Promo Pack - Tarkir Dragonstorm
mtg_pp-td-73_R_standard_foil,https://card-images.fetchtcg.com/mtg/4398/large/mtg_pp-td-73_R_standard_foil.png,Avenger of the Fallen,73,Rare,Foil,Promo Pack - Tarkir Dragonstorm
mtg_pp-td-73_R_standard_normal,https://card-images.fetchtcg.com/mtg/4398/large/mtg_pp-td-73_R_standard_normal.png,Avenger of the Fallen,73,Rare,Normal,Promo Pack - Tarkir Dragonstorm
mtg_pp-td-87_M_standard_foil,https://card-images.fetchtcg.com/mtg/4398/large/mtg_pp-td-87_M_standard_foil.png,Rot-Curse Rakshasa,87,Mythic,Foil,Promo Pack - Tarkir Dragonstorm
mtg_pp-td-87_M_standard_normal,https://card-images.fetchtcg.com/mtg/4398/large/mtg_pp-td-87_M_standard_normal.png,Rot-Curse Rakshasa,87,Mythic,Normal,Promo Pack - Tarkir Dragonstorm
mtg_PPEOE-145_R_standard_foil,https://card-images.fetchtcg.com/mtg/4658/large/mtg_PPEOE-145_R_standard_foil.png,Memorial Vault,145,Rare,Foil,Promo Pack: Edge of Eternities
mtg_PPEOE-145_R_standard_normal,https://card-images.fetchtcg.com/mtg/4658/large/mtg_PPEOE-145_R_standard_normal.png,Memorial Vault,145,Rare,Normal,Promo Pack: Edge of Eternities
mtg_PPEOE-148_R_standard_foil,https://card-images.fetchtcg.com/mtg/4658/large/mtg_PPEOE-148_R_standard_foil.png,Nova Hellkite,148,Rare,Foil,Promo Pack: Edge of Eternities
mtg_PPEOE-148_R_standard_normal,https://card-images.fetchtcg.com/mtg/4658/large/mtg_PPEOE-148_R_standard_normal.png,Nova Hellkite,148,Rare,Normal,Promo Pack: Edge of Eternities
mtg_PPEOE-171_R_standard_foil,https://card-images.fetchtcg.com/mtg/4658/large/mtg_PPEOE-171_R_standard_foil.png,Springheart Nantuko,171,Rare,Foil,Promo Pack: Edge of Eternities
mtg_PPEOE-171_R_standard_normal,https://card-images.fetchtcg.com/mtg/4658/large/mtg_PPEOE-171_R_standard_normal.png,Springheart Nantuko,171,Rare,Normal,Promo Pack: Edge of Eternities
mtg_PPEOE-19_R_standard_foil,https://card-images.fetchtcg.com/mtg/4658/large/mtg_PPEOE-19_R_standard_foil.png,"Haliya, Guided by Light",19,Rare,Foil,Promo Pack: Edge of Eternities
mtg_PPEOE-19_R_standard_normal,https://card-images.fetchtcg.com/mtg/4658/large/mtg_PPEOE-19_R_standard_normal.png,"Haliya, Guided by Light",19,Rare,Normal,Promo Pack: Edge of Eternities
mtg_PPEOE-192_R_standard_foil,https://card-images.fetchtcg.com/mtg/4658/large/mtg_PPEOE-192_R_standard_foil.png,Icetill Explorer,192,Rare,Foil,Promo Pack: Edge of Eternities
mtg_PPEOE-192_R_standard_normal,https://card-images.fetchtcg.com/mtg/4658/large/mtg_PPEOE-192_R_standard_normal.png,Icetill Explorer,192,Rare,Normal,Promo Pack: Edge of Eternities
mtg_PPEOE-216_R_standard_foil,https://card-images.fetchtcg.com/mtg/4658/large/mtg_PPEOE-216_R_standard_foil.png,"Dyadrine, Synthesis Amalgam",216,Rare,Foil,Promo Pack: Edge of Eternities
mtg_PPEOE-216_R_standard_normal,https://card-images.fetchtcg.com/mtg/4658/large/mtg_PPEOE-216_R_standard_normal.png,"Dyadrine, Synthesis Amalgam",216,Rare,Normal,Promo Pack: Edge of Eternities
mtg_PPEOE-24_R_standard_foil,https://card-images.fetchtcg.com/mtg/4658/large/mtg_PPEOE-24_R_standard_foil.png,Lightstall Inquisitor,24,Rare,Foil,Promo Pack: Edge of Eternities
mtg_PPEOE-24_R_standard_normal,https://card-images.fetchtcg.com/mtg/4658/large/mtg_PPEOE-24_R_standard_normal.png,Lightstall Inquisitor,24,Rare,Normal,Promo Pack: Edge of Eternities
mtg_PPEOE-35_R_standard_foil,https://card-images.fetchtcg.com/mtg/4658/large/mtg_PPEOE-35_R_standard_foil.png,The Seriema,35,Rare,Foil,Promo Pack: Edge of Eternities
mtg_PPEOE-35_R_standard_normal,https://card-images.fetchtcg.com/mtg/4658/large/mtg_PPEOE-35_R_standard_normal.png,The Seriema,35,Rare,Normal,Promo Pack: Edge of Eternities
mtg_PPEOE-72_M_standard_foil,https://card-images.fetchtcg.com/mtg/4658/large/mtg_PPEOE-72_M_standard_foil.png,Quantum Riddler,72,Mythic,Foil,Promo Pack: Edge of Eternities
mtg_PPEOE-72_M_standard_normal,https://card-images.fetchtcg.com/mtg/4658/large/mtg_PPEOE-72_M_standard_normal.png,Quantum Riddler,72,Mythic,Normal,Promo Pack: Edge of Eternities
mtg_PPEOE-78_R_standard_foil,https://card-images.fetchtcg.com/mtg/4658/large/mtg_PPEOE-78_R_standard_foil.png,Starfield Vocalist,78,Rare,Foil,Promo Pack: Edge of Eternities
mtg_PPEOE-78_R_standard_normal,https://card-images.fetchtcg.com/mtg/4658/large/mtg_PPEOE-78_R_standard_normal.png,Starfield Vocalist,78,Rare,Normal,Promo Pack: Edge of Eternities
mtg_PPEOE-81_R_standard_foil,https://card-images.fetchtcg.com/mtg/4658/large/mtg_PPEOE-81_R_standard_foil.png,Synthesizer Labship,81,Rare,Foil,Promo Pack: Edge of Eternities
mtg_PPEOE-81_R_standard_normal,https://card-images.fetchtcg.com/mtg/4658/large/mtg_PPEOE-81_R_standard_normal.png,Synthesizer Labship,81,Rare,Normal,Promo Pack: Edge of Eternities
mtg_PPSOS-1_M_standard_foil,https://card-images.fetchtcg.com/mtg/4644/large/mtg_PPSOS-1_M_standard_foil.png,The Dawning Archaic,1,Mythic,Foil,Promo Pack: Secrets of Strixhaven
mtg_PPSOS-1_M_standard_normal,https://card-images.fetchtcg.com/mtg/4644/large/mtg_PPSOS-1_M_standard_normal.png,The Dawning Archaic,1,Mythic,Normal,Promo Pack: Secrets of Strixhaven
mtg_PPSOS-102_R_standard_foil,https://card-images.fetchtcg.com/mtg/4644/large/mtg_PPSOS-102_R_standard_foil.png,Tragedy Feaster,102,Rare,Foil,Promo Pack: Secrets of Strixhaven
mtg_PPSOS-102_R_standard_normal,https://card-images.fetchtcg.com/mtg/4644/large/mtg_PPSOS-102_R_standard_normal.png,Tragedy Feaster,102,Rare,Normal,Promo Pack: Secrets of Strixhaven
mtg_PPSOS-105_M_standard_foil,https://card-images.fetchtcg.com/mtg/4644/large/mtg_PPSOS-105_M_standard_foil.png,Withering Curse,105,Mythic,Foil,Promo Pack: Secrets of Strixhaven
mtg_PPSOS-105_M_standard_normal,https://card-images.fetchtcg.com/mtg/4644/large/mtg_PPSOS-105_M_standard_normal.png,Withering Curse,105,Mythic,Normal,Promo Pack: Secrets of Strixhaven
mtg_PPSOS-111_R_standard_foil,https://card-images.fetchtcg.com/mtg/4644/large/mtg_PPSOS-111_R_standard_foil.png,Choreographed Sparks,111,Rare,Foil,Promo Pack: Secrets of Strixhaven
mtg_PPSOS-111_R_standard_normal,https://card-images.fetchtcg.com/mtg/4644/large/mtg_PPSOS-111_R_standard_normal.png,Choreographed Sparks,111,Rare,Normal,Promo Pack: Secrets of Strixhaven
mtg_PPSOS-113_M_standard_foil,https://card-images.fetchtcg.com/mtg/4644/large/mtg_PPSOS-113_M_standard_foil.png,Emeritus of Conflict,113,Mythic,Foil,Promo Pack: Secrets of Strixhaven
mtg_PPSOS-113_M_standard_normal,https://card-images.fetchtcg.com/mtg/4644/large/mtg_PPSOS-113_M_standard_normal.png,Emeritus of Conflict,113,Mythic,Normal,Promo Pack: Secrets of Strixhaven
mtg_PPSOS-115_R_standard_foil,https://card-images.fetchtcg.com/mtg/4644/large/mtg_PPSOS-115_R_standard_foil.png,Flashback,115,Rare,Foil,Promo Pack: Secrets of Strixhaven
mtg_PPSOS-115_R_standard_normal,https://card-images.fetchtcg.com/mtg/4644/large/mtg_PPSOS-115_R_standard_normal.png,Flashback,115,Rare,Normal,Promo Pack: Secrets of Strixhaven
mtg_PPSOS-120_M_standard_foil,https://card-images.fetchtcg.com/mtg/4644/large/mtg_PPSOS-120_M_standard_foil.png,Improvisation Capstone,120,Mythic,Foil,Promo Pack: Secrets of Strixhaven
mtg_PPSOS-120_M_standard_normal,https://card-images.fetchtcg.com/mtg/4644/large/mtg_PPSOS-120_M_standard_normal.png,Improvisation Capstone,120,Mythic,Normal,Promo Pack: Secrets of Strixhaven
mtg_PPSOS-125_R_standard_foil,https://card-images.fetchtcg.com/mtg/4644/large/mtg_PPSOS-125_R_standard_foil.png,Molten-Core Maestro,125,Rare,Foil,Promo Pack: Secrets of Strixhaven
mtg_PPSOS-125_R_standard_normal,https://card-images.fetchtcg.com/mtg/4644/large/mtg_PPSOS-125_R_standard_normal.png,Molten-Core Maestro,125,Rare,Normal,Promo Pack: Secrets of Strixhaven
mtg_PPSOS-140_R_standard_foil,https://card-images.fetchtcg.com/mtg/4644/large/mtg_PPSOS-140_R_standard_foil.png,Ambitious Augmenter,140,Rare,Foil,Promo Pack: Secrets of Strixhaven
mtg_PPSOS-140_R_standard_normal,https://card-images.fetchtcg.com/mtg/4644/large/mtg_PPSOS-140_R_standard_normal.png,Ambitious Augmenter,140,Rare,Normal,Promo Pack: Secrets of Strixhaven
mtg_PPSOS-143_R_standard_foil,https://card-images.fetchtcg.com/mtg/4644/large/mtg_PPSOS-143_R_standard_foil.png,Comforting Counsel,143,Rare,Foil,Promo Pack: Secrets of Strixhaven
mtg_PPSOS-143_R_standard_normal,https://card-images.fetchtcg.com/mtg/4644/large/mtg_PPSOS-143_R_standard_normal.png,Comforting Counsel,143,Rare,Normal,Promo Pack: Secrets of Strixhaven
mtg_PPSOS-145_M_standard_foil,https://card-images.fetchtcg.com/mtg/4644/large/mtg_PPSOS-145_M_standard_foil.png,Emeritus of Abundance,145,Mythic,Foil,Promo Pack: Secrets of Strixhaven
mtg_PPSOS-145_M_standard_normal,https://card-images.fetchtcg.com/mtg/4644/large/mtg_PPSOS-145_M_standard_normal.png,Emeritus of Abundance,145,Mythic,Normal,Promo Pack: Secrets of Strixhaven
mtg_PPSOS-15_R_standard_foil,https://card-images.fetchtcg.com/mtg/4644/large/mtg_PPSOS-15_R_standard_foil.png,Erode,15,Rare,Foil,Promo Pack: Secrets of Strixhaven
mtg_PPSOS-15_R_standard_normal,https://card-images.fetchtcg.com/mtg/4644/large/mtg_PPSOS-15_R_standard_normal.png,Erode,15,Rare,Normal,Promo Pack: Secrets of Strixhaven
mtg_PPSOS-158_R_standard_foil,https://card-images.fetchtcg.com/mtg/4644/large/mtg_PPSOS-158_R_standard_foil.png,Planar Engineering,158,Rare,Foil,Promo Pack: Secrets of Strixhaven
mtg_PPSOS-158_R_standard_normal,https://card-images.fetchtcg.com/mtg/4644/large/mtg_PPSOS-158_R_standard_normal.png,Planar Engineering,158,Rare,Normal,Promo Pack: Secrets of Strixhaven
mtg_PPSOS-160_R_standard_foil,https://card-images.fetchtcg.com/mtg/4644/large/mtg_PPSOS-160_R_standard_foil.png,Slumbering Trudge,160,Rare,Foil,Promo Pack: Secrets of Strixhaven
mtg_PPSOS-160_R_standard_normal,https://card-images.fetchtcg.com/mtg/4644/large/mtg_PPSOS-160_R_standard_normal.png,Slumbering Trudge,160,Rare,Normal,Promo Pack: Secrets of Strixhaven
mtg_PPSOS-166_R_standard_foil,https://card-images.fetchtcg.com/mtg/4644/large/mtg_PPSOS-166_R_standard_foil.png,Vastlands Scavenger,166,Rare,Foil,Promo Pack: Secrets of Strixhaven
mtg_PPSOS-166_R_standard_normal,https://card-images.fetchtcg.com/mtg/4644/large/mtg_PPSOS-166_R_standard_normal.png,Vastlands Scavenger,166,Rare,Normal,Promo Pack: Secrets of Strixhaven
mtg_PPSOS-172_R_standard_foil,https://card-images.fetchtcg.com/mtg/4644/large/mtg_PPSOS-172_R_standard_foil.png,Applied Geometry,172,Rare,Foil,Promo Pack: Secrets of Strixhaven
mtg_PPSOS-172_R_standard_normal,https://card-images.fetchtcg.com/mtg/4644/large/mtg_PPSOS-172_R_standard_normal.png,Applied Geometry,172,Rare,Normal,Promo Pack: Secrets of Strixhaven
mtg_PPSOS-173_R_standard_foil,https://card-images.fetchtcg.com/mtg/4644/large/mtg_PPSOS-173_R_standard_foil.png,Ark of Hunger,173,Rare,Foil,Promo Pack: Secrets of Strixhaven
mtg_PPSOS-173_R_standard_normal,https://card-images.fetchtcg.com/mtg/4644/large/mtg_PPSOS-173_R_standard_normal.png,Ark of Hunger,173,Rare,Normal,Promo Pack: Secrets of Strixhaven
mtg_PPSOS-174_R_standard_foil,https://card-images.fetchtcg.com/mtg/4644/large/mtg_PPSOS-174_R_standard_foil.png,"Aziza, Mage Tower Captain",174,Rare,Foil,Promo Pack: Secrets of Strixhaven
mtg_PPSOS-174_R_standard_normal,https://card-images.fetchtcg.com/mtg/4644/large/mtg_PPSOS-174_R_standard_normal.png,"Aziza, Mage Tower Captain",174,Rare,Normal,Promo Pack: Secrets of Strixhaven
mtg_PPSOS-176_R_standard_foil,https://card-images.fetchtcg.com/mtg/4644/large/mtg_PPSOS-176_R_standard_foil.png,"Blech, Loafing Pest",176,Rare,Foil,Promo Pack: Secrets of Strixhaven
mtg_PPSOS-176_R_standard_normal,https://card-images.fetchtcg.com/mtg/4644/large/mtg_PPSOS-176_R_standard_normal.png,"Blech, Loafing Pest",176,Rare,Normal,Promo Pack: Secrets of Strixhaven
mtg_PPSOS-179_R_standard_foil,https://card-images.fetchtcg.com/mtg/4644/large/mtg_PPSOS-179_R_standard_foil.png,Cauldron of Essence,179,Rare,Foil,Promo Pack: Secrets of Strixhaven
mtg_PPSOS-179_R_standard_normal,https://card-images.fetchtcg.com/mtg/4644/large/mtg_PPSOS-179_R_standard_normal.png,Cauldron of Essence,179,Rare,Normal,Promo Pack: Secrets of Strixhaven
mtg_PPSOS-182_R_standard_foil,https://card-images.fetchtcg.com/mtg/4644/large/mtg_PPSOS-182_R_standard_foil.png,Conciliator's Duelist,182,Rare,Foil,Promo Pack: Secrets of Strixhaven
mtg_PPSOS-182_R_standard_normal,https://card-images.fetchtcg.com/mtg/4644/large/mtg_PPSOS-182_R_standard_normal.png,Conciliator's Duelist,182,Rare,Normal,Promo Pack: Secrets of Strixhaven
mtg_PPSOS-184_R_standard_foil,https://card-images.fetchtcg.com/mtg/4644/large/mtg_PPSOS-184_R_standard_foil.png,Dina's Guidance,184,Rare,Foil,Promo Pack: Secrets of Strixhaven
mtg_PPSOS-184_R_standard_normal,https://card-images.fetchtcg.com/mtg/4644/large/mtg_PPSOS-184_R_standard_normal.png,Dina's Guidance,184,Rare,Normal,Promo Pack: Secrets of Strixhaven
mtg_PPSOS-188_R_standard_foil,https://card-images.fetchtcg.com/mtg/4644/large/mtg_PPSOS-188_R_standard_foil.png,Fix What's Broken,188,Rare,Foil,Promo Pack: Secrets of Strixhaven
mtg_PPSOS-188_R_standard_normal,https://card-images.fetchtcg.com/mtg/4644/large/mtg_PPSOS-188_R_standard_normal.png,Fix What's Broken,188,Rare,Normal,Promo Pack: Secrets of Strixhaven
mtg_PPSOS-191_R_standard_foil,https://card-images.fetchtcg.com/mtg/4644/large/mtg_PPSOS-191_R_standard_foil.png,Geometer's Arthropod,191,Rare,Foil,Promo Pack: Secrets of Strixhaven
mtg_PPSOS-191_R_standard_normal,https://card-images.fetchtcg.com/mtg/4644/large/mtg_PPSOS-191_R_standard_normal.png,Geometer's Arthropod,191,Rare,Normal,Promo Pack: Secrets of Strixhaven
mtg_PPSOS-194_R_standard_foil,https://card-images.fetchtcg.com/mtg/4644/large/mtg_PPSOS-194_R_standard_foil.png,Hardened Academic,194,Rare,Foil,Promo Pack: Secrets of Strixhaven
mtg_PPSOS-194_R_standard_normal,https://card-images.fetchtcg.com/mtg/4644/large/mtg_PPSOS-194_R_standard_normal.png,Hardened Academic,194,Rare,Normal,Promo Pack: Secrets of Strixhaven
mtg_PPSOS-20_R_standard_foil,https://card-images.fetchtcg.com/mtg/4644/large/mtg_PPSOS-20_R_standard_foil.png,Informed Inkwright,20,Rare,Foil,Promo Pack: Secrets of Strixhaven
mtg_PPSOS-20_R_standard_normal,https://card-images.fetchtcg.com/mtg/4644/large/mtg_PPSOS-20_R_standard_normal.png,Informed Inkwright,20,Rare,Normal,Promo Pack: Secrets of Strixhaven
mtg_PPSOS-201_M_standard_foil,https://card-images.fetchtcg.com/mtg/4644/large/mtg_PPSOS-201_M_standard_foil.png,"Lorehold, the Historian",201,Mythic,Foil,Promo Pack: Secrets of Strixhaven
mtg_PPSOS-201_M_standard_normal,https://card-images.fetchtcg.com/mtg/4644/large/mtg_PPSOS-201_M_standard_normal.png,"Lorehold, the Historian",201,Mythic,Normal,Promo Pack: Secrets of Strixhaven
mtg_PPSOS-202_R_standard_foil,https://card-images.fetchtcg.com/mtg/4644/large/mtg_PPSOS-202_R_standard_foil.png,Mind into Matter,202,Rare,Foil,Promo Pack: Secrets of Strixhaven
mtg_PPSOS-202_R_standard_normal,https://card-images.fetchtcg.com/mtg/4644/large/mtg_PPSOS-202_R_standard_normal.png,Mind into Matter,202,Rare,Normal,Promo Pack: Secrets of Strixhaven
mtg_PPSOS-205_R_standard_foil,https://card-images.fetchtcg.com/mtg/4644/large/mtg_PPSOS-205_R_standard_foil.png,Moment of Reckoning,205,Rare,Foil,Promo Pack: Secrets of Strixhaven
mtg_PPSOS-205_R_standard_normal,https://card-images.fetchtcg.com/mtg/4644/large/mtg_PPSOS-205_R_standard_normal.png,Moment of Reckoning,205,Rare,Normal,Promo Pack: Secrets of Strixhaven
mtg_PPSOS-206_R_standard_foil,https://card-images.fetchtcg.com/mtg/4644/large/mtg_PPSOS-206_R_standard_foil.png,"Nita, Forum Conciliator",206,Rare,Foil,Promo Pack: Secrets of Strixhaven
mtg_PPSOS-206_R_standard_normal,https://card-images.fetchtcg.com/mtg/4644/large/mtg_PPSOS-206_R_standard_normal.png,"Nita, Forum Conciliator",206,Rare,Normal,Promo Pack: Secrets of Strixhaven
mtg_PPSOS-212_M_standard_foil,https://card-images.fetchtcg.com/mtg/4644/large/mtg_PPSOS-212_M_standard_foil.png,"Prismari, the Inspiration",212,Mythic,Foil,Promo Pack: Secrets of Strixhaven
mtg_PPSOS-212_M_standard_normal,https://card-images.fetchtcg.com/mtg/4644/large/mtg_PPSOS-212_M_standard_normal.png,"Prismari, the Inspiration",212,Mythic,Normal,Promo Pack: Secrets of Strixhaven
mtg_PPSOS-214_M_standard_foil,https://card-images.fetchtcg.com/mtg/4644/large/mtg_PPSOS-214_M_standard_foil.png,Professor Dellian Fel,214,Mythic,Foil,Promo Pack: Secrets of Strixhaven
mtg_PPSOS-214_M_standard_normal,https://card-images.fetchtcg.com/mtg/4644/large/mtg_PPSOS-214_M_standard_normal.png,Professor Dellian Fel,214,Mythic,Normal,Promo Pack: Secrets of Strixhaven
mtg_PPSOS-218_M_standard_foil,https://card-images.fetchtcg.com/mtg/4644/large/mtg_PPSOS-218_M_standard_foil.png,"Quandrix, the Proof",218,Mythic,Foil,Promo Pack: Secrets of Strixhaven
mtg_PPSOS-218_M_standard_normal,https://card-images.fetchtcg.com/mtg/4644/large/mtg_PPSOS-218_M_standard_normal.png,"Quandrix, the Proof",218,Mythic,Normal,Promo Pack: Secrets of Strixhaven
mtg_PPSOS-221_R_standard_foil,https://card-images.fetchtcg.com/mtg/4644/large/mtg_PPSOS-221_R_standard_foil.png,Resonating Lute,221,Rare,Foil,Promo Pack: Secrets of Strixhaven
mtg_PPSOS-221_R_standard_normal,https://card-images.fetchtcg.com/mtg/4644/large/mtg_PPSOS-221_R_standard_normal.png,Resonating Lute,221,Rare,Normal,Promo Pack: Secrets of Strixhaven
mtg_PPSOS-231_R_standard_foil,https://card-images.fetchtcg.com/mtg/4644/large/mtg_PPSOS-231_R_standard_foil.png,Splatter Technique,231,Rare,Foil,Promo Pack: Secrets of Strixhaven
mtg_PPSOS-231_R_standard_normal,https://card-images.fetchtcg.com/mtg/4644/large/mtg_PPSOS-231_R_standard_normal.png,Splatter Technique,231,Rare,Normal,Promo Pack: Secrets of Strixhaven
mtg_PPSOS-236_R_standard_foil,https://card-images.fetchtcg.com/mtg/4644/large/mtg_PPSOS-236_R_standard_foil.png,Suspend Aggression,236,Rare,Foil,Promo Pack: Secrets of Strixhaven
mtg_PPSOS-236_R_standard_normal,https://card-images.fetchtcg.com/mtg/4644/large/mtg_PPSOS-236_R_standard_normal.png,Suspend Aggression,236,Rare,Normal,Promo Pack: Secrets of Strixhaven
mtg_PPSOS-239_R_standard_foil,https://card-images.fetchtcg.com/mtg/4644/large/mtg_PPSOS-239_R_standard_foil.png,Traumatic Critique,239,Rare,Foil,Promo Pack: Secrets of Strixhaven
mtg_PPSOS-239_R_standard_normal,https://card-images.fetchtcg.com/mtg/4644/large/mtg_PPSOS-239_R_standard_normal.png,Traumatic Critique,239,Rare,Normal,Promo Pack: Secrets of Strixhaven
mtg_PPSOS-241_R_standard_foil,https://card-images.fetchtcg.com/mtg/4644/large/mtg_PPSOS-241_R_standard_foil.png,Vicious Rivalry,241,Rare,Foil,Promo Pack: Secrets of Strixhaven
mtg_PPSOS-241_R_standard_normal,https://card-images.fetchtcg.com/mtg/4644/large/mtg_PPSOS-241_R_standard_normal.png,Vicious Rivalry,241,Rare,Normal,Promo Pack: Secrets of Strixhaven
mtg_PPSOS-245_M_standard_foil,https://card-images.fetchtcg.com/mtg/4644/large/mtg_PPSOS-245_M_standard_foil.png,"Witherbloom, the Balancer",245,Mythic,Foil,Promo Pack: Secrets of Strixhaven
mtg_PPSOS-245_M_standard_normal,https://card-images.fetchtcg.com/mtg/4644/large/mtg_PPSOS-245_M_standard_normal.png,"Witherbloom, the Balancer",245,Mythic,Normal,Promo Pack: Secrets of Strixhaven
mtg_PPSOS-246_R_standard_foil,https://card-images.fetchtcg.com/mtg/4644/large/mtg_PPSOS-246_R_standard_foil.png,Zaffai and the Tempests,246,Rare,Foil,Promo Pack: Secrets of Strixhaven
mtg_PPSOS-246_R_standard_normal,https://card-images.fetchtcg.com/mtg/4644/large/mtg_PPSOS-246_R_standard_normal.png,Zaffai and the Tempests,246,Rare,Normal,Promo Pack: Secrets of Strixhaven
mtg_PPSOS-25_R_standard_foil,https://card-images.fetchtcg.com/mtg/4644/large/mtg_PPSOS-25_R_standard_foil.png,Practiced Offense,25,Rare,Foil,Promo Pack: Secrets of Strixhaven
mtg_PPSOS-25_R_standard_normal,https://card-images.fetchtcg.com/mtg/4644/large/mtg_PPSOS-25_R_standard_normal.png,Practiced Offense,25,Rare,Normal,Promo Pack: Secrets of Strixhaven
mtg_PPSOS-253_R_standard_foil,https://card-images.fetchtcg.com/mtg/4644/large/mtg_PPSOS-253_R_standard_foil.png,Deathcap Glade,253,Rare,Foil,Promo Pack: Secrets of Strixhaven
mtg_PPSOS-253_R_standard_normal,https://card-images.fetchtcg.com/mtg/4644/large/mtg_PPSOS-253_R_standard_normal.png,Deathcap Glade,253,Rare,Normal,Promo Pack: Secrets of Strixhaven
mtg_PPSOS-254_R_standard_foil,https://card-images.fetchtcg.com/mtg/4644/large/mtg_PPSOS-254_R_standard_foil.png,Dreamroot Cascade,254,Rare,Foil,Promo Pack: Secrets of Strixhaven
mtg_PPSOS-254_R_standard_normal,https://card-images.fetchtcg.com/mtg/4644/large/mtg_PPSOS-254_R_standard_normal.png,Dreamroot Cascade,254,Rare,Normal,Promo Pack: Secrets of Strixhaven
mtg_PPSOS-257_R_standard_foil,https://card-images.fetchtcg.com/mtg/4644/large/mtg_PPSOS-257_R_standard_foil.png,Great Hall of the Biblioplex,257,Rare,Foil,Promo Pack: Secrets of Strixhaven
mtg_PPSOS-257_R_standard_normal,https://card-images.fetchtcg.com/mtg/4644/large/mtg_PPSOS-257_R_standard_normal.png,Great Hall of the Biblioplex,257,Rare,Normal,Promo Pack: Secrets of Strixhaven
mtg_PPSOS-260_R_standard_foil,https://card-images.fetchtcg.com/mtg/4644/large/mtg_PPSOS-260_R_standard_foil.png,Shattered Sanctum,260,Rare,Foil,Promo Pack: Secrets of Strixhaven
mtg_PPSOS-260_R_standard_normal,https://card-images.fetchtcg.com/mtg/4644/large/mtg_PPSOS-260_R_standard_normal.png,Shattered Sanctum,260,Rare,Normal,Promo Pack: Secrets of Strixhaven
mtg_PPSOS-263_R_standard_foil,https://card-images.fetchtcg.com/mtg/4644/large/mtg_PPSOS-263_R_standard_foil.png,Stormcarved Coast,263,Rare,Foil,Promo Pack: Secrets of Strixhaven
mtg_PPSOS-263_R_standard_normal,https://card-images.fetchtcg.com/mtg/4644/large/mtg_PPSOS-263_R_standard_normal.png,Stormcarved Coast,263,Rare,Normal,Promo Pack: Secrets of Strixhaven
mtg_PPSOS-264_R_standard_foil,https://card-images.fetchtcg.com/mtg/4644/large/mtg_PPSOS-264_R_standard_foil.png,Sundown Pass,264,Rare,Foil,Promo Pack: Secrets of Strixhaven
mtg_PPSOS-264_R_standard_normal,https://card-images.fetchtcg.com/mtg/4644/large/mtg_PPSOS-264_R_standard_normal.png,Sundown Pass,264,Rare,Normal,Promo Pack: Secrets of Strixhaven
mtg_PPSOS-35_R_standard_foil,https://card-images.fetchtcg.com/mtg/4644/large/mtg_PPSOS-35_R_standard_foil.png,Stirring Hopesinger,35,Rare,Foil,Promo Pack: Secrets of Strixhaven
mtg_PPSOS-35_R_standard_normal,https://card-images.fetchtcg.com/mtg/4644/large/mtg_PPSOS-35_R_standard_normal.png,Stirring Hopesinger,35,Rare,Normal,Promo Pack: Secrets of Strixhaven
mtg_PPSOS-48_R_standard_foil,https://card-images.fetchtcg.com/mtg/4644/large/mtg_PPSOS-48_R_standard_foil.png,Exhibition Tidecaller,48,Rare,Foil,Promo Pack: Secrets of Strixhaven
mtg_PPSOS-48_R_standard_normal,https://card-images.fetchtcg.com/mtg/4644/large/mtg_PPSOS-48_R_standard_normal.png,Exhibition Tidecaller,48,Rare,Normal,Promo Pack: Secrets of Strixhaven
mtg_PPSOS-52_R_standard_foil,https://card-images.fetchtcg.com/mtg/4644/large/mtg_PPSOS-52_R_standard_foil.png,Harmonized Trio,52,Rare,Foil,Promo Pack: Secrets of Strixhaven
mtg_PPSOS-52_R_standard_normal,https://card-images.fetchtcg.com/mtg/4644/large/mtg_PPSOS-52_R_standard_normal.png,Harmonized Trio,52,Rare,Normal,Promo Pack: Secrets of Strixhaven
mtg_PPSOS-55_R_standard_foil,https://card-images.fetchtcg.com/mtg/4644/large/mtg_PPSOS-55_R_standard_foil.png,"Jadzi, Steward of Fate",55,Rare,Foil,Promo Pack: Secrets of Strixhaven
mtg_PPSOS-55_R_standard_normal,https://card-images.fetchtcg.com/mtg/4644/large/mtg_PPSOS-55_R_standard_normal.png,"Jadzi, Steward of Fate",55,Rare,Normal,Promo Pack: Secrets of Strixhaven
mtg_PPSOS-57_R_standard_foil,https://card-images.fetchtcg.com/mtg/4644/large/mtg_PPSOS-57_R_standard_foil.png,Mana Sculpt,57,Rare,Foil,Promo Pack: Secrets of Strixhaven
mtg_PPSOS-57_R_standard_normal,https://card-images.fetchtcg.com/mtg/4644/large/mtg_PPSOS-57_R_standard_normal.png,Mana Sculpt,57,Rare,Normal,Promo Pack: Secrets of Strixhaven
mtg_PPSOS-63_R_standard_foil,https://card-images.fetchtcg.com/mtg/4644/large/mtg_PPSOS-63_R_standard_foil.png,Pensive Professor,63,Rare,Foil,Promo Pack: Secrets of Strixhaven
mtg_PPSOS-63_R_standard_normal,https://card-images.fetchtcg.com/mtg/4644/large/mtg_PPSOS-63_R_standard_normal.png,Pensive Professor,63,Rare,Normal,Promo Pack: Secrets of Strixhaven
mtg_PPSOS-7_R_standard_foil,https://card-images.fetchtcg.com/mtg/4644/large/mtg_PPSOS-7_R_standard_foil.png,Antiquities on the Loose,7,Rare,Foil,Promo Pack: Secrets of Strixhaven
mtg_PPSOS-7_R_standard_normal,https://card-images.fetchtcg.com/mtg/4644/large/mtg_PPSOS-7_R_standard_normal.png,Antiquities on the Loose,7,Rare,Normal,Promo Pack: Secrets of Strixhaven
mtg_PPSOS-91_R_standard_foil,https://card-images.fetchtcg.com/mtg/4644/large/mtg_PPSOS-91_R_standard_foil.png,"Moseo, Vein's New Dean",91,Rare,Foil,Promo Pack: Secrets of Strixhaven
mtg_PPSOS-91_R_standard_normal,https://card-images.fetchtcg.com/mtg/4644/large/mtg_PPSOS-91_R_standard_normal.png,"Moseo, Vein's New Dean",91,Rare,Normal,Promo Pack: Secrets of Strixhaven
mtg_PPSOS-93_R_standard_foil,https://card-images.fetchtcg.com/mtg/4644/large/mtg_PPSOS-93_R_standard_foil.png,Postmortem Professor,93,Rare,Foil,Promo Pack: Secrets of Strixhaven
mtg_PPSOS-93_R_standard_normal,https://card-images.fetchtcg.com/mtg/4644/large/mtg_PPSOS-93_R_standard_normal.png,Postmortem Professor,93,Rare,Normal,Promo Pack: Secrets of Strixhaven
mtg_PPSOS-97_M_standard_foil,https://card-images.fetchtcg.com/mtg/4644/large/mtg_PPSOS-97_M_standard_foil.png,"Ral Zarek, Guest Lecturer",97,Mythic,Foil,Promo Pack: Secrets of Strixhaven
mtg_PPSOS-97_M_standard_normal,https://card-images.fetchtcg.com/mtg/4644/large/mtg_PPSOS-97_M_standard_normal.png,"Ral Zarek, Guest Lecturer",97,Mythic,Normal,Promo Pack: Secrets of Strixhaven
mtg_PPSOS-99_R_standard_foil,https://card-images.fetchtcg.com/mtg/4644/large/mtg_PPSOS-99_R_standard_foil.png,Scheming Silvertongue,99,Rare,Foil,Promo Pack: Secrets of Strixhaven
mtg_PPSOS-99_R_standard_normal,https://card-images.fetchtcg.com/mtg/4644/large/mtg_PPSOS-99_R_standard_normal.png,Scheming Silvertongue,99,Rare,Normal,Promo Pack: Secrets of Strixhaven
mtg_108_r_rna_foil,https://card-images.fetchtcg.com/mtg/3148/large/mtg_108_r_rna_foil.png,Mirror March,108,Rare,Foil,Ravnica Allegiance
mtg_108_r_rna_normal,https://card-images.fetchtcg.com/mtg/3148/large/mtg_108_r_rna_normal.png,Mirror March,108,Rare,Normal,Ravnica Allegiance
mtg_83_r_rna_foil,https://card-images.fetchtcg.com/mtg/3148/large/mtg_83_r_rna_foil.png,Priest of Forgotten Gods,83,Rare,Foil,Ravnica Allegiance
mtg_83_r_rna_normal,https://card-images.fetchtcg.com/mtg/3148/large/mtg_83_r_rna_normal.png,Priest of Forgotten Gods,83,Rare,Normal,Ravnica Allegiance
mtg_280_hallowed-fountain_r_rvr_foil,https://card-images.fetchtcg.com/mtg/3159/large/mtg_280_hallowed-fountain_r_rvr_foil.png,Hallowed Fountain,280_hallowed-fountain,Rare,Foil,Ravnica Remastered
mtg_280_hallowed-fountain_r_rvr_normal,https://card-images.fetchtcg.com/mtg/3159/large/mtg_280_hallowed-fountain_r_rvr_normal.png,Hallowed Fountain,280_hallowed-fountain,Rare,Normal,Ravnica Remastered
mtg_125_r_pres_foil,https://card-images.fetchtcg.com/mtg/3163/large/mtg_125_r_pres_foil.png,Calamity Bearer,125,Rare,Foil,Resale Promos
mtg_127_r_pres_foil,https://card-images.fetchtcg.com/mtg/3163/large/mtg_127_r_pres_foil.png,"Vito, Thorn of the Dusk Rose",127,Rare,Foil,Resale Promos
mtg_162_r_pres_foil,https://card-images.fetchtcg.com/mtg/3163/large/mtg_162_r_pres_foil.png,"Kogla, the Titan Ape",162,Rare,Foil,Resale Promos
mtg_203_r_pres_foil,https://card-images.fetchtcg.com/mtg/3163/large/mtg_203_r_pres_foil.png,Scute Swarm,203,Rare,Foil,Resale Promos
mtg_374_r_pres_foil,https://card-images.fetchtcg.com/mtg/3163/large/mtg_374_r_pres_foil.png,Valkyrie Harbinger,374,Rare,Foil,Resale Promos
mtg_376_r_pres_foil,https://card-images.fetchtcg.com/mtg/3163/large/mtg_376_r_pres_foil.png,Cleaving Reaper,376,Rare,Foil,Resale Promos
mtg_52_r_pres_foil,https://card-images.fetchtcg.com/mtg/3163/large/mtg_52_r_pres_foil.png,Cyclone Summoner,52,Rare,Foil,Resale Promos
mtg_147_r_rix_foil,https://card-images.fetchtcg.com/mtg/3173/large/mtg_147_r_rix_foil.png,Tendershoot Dryad,147,Rare,Foil,Rivals of Ixalan
mtg_147_r_rix_normal,https://card-images.fetchtcg.com/mtg/3173/large/mtg_147_r_rix_normal.png,Tendershoot Dryad,147,Rare,Normal,Rivals of Ixalan
mtg_163_m_ps18_foil,https://card-images.fetchtcg.com/mtg/3183/large/mtg_163_m_ps18_foil.png,"Nissa, Vital Force",163,Mythic,Foil,San Diego Comic-Con 2018
mtg_110_r_som_foil,https://card-images.fetchtcg.com/mtg/3187/large/mtg_110_r_som_foil.png,Asceticism,110,Rare,Foil,Scars of Mirrodin
mtg_110_r_som_normal,https://card-images.fetchtcg.com/mtg/3187/large/mtg_110_r_som_normal.png,Asceticism,110,Rare,Normal,Scars of Mirrodin
mtg_226_darkslick-shores_r_som_foil,https://card-images.fetchtcg.com/mtg/3187/large/mtg_226_darkslick-shores_r_som_foil.png,Darkslick Shores,226_darkslick-shores,Rare,Foil,Scars of Mirrodin
mtg_226_darkslick-shores_r_som_normal,https://card-images.fetchtcg.com/mtg/3187/large/mtg_226_darkslick-shores_r_som_normal.png,Darkslick Shores,226_darkslick-shores,Rare,Normal,Scars of Mirrodin
mtg_sldspkjp-7054_R_standard_normal,https://card-images.fetchtcg.com/mtg/3199/large/mtg_sldspkjp-7054_R_standard_normal.png,Growth Spiral,7054,Rare,Normal,Secret Lair Drop Series
mtg_12_r_slp_foil,https://card-images.fetchtcg.com/mtg/3205/large/mtg_12_r_slp_foil.png,Explore,12,Rare,Foil,Secret Lair Showdown
mtg_12_r_slp_normal,https://card-images.fetchtcg.com/mtg/3205/large/mtg_12_r_slp_normal.png,Explore,12,Rare,Normal,Secret Lair Showdown
mtg_13_r_slp_foil,https://card-images.fetchtcg.com/mtg/3205/large/mtg_13_r_slp_foil.png,Expressive Iteration,13,Rare,Foil,Secret Lair Showdown
mtg_13_r_slp_normal,https://card-images.fetchtcg.com/mtg/3205/large/mtg_13_r_slp_normal.png,Expressive Iteration,13,Rare,Normal,Secret Lair Showdown
mtg_2_m_slda_foil,https://card-images.fetchtcg.com/mtg/3194/large/mtg_2_m_slda_foil.png,Angel of Destiny,2,Mythic,Foil,Secret Lair: Angels
mtg_232_r_slda_normal,https://card-images.fetchtcg.com/mtg/3194/large/mtg_232_r_slda_normal.png,Mazemind Tome,232,Rare,Normal,Secret Lair: Angels
mtg_237_r_slda_normal,https://card-images.fetchtcg.com/mtg/3194/large/mtg_237_r_slda_normal.png,Cosmos Elixir,237,Rare,Normal,Secret Lair: Angels
mtg_24_r_slda_foil,https://card-images.fetchtcg.com/mtg/3194/large/mtg_24_r_slda_foil.png,Righteous Valkyrie,24,Rare,Foil,Secret Lair: Angels
mtg_191_r_slfctb_11d8_normal,https://card-images.fetchtcg.com/mtg/3200/large/mtg_191_r_slfctb_11d8_normal.png,"Jolrael, Mwonvuli Recluse",191,Rare,Normal,Secret Lair: From Cute to Brute
mtg_266_rimewood-falls_c_slfctb_11d8_normal,https://card-images.fetchtcg.com/mtg/3200/large/mtg_266_rimewood-falls_c_slfctb_11d8_normal.png,Rimewood Falls,266_rimewood-falls,Common,Normal,Secret Lair: From Cute to Brute
mtg_274_woodland-chasm_sld-khm-274-en_c_slfctb_11d8_normal,https://card-images.fetchtcg.com/mtg/3200/large/mtg_274_woodland-chasm_sld-khm-274-en_c_slfctb_11d8_normal.png,Woodland Chasm,274_woodland-chasm_sld-khm-274-en,Common,Normal,Secret Lair: From Cute to Brute
mtg_108_r_phed_normal,https://card-images.fetchtcg.com/mtg/3202/large/mtg_108_r_phed_normal.png,Mirror March,108,Rare,Normal,"Secret Lair: Heads I Win, Tails You Lose"
mtg_118_u_phed_normal,https://card-images.fetchtcg.com/mtg/3202/large/mtg_118_u_phed_normal.png,Footfall Crater,118,Uncommon,Normal,"Secret Lair: Heads I Win, Tails You Lose"
mtg_252_temple-of-epiphany_r_phed_foil,https://card-images.fetchtcg.com/mtg/3202/large/mtg_252_temple-of-epiphany_r_phed_foil.png,Temple of Epiphany,252_temple-of-epiphany,Rare,Foil,"Secret Lair: Heads I Win, Tails You Lose"
mtg_358_training-center_r_phed_normal,https://card-images.fetchtcg.com/mtg/3202/large/mtg_358_training-center_r_phed_normal.png,Training Center,358_training-center,Rare,Normal,"Secret Lair: Heads I Win, Tails You Lose"
mtg_SOS-1_M_standard_foil,https://card-images.fetchtcg.com/mtg/4641/large/mtg_SOS-1_M_standard_foil.png,The Dawning Archaic,1,Mythic,Foil,Secrets of Strixhaven
mtg_SOS-1_M_standard_normal,https://card-images.fetchtcg.com/mtg/4641/large/mtg_SOS-1_M_standard_normal.png,The Dawning Archaic,1,Mythic,Normal,Secrets of Strixhaven
mtg_SOS-101_C_standard_foil,https://card-images.fetchtcg.com/mtg/4641/large/mtg_SOS-101_C_standard_foil.png,Sneering Shadewriter,101,Common,Foil,Secrets of Strixhaven
mtg_SOS-101_C_standard_normal,https://card-images.fetchtcg.com/mtg/4641/large/mtg_SOS-101_C_standard_normal.png,Sneering Shadewriter,101,Common,Normal,Secrets of Strixhaven
mtg_SOS-102_R_standard_foil,https://card-images.fetchtcg.com/mtg/4641/large/mtg_SOS-102_R_standard_foil.png,Tragedy Feaster,102,Rare,Foil,Secrets of Strixhaven
mtg_SOS-102_R_standard_normal,https://card-images.fetchtcg.com/mtg/4641/large/mtg_SOS-102_R_standard_normal.png,Tragedy Feaster,102,Rare,Normal,Secrets of Strixhaven
mtg_SOS-105_M_standard_foil,https://card-images.fetchtcg.com/mtg/4641/large/mtg_SOS-105_M_standard_foil.png,Withering Curse,105,Mythic,Foil,Secrets of Strixhaven
mtg_SOS-105_M_standard_normal,https://card-images.fetchtcg.com/mtg/4641/large/mtg_SOS-105_M_standard_normal.png,Withering Curse,105,Mythic,Normal,Secrets of Strixhaven
mtg_SOS-111_R_standard_foil,https://card-images.fetchtcg.com/mtg/4641/large/mtg_SOS-111_R_standard_foil.png,Choreographed Sparks,111,Rare,Foil,Secrets of Strixhaven
mtg_SOS-111_R_standard_normal,https://card-images.fetchtcg.com/mtg/4641/large/mtg_SOS-111_R_standard_normal.png,Choreographed Sparks,111,Rare,Normal,Secrets of Strixhaven
mtg_SOS-113_M_standard_foil,https://card-images.fetchtcg.com/mtg/4641/large/mtg_SOS-113_M_standard_foil.png,Emeritus of Conflict,113,Mythic,Foil,Secrets of Strixhaven
mtg_SOS-113_M_standard_normal,https://card-images.fetchtcg.com/mtg/4641/large/mtg_SOS-113_M_standard_normal.png,Emeritus of Conflict,113,Mythic,Normal,Secrets of Strixhaven
mtg_SOS-114_C_standard_foil,https://card-images.fetchtcg.com/mtg/4641/large/mtg_SOS-114_C_standard_foil.png,Expressive Firedancer,114,Common,Foil,Secrets of Strixhaven
mtg_SOS-114_C_standard_normal,https://card-images.fetchtcg.com/mtg/4641/large/mtg_SOS-114_C_standard_normal.png,Expressive Firedancer,114,Common,Normal,Secrets of Strixhaven
mtg_SOS-115_R_standard_foil,https://card-images.fetchtcg.com/mtg/4641/large/mtg_SOS-115_R_standard_foil.png,Flashback,115,Rare,Foil,Secrets of Strixhaven
mtg_SOS-115_R_standard_normal,https://card-images.fetchtcg.com/mtg/4641/large/mtg_SOS-115_R_standard_normal.png,Flashback,115,Rare,Normal,Secrets of Strixhaven
mtg_SOS-116_U_standard_foil,https://card-images.fetchtcg.com/mtg/4641/large/mtg_SOS-116_U_standard_foil.png,Garrison Excavator,116,Uncommon,Foil,Secrets of Strixhaven
mtg_SOS-116_U_standard_normal,https://card-images.fetchtcg.com/mtg/4641/large/mtg_SOS-116_U_standard_normal.png,Garrison Excavator,116,Uncommon,Normal,Secrets of Strixhaven
mtg_SOS-120_M_standard_foil,https://card-images.fetchtcg.com/mtg/4641/large/mtg_SOS-120_M_standard_foil.png,Improvisation Capstone,120,Mythic,Foil,Secrets of Strixhaven
mtg_SOS-120_M_standard_normal,https://card-images.fetchtcg.com/mtg/4641/large/mtg_SOS-120_M_standard_normal.png,Improvisation Capstone,120,Mythic,Normal,Secrets of Strixhaven
mtg_SOS-125_R_standard_foil,https://card-images.fetchtcg.com/mtg/4641/large/mtg_SOS-125_R_standard_foil.png,Molten-Core Maestro,125,Rare,Foil,Secrets of Strixhaven
mtg_SOS-125_R_standard_normal,https://card-images.fetchtcg.com/mtg/4641/large/mtg_SOS-125_R_standard_normal.png,Molten-Core Maestro,125,Rare,Normal,Secrets of Strixhaven
mtg_SOS-128_C_standard_foil,https://card-images.fetchtcg.com/mtg/4641/large/mtg_SOS-128_C_standard_foil.png,Rubble Rouser,128,Common,Foil,Secrets of Strixhaven
mtg_SOS-128_C_standard_normal,https://card-images.fetchtcg.com/mtg/4641/large/mtg_SOS-128_C_standard_normal.png,Rubble Rouser,128,Common,Normal,Secrets of Strixhaven
mtg_SOS-140_R_standard_foil,https://card-images.fetchtcg.com/mtg/4641/large/mtg_SOS-140_R_standard_foil.png,Ambitious Augmenter,140,Rare,Foil,Secrets of Strixhaven
mtg_SOS-140_R_standard_normal,https://card-images.fetchtcg.com/mtg/4641/large/mtg_SOS-140_R_standard_normal.png,Ambitious Augmenter,140,Rare,Normal,Secrets of Strixhaven
mtg_SOS-143_R_standard_foil,https://card-images.fetchtcg.com/mtg/4641/large/mtg_SOS-143_R_standard_foil.png,Comforting Counsel,143,Rare,Foil,Secrets of Strixhaven
mtg_SOS-143_R_standard_normal,https://card-images.fetchtcg.com/mtg/4641/large/mtg_SOS-143_R_standard_normal.png,Comforting Counsel,143,Rare,Normal,Secrets of Strixhaven
mtg_SOS-145_M_standard_foil,https://card-images.fetchtcg.com/mtg/4641/large/mtg_SOS-145_M_standard_foil.png,Emeritus of Abundance,145,Mythic,Foil,Secrets of Strixhaven
mtg_SOS-145_M_standard_normal,https://card-images.fetchtcg.com/mtg/4641/large/mtg_SOS-145_M_standard_normal.png,Emeritus of Abundance,145,Mythic,Normal,Secrets of Strixhaven
mtg_SOS-15_R_standard_foil,https://card-images.fetchtcg.com/mtg/4641/large/mtg_SOS-15_R_standard_foil.png,Erode,15,Rare,Foil,Secrets of Strixhaven
mtg_SOS-15_R_standard_normal,https://card-images.fetchtcg.com/mtg/4641/large/mtg_SOS-15_R_standard_normal.png,Erode,15,Rare,Normal,Secrets of Strixhaven
mtg_SOS-154_C_standard_foil,https://card-images.fetchtcg.com/mtg/4641/large/mtg_SOS-154_C_standard_foil.png,Mindful Biomancer,154,Common,Foil,Secrets of Strixhaven
mtg_SOS-154_C_standard_normal,https://card-images.fetchtcg.com/mtg/4641/large/mtg_SOS-154_C_standard_normal.png,Mindful Biomancer,154,Common,Normal,Secrets of Strixhaven
mtg_SOS-158_R_standard_foil,https://card-images.fetchtcg.com/mtg/4641/large/mtg_SOS-158_R_standard_foil.png,Planar Engineering,158,Rare,Foil,Secrets of Strixhaven
mtg_SOS-158_R_standard_normal,https://card-images.fetchtcg.com/mtg/4641/large/mtg_SOS-158_R_standard_normal.png,Planar Engineering,158,Rare,Normal,Secrets of Strixhaven
mtg_SOS-160_R_standard_foil,https://card-images.fetchtcg.com/mtg/4641/large/mtg_SOS-160_R_standard_foil.png,Slumbering Trudge,160,Rare,Foil,Secrets of Strixhaven
mtg_SOS-160_R_standard_normal,https://card-images.fetchtcg.com/mtg/4641/large/mtg_SOS-160_R_standard_normal.png,Slumbering Trudge,160,Rare,Normal,Secrets of Strixhaven
mtg_SOS-166_R_standard_foil,https://card-images.fetchtcg.com/mtg/4641/large/mtg_SOS-166_R_standard_foil.png,Vastlands Scavenger,166,Rare,Foil,Secrets of Strixhaven
mtg_SOS-166_R_standard_normal,https://card-images.fetchtcg.com/mtg/4641/large/mtg_SOS-166_R_standard_normal.png,Vastlands Scavenger,166,Rare,Normal,Secrets of Strixhaven
mtg_SOS-172_R_standard_foil,https://card-images.fetchtcg.com/mtg/4641/large/mtg_SOS-172_R_standard_foil.png,Applied Geometry,172,Rare,Foil,Secrets of Strixhaven
mtg_SOS-172_R_standard_normal,https://card-images.fetchtcg.com/mtg/4641/large/mtg_SOS-172_R_standard_normal.png,Applied Geometry,172,Rare,Normal,Secrets of Strixhaven
mtg_SOS-173_R_standard_foil,https://card-images.fetchtcg.com/mtg/4641/large/mtg_SOS-173_R_standard_foil.png,Ark of Hunger,173,Rare,Foil,Secrets of Strixhaven
mtg_SOS-173_R_standard_normal,https://card-images.fetchtcg.com/mtg/4641/large/mtg_SOS-173_R_standard_normal.png,Ark of Hunger,173,Rare,Normal,Secrets of Strixhaven
mtg_SOS-174_R_standard_foil,https://card-images.fetchtcg.com/mtg/4641/large/mtg_SOS-174_R_standard_foil.png,"Aziza, Mage Tower Captain",174,Rare,Foil,Secrets of Strixhaven
mtg_SOS-174_R_standard_normal,https://card-images.fetchtcg.com/mtg/4641/large/mtg_SOS-174_R_standard_normal.png,"Aziza, Mage Tower Captain",174,Rare,Normal,Secrets of Strixhaven
mtg_SOS-176_R_standard_foil,https://card-images.fetchtcg.com/mtg/4641/large/mtg_SOS-176_R_standard_foil.png,"Blech, Loafing Pest",176,Rare,Foil,Secrets of Strixhaven
mtg_SOS-176_R_standard_normal,https://card-images.fetchtcg.com/mtg/4641/large/mtg_SOS-176_R_standard_normal.png,"Blech, Loafing Pest",176,Rare,Normal,Secrets of Strixhaven
mtg_SOS-179_R_standard_foil,https://card-images.fetchtcg.com/mtg/4641/large/mtg_SOS-179_R_standard_foil.png,Cauldron of Essence,179,Rare,Foil,Secrets of Strixhaven
mtg_SOS-179_R_standard_normal,https://card-images.fetchtcg.com/mtg/4641/large/mtg_SOS-179_R_standard_normal.png,Cauldron of Essence,179,Rare,Normal,Secrets of Strixhaven
mtg_SOS-180_R_standard_foil,https://card-images.fetchtcg.com/mtg/4641/large/mtg_SOS-180_R_standard_foil.png,Colorstorm Stallion,180,Rare,Foil,Secrets of Strixhaven
mtg_SOS-180_R_standard_normal,https://card-images.fetchtcg.com/mtg/4641/large/mtg_SOS-180_R_standard_normal.png,Colorstorm Stallion,180,Rare,Normal,Secrets of Strixhaven
mtg_SOS-182_R_standard_foil,https://card-images.fetchtcg.com/mtg/4641/large/mtg_SOS-182_R_standard_foil.png,Conciliator's Duelist,182,Rare,Foil,Secrets of Strixhaven
mtg_SOS-182_R_standard_normal,https://card-images.fetchtcg.com/mtg/4641/large/mtg_SOS-182_R_standard_normal.png,Conciliator's Duelist,182,Rare,Normal,Secrets of Strixhaven
mtg_SOS-184_R_standard_foil,https://card-images.fetchtcg.com/mtg/4641/large/mtg_SOS-184_R_standard_foil.png,Dina's Guidance,184,Rare,Foil,Secrets of Strixhaven
mtg_SOS-184_R_standard_normal,https://card-images.fetchtcg.com/mtg/4641/large/mtg_SOS-184_R_standard_normal.png,Dina's Guidance,184,Rare,Normal,Secrets of Strixhaven
mtg_SOS-186_C_standard_foil,https://card-images.fetchtcg.com/mtg/4641/large/mtg_SOS-186_C_standard_foil.png,Embrace the Paradox,186,Common,Foil,Secrets of Strixhaven
mtg_SOS-186_C_standard_normal,https://card-images.fetchtcg.com/mtg/4641/large/mtg_SOS-186_C_standard_normal.png,Embrace the Paradox,186,Common,Normal,Secrets of Strixhaven
mtg_SOS-188_R_standard_foil,https://card-images.fetchtcg.com/mtg/4641/large/mtg_SOS-188_R_standard_foil.png,Fix What's Broken,188,Rare,Foil,Secrets of Strixhaven
mtg_SOS-188_R_standard_normal,https://card-images.fetchtcg.com/mtg/4641/large/mtg_SOS-188_R_standard_normal.png,Fix What's Broken,188,Rare,Normal,Secrets of Strixhaven
mtg_SOS-191_R_standard_foil,https://card-images.fetchtcg.com/mtg/4641/large/mtg_SOS-191_R_standard_foil.png,Geometer's Arthropod,191,Rare,Foil,Secrets of Strixhaven
mtg_SOS-191_R_standard_normal,https://card-images.fetchtcg.com/mtg/4641/large/mtg_SOS-191_R_standard_normal.png,Geometer's Arthropod,191,Rare,Normal,Secrets of Strixhaven
mtg_SOS-192_C_standard_foil,https://card-images.fetchtcg.com/mtg/4641/large/mtg_SOS-192_C_standard_foil.png,Grapple with Death,192,Common,Foil,Secrets of Strixhaven
mtg_SOS-192_C_standard_normal,https://card-images.fetchtcg.com/mtg/4641/large/mtg_SOS-192_C_standard_normal.png,Grapple with Death,192,Common,Normal,Secrets of Strixhaven
mtg_SOS-194_R_standard_foil,https://card-images.fetchtcg.com/mtg/4641/large/mtg_SOS-194_R_standard_foil.png,Hardened Academic,194,Rare,Foil,Secrets of Strixhaven
mtg_SOS-194_R_standard_normal,https://card-images.fetchtcg.com/mtg/4641/large/mtg_SOS-194_R_standard_normal.png,Hardened Academic,194,Rare,Normal,Secrets of Strixhaven
mtg_SOS-20_R_standard_foil,https://card-images.fetchtcg.com/mtg/4641/large/mtg_SOS-20_R_standard_foil.png,Informed Inkwright,20,Rare,Foil,Secrets of Strixhaven
mtg_SOS-20_R_standard_normal,https://card-images.fetchtcg.com/mtg/4641/large/mtg_SOS-20_R_standard_normal.png,Informed Inkwright,20,Rare,Normal,Secrets of Strixhaven
mtg_SOS-201_M_standard_foil,https://card-images.fetchtcg.com/mtg/4641/large/mtg_SOS-201_M_standard_foil.png,"Lorehold, the Historian",201,Mythic,Foil,Secrets of Strixhaven
mtg_SOS-201_M_standard_normal,https://card-images.fetchtcg.com/mtg/4641/large/mtg_SOS-201_M_standard_normal.png,"Lorehold, the Historian",201,Mythic,Normal,Secrets of Strixhaven
mtg_SOS-202_R_standard_foil,https://card-images.fetchtcg.com/mtg/4641/large/mtg_SOS-202_R_standard_foil.png,Mind into Matter,202,Rare,Foil,Secrets of Strixhaven
mtg_SOS-202_R_standard_normal,https://card-images.fetchtcg.com/mtg/4641/large/mtg_SOS-202_R_standard_normal.png,Mind into Matter,202,Rare,Normal,Secrets of Strixhaven
mtg_SOS-205_R_standard_foil,https://card-images.fetchtcg.com/mtg/4641/large/mtg_SOS-205_R_standard_foil.png,Moment of Reckoning,205,Rare,Foil,Secrets of Strixhaven
mtg_SOS-205_R_standard_normal,https://card-images.fetchtcg.com/mtg/4641/large/mtg_SOS-205_R_standard_normal.png,Moment of Reckoning,205,Rare,Normal,Secrets of Strixhaven
mtg_SOS-206_R_standard_foil,https://card-images.fetchtcg.com/mtg/4641/large/mtg_SOS-206_R_standard_foil.png,"Nita, Forum Conciliator",206,Rare,Foil,Secrets of Strixhaven
mtg_SOS-206_R_standard_normal,https://card-images.fetchtcg.com/mtg/4641/large/mtg_SOS-206_R_standard_normal.png,"Nita, Forum Conciliator",206,Rare,Normal,Secrets of Strixhaven
mtg_SOS-212_M_standard_foil,https://card-images.fetchtcg.com/mtg/4641/large/mtg_SOS-212_M_standard_foil.png,"Prismari, the Inspiration",212,Mythic,Foil,Secrets of Strixhaven
mtg_SOS-212_M_standard_normal,https://card-images.fetchtcg.com/mtg/4641/large/mtg_SOS-212_M_standard_normal.png,"Prismari, the Inspiration",212,Mythic,Normal,Secrets of Strixhaven
mtg_SOS-214_M_standard_foil,https://card-images.fetchtcg.com/mtg/4641/large/mtg_SOS-214_M_standard_foil.png,Professor Dellian Fel,214,Mythic,Foil,Secrets of Strixhaven
mtg_SOS-214_M_standard_normal,https://card-images.fetchtcg.com/mtg/4641/large/mtg_SOS-214_M_standard_normal.png,Professor Dellian Fel,214,Mythic,Normal,Secrets of Strixhaven
mtg_SOS-218_M_standard_foil,https://card-images.fetchtcg.com/mtg/4641/large/mtg_SOS-218_M_standard_foil.png,"Quandrix, the Proof",218,Mythic,Foil,Secrets of Strixhaven
mtg_SOS-218_M_standard_normal,https://card-images.fetchtcg.com/mtg/4641/large/mtg_SOS-218_M_standard_normal.png,"Quandrix, the Proof",218,Mythic,Normal,Secrets of Strixhaven
mtg_SOS-221_R_standard_foil,https://card-images.fetchtcg.com/mtg/4641/large/mtg_SOS-221_R_standard_foil.png,Resonating Lute,221,Rare,Foil,Secrets of Strixhaven
mtg_SOS-221_R_standard_normal,https://card-images.fetchtcg.com/mtg/4641/large/mtg_SOS-221_R_standard_normal.png,Resonating Lute,221,Rare,Normal,Secrets of Strixhaven
mtg_SOS-231_R_standard_foil,https://card-images.fetchtcg.com/mtg/4641/large/mtg_SOS-231_R_standard_foil.png,Splatter Technique,231,Rare,Foil,Secrets of Strixhaven
mtg_SOS-231_R_standard_normal,https://card-images.fetchtcg.com/mtg/4641/large/mtg_SOS-231_R_standard_normal.png,Splatter Technique,231,Rare,Normal,Secrets of Strixhaven
mtg_SOS-236_R_standard_foil,https://card-images.fetchtcg.com/mtg/4641/large/mtg_SOS-236_R_standard_foil.png,Suspend Aggression,236,Rare,Foil,Secrets of Strixhaven
mtg_SOS-236_R_standard_normal,https://card-images.fetchtcg.com/mtg/4641/large/mtg_SOS-236_R_standard_normal.png,Suspend Aggression,236,Rare,Normal,Secrets of Strixhaven
mtg_SOS-239_R_standard_foil,https://card-images.fetchtcg.com/mtg/4641/large/mtg_SOS-239_R_standard_foil.png,Traumatic Critique,239,Rare,Foil,Secrets of Strixhaven
mtg_SOS-239_R_standard_normal,https://card-images.fetchtcg.com/mtg/4641/large/mtg_SOS-239_R_standard_normal.png,Traumatic Critique,239,Rare,Normal,Secrets of Strixhaven
mtg_SOS-241_R_standard_foil,https://card-images.fetchtcg.com/mtg/4641/large/mtg_SOS-241_R_standard_foil.png,Vicious Rivalry,241,Rare,Foil,Secrets of Strixhaven
mtg_SOS-241_R_standard_normal,https://card-images.fetchtcg.com/mtg/4641/large/mtg_SOS-241_R_standard_normal.png,Vicious Rivalry,241,Rare,Normal,Secrets of Strixhaven
mtg_SOS-245_M_standard_foil,https://card-images.fetchtcg.com/mtg/4641/large/mtg_SOS-245_M_standard_foil.png,"Witherbloom, the Balancer",245,Mythic,Foil,Secrets of Strixhaven
mtg_SOS-245_M_standard_normal,https://card-images.fetchtcg.com/mtg/4641/large/mtg_SOS-245_M_standard_normal.png,"Witherbloom, the Balancer",245,Mythic,Normal,Secrets of Strixhaven
mtg_SOS-246_R_standard_foil,https://card-images.fetchtcg.com/mtg/4641/large/mtg_SOS-246_R_standard_foil.png,Zaffai and the Tempests,246,Rare,Foil,Secrets of Strixhaven
mtg_SOS-246_R_standard_normal,https://card-images.fetchtcg.com/mtg/4641/large/mtg_SOS-246_R_standard_normal.png,Zaffai and the Tempests,246,Rare,Normal,Secrets of Strixhaven
mtg_SOS-25_R_standard_foil,https://card-images.fetchtcg.com/mtg/4641/large/mtg_SOS-25_R_standard_foil.png,Practiced Offense,25,Rare,Foil,Secrets of Strixhaven
mtg_SOS-25_R_standard_normal,https://card-images.fetchtcg.com/mtg/4641/large/mtg_SOS-25_R_standard_normal.png,Practiced Offense,25,Rare,Normal,Secrets of Strixhaven
mtg_SOS-253_R_standard_foil,https://card-images.fetchtcg.com/mtg/4641/large/mtg_SOS-253_R_standard_foil.png,Deathcap Glade,253,Rare,Foil,Secrets of Strixhaven
mtg_SOS-253_R_standard_normal,https://card-images.fetchtcg.com/mtg/4641/large/mtg_SOS-253_R_standard_normal.png,Deathcap Glade,253,Rare,Normal,Secrets of Strixhaven
mtg_SOS-254_R_standard_foil,https://card-images.fetchtcg.com/mtg/4641/large/mtg_SOS-254_R_standard_foil.png,Dreamroot Cascade,254,Rare,Foil,Secrets of Strixhaven
mtg_SOS-254_R_standard_normal,https://card-images.fetchtcg.com/mtg/4641/large/mtg_SOS-254_R_standard_normal.png,Dreamroot Cascade,254,Rare,Normal,Secrets of Strixhaven
mtg_SOS-257_R_standard_foil,https://card-images.fetchtcg.com/mtg/4641/large/mtg_SOS-257_R_standard_foil.png,Great Hall of the Biblioplex,257,Rare,Foil,Secrets of Strixhaven
mtg_SOS-257_R_standard_normal,https://card-images.fetchtcg.com/mtg/4641/large/mtg_SOS-257_R_standard_normal.png,Great Hall of the Biblioplex,257,Rare,Normal,Secrets of Strixhaven
mtg_SOS-260_R_standard_foil,https://card-images.fetchtcg.com/mtg/4641/large/mtg_SOS-260_R_standard_foil.png,Shattered Sanctum,260,Rare,Foil,Secrets of Strixhaven
mtg_SOS-260_R_standard_normal,https://card-images.fetchtcg.com/mtg/4641/large/mtg_SOS-260_R_standard_normal.png,Shattered Sanctum,260,Rare,Normal,Secrets of Strixhaven
mtg_SOS-263_R_standard_foil,https://card-images.fetchtcg.com/mtg/4641/large/mtg_SOS-263_R_standard_foil.png,Stormcarved Coast,263,Rare,Foil,Secrets of Strixhaven
mtg_SOS-263_R_standard_normal,https://card-images.fetchtcg.com/mtg/4641/large/mtg_SOS-263_R_standard_normal.png,Stormcarved Coast,263,Rare,Normal,Secrets of Strixhaven
mtg_SOS-264_R_standard_foil,https://card-images.fetchtcg.com/mtg/4641/large/mtg_SOS-264_R_standard_foil.png,Sundown Pass,264,Rare,Foil,Secrets of Strixhaven
mtg_SOS-264_R_standard_normal,https://card-images.fetchtcg.com/mtg/4641/large/mtg_SOS-264_R_standard_normal.png,Sundown Pass,264,Rare,Normal,Secrets of Strixhaven
mtg_SOS-28_C_standard_foil,https://card-images.fetchtcg.com/mtg/4641/large/mtg_SOS-28_C_standard_foil.png,Rapier Wit,28,Common,Foil,Secrets of Strixhaven
mtg_SOS-28_C_standard_normal,https://card-images.fetchtcg.com/mtg/4641/large/mtg_SOS-28_C_standard_normal.png,Rapier Wit,28,Common,Normal,Secrets of Strixhaven
mtg_SOS-32_U_standard_foil,https://card-images.fetchtcg.com/mtg/4641/large/mtg_SOS-32_U_standard_foil.png,Soaring Stoneglider,32,Uncommon,Foil,Secrets of Strixhaven
mtg_SOS-32_U_standard_normal,https://card-images.fetchtcg.com/mtg/4641/large/mtg_SOS-32_U_standard_normal.png,Soaring Stoneglider,32,Uncommon,Normal,Secrets of Strixhaven
mtg_SOS-33_U_standard_foil,https://card-images.fetchtcg.com/mtg/4641/large/mtg_SOS-33_U_standard_foil.png,Spiritcall Enthusiast,33,Uncommon,Foil,Secrets of Strixhaven
mtg_SOS-33_U_standard_normal,https://card-images.fetchtcg.com/mtg/4641/large/mtg_SOS-33_U_standard_normal.png,Spiritcall Enthusiast,33,Uncommon,Normal,Secrets of Strixhaven
mtg_SOS-35_R_standard_foil,https://card-images.fetchtcg.com/mtg/4641/large/mtg_SOS-35_R_standard_foil.png,Stirring Hopesinger,35,Rare,Foil,Secrets of Strixhaven
mtg_SOS-35_R_standard_normal,https://card-images.fetchtcg.com/mtg/4641/large/mtg_SOS-35_R_standard_normal.png,Stirring Hopesinger,35,Rare,Normal,Secrets of Strixhaven
mtg_SOS-48_R_standard_foil,https://card-images.fetchtcg.com/mtg/4641/large/mtg_SOS-48_R_standard_foil.png,Exhibition Tidecaller,48,Rare,Foil,Secrets of Strixhaven
mtg_SOS-48_R_standard_normal,https://card-images.fetchtcg.com/mtg/4641/large/mtg_SOS-48_R_standard_normal.png,Exhibition Tidecaller,48,Rare,Normal,Secrets of Strixhaven
mtg_SOS-52_R_standard_foil,https://card-images.fetchtcg.com/mtg/4641/large/mtg_SOS-52_R_standard_foil.png,Harmonized Trio,52,Rare,Foil,Secrets of Strixhaven
mtg_SOS-52_R_standard_normal,https://card-images.fetchtcg.com/mtg/4641/large/mtg_SOS-52_R_standard_normal.png,Harmonized Trio,52,Rare,Normal,Secrets of Strixhaven
mtg_SOS-55_R_standard_foil,https://card-images.fetchtcg.com/mtg/4641/large/mtg_SOS-55_R_standard_foil.png,"Jadzi, Steward of Fate",55,Rare,Foil,Secrets of Strixhaven
mtg_SOS-55_R_standard_normal,https://card-images.fetchtcg.com/mtg/4641/large/mtg_SOS-55_R_standard_normal.png,"Jadzi, Steward of Fate",55,Rare,Normal,Secrets of Strixhaven
mtg_SOS-57_R_standard_foil,https://card-images.fetchtcg.com/mtg/4641/large/mtg_SOS-57_R_standard_foil.png,Mana Sculpt,57,Rare,Foil,Secrets of Strixhaven
mtg_SOS-57_R_standard_normal,https://card-images.fetchtcg.com/mtg/4641/large/mtg_SOS-57_R_standard_normal.png,Mana Sculpt,57,Rare,Normal,Secrets of Strixhaven
mtg_SOS-63_R_standard_foil,https://card-images.fetchtcg.com/mtg/4641/large/mtg_SOS-63_R_standard_foil.png,Pensive Professor,63,Rare,Foil,Secrets of Strixhaven
mtg_SOS-63_R_standard_normal,https://card-images.fetchtcg.com/mtg/4641/large/mtg_SOS-63_R_standard_normal.png,Pensive Professor,63,Rare,Normal,Secrets of Strixhaven
mtg_SOS-7_R_standard_foil,https://card-images.fetchtcg.com/mtg/4641/large/mtg_SOS-7_R_standard_foil.png,Antiquities on the Loose,7,Rare,Foil,Secrets of Strixhaven
mtg_SOS-7_R_standard_normal,https://card-images.fetchtcg.com/mtg/4641/large/mtg_SOS-7_R_standard_normal.png,Antiquities on the Loose,7,Rare,Normal,Secrets of Strixhaven
mtg_SOS-71_R_standard_foil,https://card-images.fetchtcg.com/mtg/4641/large/mtg_SOS-71_R_standard_foil.png,Wisdom of Ages,71,Rare,Foil,Secrets of Strixhaven
mtg_SOS-71_R_standard_normal,https://card-images.fetchtcg.com/mtg/4641/large/mtg_SOS-71_R_standard_normal.png,Wisdom of Ages,71,Rare,Normal,Secrets of Strixhaven
mtg_SOS-73_U_standard_foil,https://card-images.fetchtcg.com/mtg/4641/large/mtg_SOS-73_U_standard_foil.png,Arcane Omens,73,Uncommon,Foil,Secrets of Strixhaven
mtg_SOS-73_U_standard_normal,https://card-images.fetchtcg.com/mtg/4641/large/mtg_SOS-73_U_standard_normal.png,Arcane Omens,73,Uncommon,Normal,Secrets of Strixhaven
mtg_SOS-75_C_standard_foil,https://card-images.fetchtcg.com/mtg/4641/large/mtg_SOS-75_C_standard_foil.png,Burrog Banemaker,75,Common,Foil,Secrets of Strixhaven
mtg_SOS-75_C_standard_normal,https://card-images.fetchtcg.com/mtg/4641/large/mtg_SOS-75_C_standard_normal.png,Burrog Banemaker,75,Common,Normal,Secrets of Strixhaven
mtg_SOS-82_U_standard_foil,https://card-images.fetchtcg.com/mtg/4641/large/mtg_SOS-82_U_standard_foil.png,Eternal Student,82,Uncommon,Foil,Secrets of Strixhaven
mtg_SOS-82_U_standard_normal,https://card-images.fetchtcg.com/mtg/4641/large/mtg_SOS-82_U_standard_normal.png,Eternal Student,82,Uncommon,Normal,Secrets of Strixhaven
mtg_SOS-91_R_standard_foil,https://card-images.fetchtcg.com/mtg/4641/large/mtg_SOS-91_R_standard_foil.png,"Moseo, Vein's New Dean",91,Rare,Foil,Secrets of Strixhaven
mtg_SOS-91_R_standard_normal,https://card-images.fetchtcg.com/mtg/4641/large/mtg_SOS-91_R_standard_normal.png,"Moseo, Vein's New Dean",91,Rare,Normal,Secrets of Strixhaven
mtg_SOS-93_R_standard_foil,https://card-images.fetchtcg.com/mtg/4641/large/mtg_SOS-93_R_standard_foil.png,Postmortem Professor,93,Rare,Foil,Secrets of Strixhaven
mtg_SOS-93_R_standard_normal,https://card-images.fetchtcg.com/mtg/4641/large/mtg_SOS-93_R_standard_normal.png,Postmortem Professor,93,Rare,Normal,Secrets of Strixhaven
mtg_SOS-97_M_standard_foil,https://card-images.fetchtcg.com/mtg/4641/large/mtg_SOS-97_M_standard_foil.png,"Ral Zarek, Guest Lecturer",97,Mythic,Foil,Secrets of Strixhaven
mtg_SOS-97_M_standard_normal,https://card-images.fetchtcg.com/mtg/4641/large/mtg_SOS-97_M_standard_normal.png,"Ral Zarek, Guest Lecturer",97,Mythic,Normal,Secrets of Strixhaven
mtg_SOS-99_R_standard_foil,https://card-images.fetchtcg.com/mtg/4641/large/mtg_SOS-99_R_standard_foil.png,Scheming Silvertongue,99,Rare,Foil,Secrets of Strixhaven
mtg_SOS-99_R_standard_normal,https://card-images.fetchtcg.com/mtg/4641/large/mtg_SOS-99_R_standard_normal.png,Scheming Silvertongue,99,Rare,Normal,Secrets of Strixhaven
mtg_SOA-10_U_standard_foil,https://card-images.fetchtcg.com/mtg/4643/large/mtg_SOA-10_U_standard_foil.png,Requisition Raid,10,Uncommon,Foil,Secrets of Strixhaven: Mystical Archive
mtg_SOA-10_U_standard_normal,https://card-images.fetchtcg.com/mtg/4643/large/mtg_SOA-10_U_standard_normal.png,Requisition Raid,10,Uncommon,Normal,Secrets of Strixhaven: Mystical Archive
mtg_SOA-16_U_standard_foil,https://card-images.fetchtcg.com/mtg/4643/large/mtg_SOA-16_U_standard_foil.png,Deduce,16,Uncommon,Foil,Secrets of Strixhaven: Mystical Archive
mtg_SOA-16_U_standard_normal,https://card-images.fetchtcg.com/mtg/4643/large/mtg_SOA-16_U_standard_normal.png,Deduce,16,Uncommon,Normal,Secrets of Strixhaven: Mystical Archive
mtg_SOA-17_U_standard_foil,https://card-images.fetchtcg.com/mtg/4643/large/mtg_SOA-17_U_standard_foil.png,Disdainful Stroke,17,Uncommon,Foil,Secrets of Strixhaven: Mystical Archive
mtg_SOA-17_U_standard_normal,https://card-images.fetchtcg.com/mtg/4643/large/mtg_SOA-17_U_standard_normal.png,Disdainful Stroke,17,Uncommon,Normal,Secrets of Strixhaven: Mystical Archive
mtg_SOA-22_U_standard_foil,https://card-images.fetchtcg.com/mtg/4643/large/mtg_SOA-22_U_standard_foil.png,Sleight of Hand,22,Uncommon,Foil,Secrets of Strixhaven: Mystical Archive
mtg_SOA-22_U_standard_normal,https://card-images.fetchtcg.com/mtg/4643/large/mtg_SOA-22_U_standard_normal.png,Sleight of Hand,22,Uncommon,Normal,Secrets of Strixhaven: Mystical Archive
mtg_SOA-23_U_standard_foil,https://card-images.fetchtcg.com/mtg/4643/large/mtg_SOA-23_U_standard_foil.png,Spell Pierce,23,Uncommon,Foil,Secrets of Strixhaven: Mystical Archive
mtg_SOA-23_U_standard_normal,https://card-images.fetchtcg.com/mtg/4643/large/mtg_SOA-23_U_standard_normal.png,Spell Pierce,23,Uncommon,Normal,Secrets of Strixhaven: Mystical Archive
mtg_SOA-24_U_standard_foil,https://card-images.fetchtcg.com/mtg/4643/large/mtg_SOA-24_U_standard_foil.png,Stock Up,24,Uncommon,Foil,Secrets of Strixhaven: Mystical Archive
mtg_SOA-24_U_standard_normal,https://card-images.fetchtcg.com/mtg/4643/large/mtg_SOA-24_U_standard_normal.png,Stock Up,24,Uncommon,Normal,Secrets of Strixhaven: Mystical Archive
mtg_SOA-26_U_standard_foil,https://card-images.fetchtcg.com/mtg/4643/large/mtg_SOA-26_U_standard_foil.png,Bitter Triumph,26,Uncommon,Foil,Secrets of Strixhaven: Mystical Archive
mtg_SOA-26_U_standard_normal,https://card-images.fetchtcg.com/mtg/4643/large/mtg_SOA-26_U_standard_normal.png,Bitter Triumph,26,Uncommon,Normal,Secrets of Strixhaven: Mystical Archive
mtg_SOA-28_R_standard_foil,https://card-images.fetchtcg.com/mtg/4643/large/mtg_SOA-28_R_standard_foil.png,Dismember,28,Rare,Foil,Secrets of Strixhaven: Mystical Archive
mtg_SOA-28_R_standard_normal,https://card-images.fetchtcg.com/mtg/4643/large/mtg_SOA-28_R_standard_normal.png,Dismember,28,Rare,Normal,Secrets of Strixhaven: Mystical Archive
mtg_SOA-29_U_standard_foil,https://card-images.fetchtcg.com/mtg/4643/large/mtg_SOA-29_U_standard_foil.png,Feed the Swarm,29,Uncommon,Foil,Secrets of Strixhaven: Mystical Archive
mtg_SOA-29_U_standard_normal,https://card-images.fetchtcg.com/mtg/4643/large/mtg_SOA-29_U_standard_normal.png,Feed the Swarm,29,Uncommon,Normal,Secrets of Strixhaven: Mystical Archive
mtg_SOA-32_R_standard_foil,https://card-images.fetchtcg.com/mtg/4643/large/mtg_SOA-32_R_standard_foil.png,Sheoldred's Edict,32,Rare,Foil,Secrets of Strixhaven: Mystical Archive
mtg_SOA-32_R_standard_normal,https://card-images.fetchtcg.com/mtg/4643/large/mtg_SOA-32_R_standard_normal.png,Sheoldred's Edict,32,Rare,Normal,Secrets of Strixhaven: Mystical Archive
mtg_SOA-34_U_standard_foil,https://card-images.fetchtcg.com/mtg/4643/large/mtg_SOA-34_U_standard_foil.png,Stargaze,34,Uncommon,Foil,Secrets of Strixhaven: Mystical Archive
mtg_SOA-34_U_standard_normal,https://card-images.fetchtcg.com/mtg/4643/large/mtg_SOA-34_U_standard_normal.png,Stargaze,34,Uncommon,Normal,Secrets of Strixhaven: Mystical Archive
mtg_SOA-35_M_standard_foil,https://card-images.fetchtcg.com/mtg/4643/large/mtg_SOA-35_M_standard_foil.png,Vampiric Tutor,35,Mythic,Foil,Secrets of Strixhaven: Mystical Archive
mtg_SOA-35_M_standard_normal,https://card-images.fetchtcg.com/mtg/4643/large/mtg_SOA-35_M_standard_normal.png,Vampiric Tutor,35,Mythic,Normal,Secrets of Strixhaven: Mystical Archive
mtg_SOA-36_U_standard_foil,https://card-images.fetchtcg.com/mtg/4643/large/mtg_SOA-36_U_standard_foil.png,Zombify,36,Uncommon,Foil,Secrets of Strixhaven: Mystical Archive
mtg_SOA-36_U_standard_normal,https://card-images.fetchtcg.com/mtg/4643/large/mtg_SOA-36_U_standard_normal.png,Zombify,36,Uncommon,Normal,Secrets of Strixhaven: Mystical Archive
mtg_SOA-37_U_standard_foil,https://card-images.fetchtcg.com/mtg/4643/large/mtg_SOA-37_U_standard_foil.png,Abrade,37,Uncommon,Foil,Secrets of Strixhaven: Mystical Archive
mtg_SOA-37_U_standard_normal,https://card-images.fetchtcg.com/mtg/4643/large/mtg_SOA-37_U_standard_normal.png,Abrade,37,Uncommon,Normal,Secrets of Strixhaven: Mystical Archive
mtg_SOA-39_R_standard_foil,https://card-images.fetchtcg.com/mtg/4643/large/mtg_SOA-39_R_standard_foil.png,Brotherhood's End,39,Rare,Foil,Secrets of Strixhaven: Mystical Archive
mtg_SOA-39_R_standard_normal,https://card-images.fetchtcg.com/mtg/4643/large/mtg_SOA-39_R_standard_normal.png,Brotherhood's End,39,Rare,Normal,Secrets of Strixhaven: Mystical Archive
mtg_SOA-4_U_standard_foil,https://card-images.fetchtcg.com/mtg/4643/large/mtg_SOA-4_U_standard_foil.png,Duty Beyond Death,4,Uncommon,Foil,Secrets of Strixhaven: Mystical Archive
mtg_SOA-4_U_standard_normal,https://card-images.fetchtcg.com/mtg/4643/large/mtg_SOA-4_U_standard_normal.png,Duty Beyond Death,4,Uncommon,Normal,Secrets of Strixhaven: Mystical Archive
mtg_SOA-40_U_standard_foil,https://card-images.fetchtcg.com/mtg/4643/large/mtg_SOA-40_U_standard_foil.png,Bulk Up,40,Uncommon,Foil,Secrets of Strixhaven: Mystical Archive
mtg_SOA-40_U_standard_normal,https://card-images.fetchtcg.com/mtg/4643/large/mtg_SOA-40_U_standard_normal.png,Bulk Up,40,Uncommon,Normal,Secrets of Strixhaven: Mystical Archive
mtg_SOA-41_U_standard_foil,https://card-images.fetchtcg.com/mtg/4643/large/mtg_SOA-41_U_standard_foil.png,Burst Lightning,41,Uncommon,Foil,Secrets of Strixhaven: Mystical Archive
mtg_SOA-41_U_standard_normal,https://card-images.fetchtcg.com/mtg/4643/large/mtg_SOA-41_U_standard_normal.png,Burst Lightning,41,Uncommon,Normal,Secrets of Strixhaven: Mystical Archive
mtg_SOA-45_U_standard_foil,https://card-images.fetchtcg.com/mtg/4643/large/mtg_SOA-45_U_standard_foil.png,Monstrous Rage,45,Uncommon,Foil,Secrets of Strixhaven: Mystical Archive
mtg_SOA-45_U_standard_normal,https://card-images.fetchtcg.com/mtg/4643/large/mtg_SOA-45_U_standard_normal.png,Monstrous Rage,45,Uncommon,Normal,Secrets of Strixhaven: Mystical Archive
mtg_SOA-47_U_standard_foil,https://card-images.fetchtcg.com/mtg/4643/large/mtg_SOA-47_U_standard_foil.png,Return the Favor,47,Uncommon,Foil,Secrets of Strixhaven: Mystical Archive
mtg_SOA-47_U_standard_normal,https://card-images.fetchtcg.com/mtg/4643/large/mtg_SOA-47_U_standard_normal.png,Return the Favor,47,Uncommon,Normal,Secrets of Strixhaven: Mystical Archive
mtg_SOA-5_U_standard_foil,https://card-images.fetchtcg.com/mtg/4643/large/mtg_SOA-5_U_standard_foil.png,Helping Hand,5,Uncommon,Foil,Secrets of Strixhaven: Mystical Archive
mtg_SOA-5_U_standard_normal,https://card-images.fetchtcg.com/mtg/4643/large/mtg_SOA-5_U_standard_normal.png,Helping Hand,5,Uncommon,Normal,Secrets of Strixhaven: Mystical Archive
mtg_SOA-52_U_standard_foil,https://card-images.fetchtcg.com/mtg/4643/large/mtg_SOA-52_U_standard_foil.png,Giant Growth,52,Uncommon,Foil,Secrets of Strixhaven: Mystical Archive
mtg_SOA-52_U_standard_normal,https://card-images.fetchtcg.com/mtg/4643/large/mtg_SOA-52_U_standard_normal.png,Giant Growth,52,Uncommon,Normal,Secrets of Strixhaven: Mystical Archive
mtg_SOA-53_R_standard_foil,https://card-images.fetchtcg.com/mtg/4643/large/mtg_SOA-53_R_standard_foil.png,Glimpse of Nature,53,Rare,Foil,Secrets of Strixhaven: Mystical Archive
mtg_SOA-53_R_standard_normal,https://card-images.fetchtcg.com/mtg/4643/large/mtg_SOA-53_R_standard_normal.png,Glimpse of Nature,53,Rare,Normal,Secrets of Strixhaven: Mystical Archive
mtg_SOA-54_U_standard_foil,https://card-images.fetchtcg.com/mtg/4643/large/mtg_SOA-54_U_standard_foil.png,Knockout Maneuver,54,Uncommon,Foil,Secrets of Strixhaven: Mystical Archive
mtg_SOA-54_U_standard_normal,https://card-images.fetchtcg.com/mtg/4643/large/mtg_SOA-54_U_standard_normal.png,Knockout Maneuver,54,Uncommon,Normal,Secrets of Strixhaven: Mystical Archive
mtg_SOA-55_U_standard_foil,https://card-images.fetchtcg.com/mtg/4643/large/mtg_SOA-55_U_standard_foil.png,Pick Your Poison,55,Uncommon,Foil,Secrets of Strixhaven: Mystical Archive
mtg_SOA-55_U_standard_normal,https://card-images.fetchtcg.com/mtg/4643/large/mtg_SOA-55_U_standard_normal.png,Pick Your Poison,55,Uncommon,Normal,Secrets of Strixhaven: Mystical Archive
mtg_SOA-56_U_standard_foil,https://card-images.fetchtcg.com/mtg/4643/large/mtg_SOA-56_U_standard_foil.png,Royal Treatment,56,Uncommon,Foil,Secrets of Strixhaven: Mystical Archive
mtg_SOA-56_U_standard_normal,https://card-images.fetchtcg.com/mtg/4643/large/mtg_SOA-56_U_standard_normal.png,Royal Treatment,56,Uncommon,Normal,Secrets of Strixhaven: Mystical Archive
mtg_SOA-58_U_standard_foil,https://card-images.fetchtcg.com/mtg/4643/large/mtg_SOA-58_U_standard_foil.png,Shared Roots,58,Uncommon,Foil,Secrets of Strixhaven: Mystical Archive
mtg_SOA-58_U_standard_normal,https://card-images.fetchtcg.com/mtg/4643/large/mtg_SOA-58_U_standard_normal.png,Shared Roots,58,Uncommon,Normal,Secrets of Strixhaven: Mystical Archive
mtg_SOA-6_U_standard_foil,https://card-images.fetchtcg.com/mtg/4643/large/mtg_SOA-6_U_standard_foil.png,Hop to It,6,Uncommon,Foil,Secrets of Strixhaven: Mystical Archive
mtg_SOA-6_U_standard_normal,https://card-images.fetchtcg.com/mtg/4643/large/mtg_SOA-6_U_standard_normal.png,Hop to It,6,Uncommon,Normal,Secrets of Strixhaven: Mystical Archive
mtg_SOA-62_R_standard_foil,https://card-images.fetchtcg.com/mtg/4643/large/mtg_SOA-62_R_standard_foil.png,Culling Ritual,62,Rare,Foil,Secrets of Strixhaven: Mystical Archive
mtg_SOA-62_R_standard_normal,https://card-images.fetchtcg.com/mtg/4643/large/mtg_SOA-62_R_standard_normal.png,Culling Ritual,62,Rare,Normal,Secrets of Strixhaven: Mystical Archive
mtg_SOA-7_R_standard_foil,https://card-images.fetchtcg.com/mtg/4643/large/mtg_SOA-7_R_standard_foil.png,Prismatic Ending,7,Rare,Foil,Secrets of Strixhaven: Mystical Archive
mtg_SOA-7_R_standard_normal,https://card-images.fetchtcg.com/mtg/4643/large/mtg_SOA-7_R_standard_normal.png,Prismatic Ending,7,Rare,Normal,Secrets of Strixhaven: Mystical Archive
mtg_SOA-8_U_standard_foil,https://card-images.fetchtcg.com/mtg/4643/large/mtg_SOA-8_U_standard_foil.png,Repel Calamity,8,Uncommon,Foil,Secrets of Strixhaven: Mystical Archive
mtg_SOA-8_U_standard_normal,https://card-images.fetchtcg.com/mtg/4643/large/mtg_SOA-8_U_standard_normal.png,Repel Calamity,8,Uncommon,Normal,Secrets of Strixhaven: Mystical Archive
mtg_179_r_soi_foil,https://card-images.fetchtcg.com/mtg/3213/large/mtg_179_r_soi_foil.png,Scourge Wolf,179,Rare,Foil,Shadows over Innistrad
mtg_179_r_soi_normal,https://card-images.fetchtcg.com/mtg/3213/large/mtg_179_r_soi_normal.png,Scourge Wolf,179,Rare,Normal,Shadows over Innistrad
mtg_246_r_soi_foil,https://card-images.fetchtcg.com/mtg/3213/large/mtg_246_r_soi_foil.png,Invocation of Saint Traft,246,Rare,Foil,Shadows over Innistrad
mtg_246_r_soi_normal,https://card-images.fetchtcg.com/mtg/3213/large/mtg_246_r_soi_normal.png,Invocation of Saint Traft,246,Rare,Normal,Shadows over Innistrad
mtg_59_r_soi_foil,https://card-images.fetchtcg.com/mtg/3213/large/mtg_59_r_soi_foil.png,Epiphany at the Drownyard,59,Rare,Foil,Shadows over Innistrad
mtg_59_r_soi_normal,https://card-images.fetchtcg.com/mtg/3213/large/mtg_59_r_soi_normal.png,Epiphany at the Drownyard,59,Rare,Normal,Shadows over Innistrad
mtg_172_m_ala_foil,https://card-images.fetchtcg.com/mtg/3217/large/mtg_172_m_ala_foil.png,Hellkite Overlord,172,Mythic,Foil,Shards of Alara
mtg_172_m_ala_normal,https://card-images.fetchtcg.com/mtg/3217/large/mtg_172_m_ala_normal.png,Hellkite Overlord,172,Mythic,Normal,Shards of Alara
mtg_217_r_ala_foil,https://card-images.fetchtcg.com/mtg/3217/large/mtg_217_r_ala_foil.png,Quietus Spike,217,Rare,Foil,Shards of Alara
mtg_217_r_ala_normal,https://card-images.fetchtcg.com/mtg/3217/large/mtg_217_r_ala_normal.png,Quietus Spike,217,Rare,Normal,Shards of Alara
mtg_25_r_ala_foil,https://card-images.fetchtcg.com/mtg/3217/large/mtg_25_r_ala_foil.png,Scourglass,25,Rare,Foil,Shards of Alara
mtg_25_r_ala_normal,https://card-images.fetchtcg.com/mtg/3217/large/mtg_25_r_ala_normal.png,Scourglass,25,Rare,Normal,Shards of Alara
mtg_38_r_ala_foil,https://card-images.fetchtcg.com/mtg/3217/large/mtg_38_r_ala_foil.png,Covenant of Minds,38,Rare,Foil,Shards of Alara
mtg_38_r_ala_normal,https://card-images.fetchtcg.com/mtg/3217/large/mtg_38_r_ala_normal.png,Covenant of Minds,38,Rare,Normal,Shards of Alara
mtg_48_r_ala_foil,https://card-images.fetchtcg.com/mtg/3217/large/mtg_48_r_ala_foil.png,Kederekt Leviathan,48,Rare,Foil,Shards of Alara
mtg_48_r_ala_normal,https://card-images.fetchtcg.com/mtg/3217/large/mtg_48_r_ala_normal.png,Kederekt Leviathan,48,Rare,Normal,Shards of Alara
mtg_56_r_ala_foil,https://card-images.fetchtcg.com/mtg/3217/large/mtg_56_r_ala_foil.png,Skill Borrower,56,Rare,Foil,Shards of Alara
mtg_56_r_ala_normal,https://card-images.fetchtcg.com/mtg/3217/large/mtg_56_r_ala_normal.png,Skill Borrower,56,Rare,Normal,Shards of Alara
mtg_6_r_ala_foil,https://card-images.fetchtcg.com/mtg/3217/large/mtg_6_r_ala_foil.png,Battlegrace Angel,6,Rare,Foil,Shards of Alara
mtg_6_r_ala_normal,https://card-images.fetchtcg.com/mtg/3217/large/mtg_6_r_ala_normal.png,Battlegrace Angel,6,Rare,Normal,Shards of Alara
mtg_70_r_ala_foil,https://card-images.fetchtcg.com/mtg/3217/large/mtg_70_r_ala_foil.png,Death Baron,70,Rare,Foil,Shards of Alara
mtg_70_r_ala_normal,https://card-images.fetchtcg.com/mtg/3217/large/mtg_70_r_ala_normal.png,Death Baron,70,Rare,Normal,Shards of Alara
mtg_95_r_ala_foil,https://card-images.fetchtcg.com/mtg/3217/large/mtg_95_r_ala_foil.png,Caldera Hellion,95,Rare,Foil,Shards of Alara
mtg_95_r_ala_normal,https://card-images.fetchtcg.com/mtg/3217/large/mtg_95_r_ala_normal.png,Caldera Hellion,95,Rare,Normal,Shards of Alara
mtg_177_c_scd_normal,https://card-images.fetchtcg.com/mtg/3227/large/mtg_177_c_scd_normal.png,Cultivate,177,Common,Normal,Starter Commander Decks
mtg_30_r_sc2024_c018_foil,https://card-images.fetchtcg.com/mtg/3230/large/mtg_30_r_sc2024_c018_foil.png,Chromatic Sphere,30,Rare,Foil,Store Championships 2024
mtg_30_r_sc2024_c018_normal,https://card-images.fetchtcg.com/mtg/3230/large/mtg_30_r_sc2024_c018_normal.png,Chromatic Sphere,30,Rare,Normal,Store Championships 2024
mtg_10_r_snc_foil,https://card-images.fetchtcg.com/mtg/3231/large/mtg_10_r_snc_foil.png,Depopulate,10,Rare,Foil,Streets of New Capenna
mtg_10_r_snc_normal,https://card-images.fetchtcg.com/mtg/3231/large/mtg_10_r_snc_normal.png,Depopulate,10,Rare,Normal,Streets of New Capenna
mtg_126_r_snc_foil,https://card-images.fetchtcg.com/mtg/3231/large/mtg_126_r_snc_foil.png,Structural Assault,126,Rare,Foil,Streets of New Capenna
mtg_126_r_snc_normal,https://card-images.fetchtcg.com/mtg/3231/large/mtg_126_r_snc_normal.png,Structural Assault,126,Rare,Normal,Streets of New Capenna
mtg_144_r_snc_foil,https://card-images.fetchtcg.com/mtg/3231/large/mtg_144_r_snc_foil.png,Evolving Door,144,Rare,Foil,Streets of New Capenna
mtg_144_r_snc_normal,https://card-images.fetchtcg.com/mtg/3231/large/mtg_144_r_snc_normal.png,Evolving Door,144,Rare,Normal,Streets of New Capenna
mtg_15_m_snc_foil,https://card-images.fetchtcg.com/mtg/3231/large/mtg_15_m_snc_foil.png,Halo Fountain,15,Mythic,Foil,Streets of New Capenna
mtg_15_m_snc_normal,https://card-images.fetchtcg.com/mtg/3231/large/mtg_15_m_snc_normal.png,Halo Fountain,15,Mythic,Normal,Streets of New Capenna
mtg_165_r_snc_foil,https://card-images.fetchtcg.com/mtg/3231/large/mtg_165_r_snc_foil.png,Workshop Warchief,165,Rare,Foil,Streets of New Capenna
mtg_165_r_snc_normal,https://card-images.fetchtcg.com/mtg/3231/large/mtg_165_r_snc_normal.png,Workshop Warchief,165,Rare,Normal,Streets of New Capenna
mtg_166_r_snc_foil,https://card-images.fetchtcg.com/mtg/3231/large/mtg_166_r_snc_foil.png,Aven Heartstabber,166,Rare,Foil,Streets of New Capenna
mtg_166_r_snc_normal,https://card-images.fetchtcg.com/mtg/3231/large/mtg_166_r_snc_normal.png,Aven Heartstabber,166,Rare,Normal,Streets of New Capenna
mtg_172_r_snc_foil,https://card-images.fetchtcg.com/mtg/3231/large/mtg_172_r_snc_foil.png,Cabaretti Ascendancy,172,Rare,Foil,Streets of New Capenna
mtg_172_r_snc_normal,https://card-images.fetchtcg.com/mtg/3231/large/mtg_172_r_snc_normal.png,Cabaretti Ascendancy,172,Rare,Normal,Streets of New Capenna
mtg_184_r_snc_foil,https://card-images.fetchtcg.com/mtg/3231/large/mtg_184_r_snc_foil.png,"Evelyn, the Covetous",184,Rare,Foil,Streets of New Capenna
mtg_184_r_snc_normal,https://card-images.fetchtcg.com/mtg/3231/large/mtg_184_r_snc_normal.png,"Evelyn, the Covetous",184,Rare,Normal,Streets of New Capenna
mtg_191_r_snc_foil,https://card-images.fetchtcg.com/mtg/3231/large/mtg_191_r_snc_foil.png,Hostile Takeover,191,Rare,Foil,Streets of New Capenna
mtg_191_r_snc_normal,https://card-images.fetchtcg.com/mtg/3231/large/mtg_191_r_snc_normal.png,Hostile Takeover,191,Rare,Normal,Streets of New Capenna
mtg_192_r_snc_foil,https://card-images.fetchtcg.com/mtg/3231/large/mtg_192_r_snc_foil.png,Incandescent Aria,192,Rare,Foil,Streets of New Capenna
mtg_192_r_snc_normal,https://card-images.fetchtcg.com/mtg/3231/large/mtg_192_r_snc_normal.png,Incandescent Aria,192,Rare,Normal,Streets of New Capenna
mtg_198_r_snc_foil,https://card-images.fetchtcg.com/mtg/3231/large/mtg_198_r_snc_foil.png,Maestros Ascendancy,198,Rare,Foil,Streets of New Capenna
mtg_198_r_snc_normal,https://card-images.fetchtcg.com/mtg/3231/large/mtg_198_r_snc_normal.png,Maestros Ascendancy,198,Rare,Normal,Streets of New Capenna
mtg_215_r_snc_foil,https://card-images.fetchtcg.com/mtg/3231/large/mtg_215_r_snc_foil.png,"Rigo, Streetwise Mentor",215,Rare,Foil,Streets of New Capenna
mtg_215_r_snc_normal,https://card-images.fetchtcg.com/mtg/3231/large/mtg_215_r_snc_normal.png,"Rigo, Streetwise Mentor",215,Rare,Normal,Streets of New Capenna
mtg_219_r_snc_foil,https://card-images.fetchtcg.com/mtg/3231/large/mtg_219_r_snc_foil.png,Scheming Fence,219,Rare,Foil,Streets of New Capenna
mtg_219_r_snc_normal,https://card-images.fetchtcg.com/mtg/3231/large/mtg_219_r_snc_normal.png,Scheming Fence,219,Rare,Normal,Streets of New Capenna
mtg_22_r_snc_foil,https://card-images.fetchtcg.com/mtg/3231/large/mtg_22_r_snc_foil.png,Mysterious Limousine,22,Rare,Foil,Streets of New Capenna
mtg_22_r_snc_normal,https://card-images.fetchtcg.com/mtg/3231/large/mtg_22_r_snc_normal.png,Mysterious Limousine,22,Rare,Normal,Streets of New Capenna
mtg_34_m_snc_foil,https://card-images.fetchtcg.com/mtg/3231/large/mtg_34_m_snc_foil.png,All-Seeing Arbiter,34,Mythic,Foil,Streets of New Capenna
mtg_34_m_snc_normal,https://card-images.fetchtcg.com/mtg/3231/large/mtg_34_m_snc_normal.png,All-Seeing Arbiter,34,Mythic,Normal,Streets of New Capenna
mtg_41_r_snc_foil,https://card-images.fetchtcg.com/mtg/3231/large/mtg_41_r_snc_foil.png,"Errant, Street Artist",41,Rare,Foil,Streets of New Capenna
mtg_41_r_snc_normal,https://card-images.fetchtcg.com/mtg/3231/large/mtg_41_r_snc_normal.png,"Errant, Street Artist",41,Rare,Normal,Streets of New Capenna
mtg_67_m_snc_foil,https://card-images.fetchtcg.com/mtg/3231/large/mtg_67_m_snc_foil.png,Angel of Suffering,67,Mythic,Foil,Streets of New Capenna
mtg_67_m_snc_normal,https://card-images.fetchtcg.com/mtg/3231/large/mtg_67_m_snc_normal.png,Angel of Suffering,67,Mythic,Normal,Streets of New Capenna
mtg_72_r_snc_foil,https://card-images.fetchtcg.com/mtg/3231/large/mtg_72_r_snc_foil.png,Cut of the Profits,72,Rare,Foil,Streets of New Capenna
mtg_72_r_snc_normal,https://card-images.fetchtcg.com/mtg/3231/large/mtg_72_r_snc_normal.png,Cut of the Profits,72,Rare,Normal,Streets of New Capenna
mtg_232_r_stx_foil,https://card-images.fetchtcg.com/mtg/3240/large/mtg_232_r_stx_foil.png,Silverquill Command,232,Rare,Foil,Strixhaven: School of Mages
mtg_232_r_stx_normal,https://card-images.fetchtcg.com/mtg/3240/large/mtg_232_r_stx_normal.png,Silverquill Command,232,Rare,Normal,Strixhaven: School of Mages
mtg_64_r_stx_foil,https://card-images.fetchtcg.com/mtg/3240/large/mtg_64_r_stx_foil.png,Baleful Mastery,64,Rare,Foil,Strixhaven: School of Mages
mtg_64_r_stx_normal,https://card-images.fetchtcg.com/mtg/3240/large/mtg_64_r_stx_normal.png,Baleful Mastery,64,Rare,Normal,Strixhaven: School of Mages
mtg_18_u_sta_foil,https://card-images.fetchtcg.com/mtg/3243/large/mtg_18_u_sta_foil.png,Negate,18,Uncommon,Foil,Strixhaven: School of Mages Mystical Archive
mtg_18_u_sta_normal,https://card-images.fetchtcg.com/mtg/3243/large/mtg_18_u_sta_normal.png,Negate,18,Uncommon,Normal,Strixhaven: School of Mages Mystical Archive
mtg_39_r_sta_foil,https://card-images.fetchtcg.com/mtg/3243/large/mtg_39_r_sta_foil.png,Grapeshot,39,Rare,Foil,Strixhaven: School of Mages Mystical Archive
mtg_39_r_sta_normal,https://card-images.fetchtcg.com/mtg/3243/large/mtg_39_r_sta_normal.png,Grapeshot,39,Rare,Normal,Strixhaven: School of Mages Mystical Archive
mtg_td-215_R_standard_foil,https://card-images.fetchtcg.com/mtg/3403/large/mtg_td-215_R_standard_foil.png,Rediscover the Way,215,Rare,Foil,Tarkir Dragonstorm
mtg_td-215_R_standard_normal,https://card-images.fetchtcg.com/mtg/3403/large/mtg_td-215_R_standard_normal.png,Rediscover the Way,215,Rare,Normal,Tarkir Dragonstorm
mtg_td-33_R_standard_foil,https://card-images.fetchtcg.com/mtg/3403/large/mtg_td-33_R_standard_foil.png,Voice of Victory,33,Rare,Foil,Tarkir Dragonstorm
mtg_td-33_R_standard_normal,https://card-images.fetchtcg.com/mtg/3403/large/mtg_td-33_R_standard_normal.png,Voice of Victory,33,Rare,Normal,Tarkir Dragonstorm
mtg_td-73_R_standard_foil,https://card-images.fetchtcg.com/mtg/3403/large/mtg_td-73_R_standard_foil.png,Avenger of the Fallen,73,Rare,Foil,Tarkir Dragonstorm
mtg_td-73_R_standard_normal,https://card-images.fetchtcg.com/mtg/3403/large/mtg_td-73_R_standard_normal.png,Avenger of the Fallen,73,Rare,Normal,Tarkir Dragonstorm
mtg_td-87_M_standard_foil,https://card-images.fetchtcg.com/mtg/3403/large/mtg_td-87_M_standard_foil.png,Rot-Curse Rakshasa,87,Mythic,Foil,Tarkir Dragonstorm
mtg_td-87_M_standard_normal,https://card-images.fetchtcg.com/mtg/3403/large/mtg_td-87_M_standard_normal.png,Rot-Curse Rakshasa,87,Mythic,Normal,Tarkir Dragonstorm
mtg_tmnt-108_R_standard_foil,https://card-images.fetchtcg.com/mtg/4465/large/mtg_tmnt-108_R_standard_foil.png,"Slash, Reptile Rampager",108,Rare,Foil,Teenage Mutant Ninja Turtles
mtg_tmnt-108_R_standard_normal,https://card-images.fetchtcg.com/mtg/4465/large/mtg_tmnt-108_R_standard_normal.png,"Slash, Reptile Rampager",108,Rare,Normal,Teenage Mutant Ninja Turtles
mtg_tmnt-121_R_standard_foil,https://card-images.fetchtcg.com/mtg/4465/large/mtg_tmnt-121_R_standard_foil.png,"Michelangelo, Weirdness to 11",121,Rare,Foil,Teenage Mutant Ninja Turtles
mtg_tmnt-121_R_standard_normal,https://card-images.fetchtcg.com/mtg/4465/large/mtg_tmnt-121_R_standard_normal.png,"Michelangelo, Weirdness to 11",121,Rare,Normal,Teenage Mutant Ninja Turtles
mtg_tmnt-128_R_standard_foil,https://card-images.fetchtcg.com/mtg/4465/large/mtg_tmnt-128_R_standard_foil.png,Party Dude,128,Rare,Foil,Teenage Mutant Ninja Turtles
mtg_tmnt-128_R_standard_normal,https://card-images.fetchtcg.com/mtg/4465/large/mtg_tmnt-128_R_standard_normal.png,Party Dude,128,Rare,Normal,Teenage Mutant Ninja Turtles
mtg_tmnt-13_R_standard_foil,https://card-images.fetchtcg.com/mtg/4465/large/mtg_tmnt-13_R_standard_foil.png,Leader's Talent,13,Rare,Foil,Teenage Mutant Ninja Turtles
mtg_tmnt-13_R_standard_normal,https://card-images.fetchtcg.com/mtg/4465/large/mtg_tmnt-13_R_standard_normal.png,Leader's Talent,13,Rare,Normal,Teenage Mutant Ninja Turtles
mtg_tmnt-140_R_standard_foil,https://card-images.fetchtcg.com/mtg/4465/large/mtg_tmnt-140_R_standard_foil.png,Bebop & Rocksteady,140,Rare,Foil,Teenage Mutant Ninja Turtles
mtg_tmnt-140_R_standard_normal,https://card-images.fetchtcg.com/mtg/4465/large/mtg_tmnt-140_R_standard_normal.png,Bebop & Rocksteady,140,Rare,Normal,Teenage Mutant Ninja Turtles
mtg_tmnt-169_R_standard_foil,https://card-images.fetchtcg.com/mtg/4465/large/mtg_tmnt-169_R_standard_foil.png,"Splinter, Radical Rat",169,Rare,Foil,Teenage Mutant Ninja Turtles
mtg_tmnt-169_R_standard_normal,https://card-images.fetchtcg.com/mtg/4465/large/mtg_tmnt-169_R_standard_normal.png,"Splinter, Radical Rat",169,Rare,Normal,Teenage Mutant Ninja Turtles
mtg_tmnt-171_R_standard_foil,https://card-images.fetchtcg.com/mtg/4465/large/mtg_tmnt-171_R_standard_foil.png,"Tokka & Rahzar, Terrible Twos",171,Rare,Foil,Teenage Mutant Ninja Turtles
mtg_tmnt-171_R_standard_normal,https://card-images.fetchtcg.com/mtg/4465/large/mtg_tmnt-171_R_standard_normal.png,"Tokka & Rahzar, Terrible Twos",171,Rare,Normal,Teenage Mutant Ninja Turtles
mtg_tmnt-172_R_standard_foil,https://card-images.fetchtcg.com/mtg/4465/large/mtg_tmnt-172_R_standard_foil.png,Chrome Dome,172,Rare,Foil,Teenage Mutant Ninja Turtles
mtg_tmnt-172_R_standard_normal,https://card-images.fetchtcg.com/mtg/4465/large/mtg_tmnt-172_R_standard_normal.png,Chrome Dome,172,Rare,Normal,Teenage Mutant Ninja Turtles
mtg_tmnt-175_M_standard_foil,https://card-images.fetchtcg.com/mtg/4465/large/mtg_tmnt-175_M_standard_foil.png,"Krang, Utrom Warlord",175,Mythic,Foil,Teenage Mutant Ninja Turtles
mtg_tmnt-175_M_standard_normal,https://card-images.fetchtcg.com/mtg/4465/large/mtg_tmnt-175_M_standard_normal.png,"Krang, Utrom Warlord",175,Mythic,Normal,Teenage Mutant Ninja Turtles
mtg_tmnt-35_R_standard_foil,https://card-images.fetchtcg.com/mtg/4465/large/mtg_tmnt-35_R_standard_foil.png,"Donatello, Gadget Master",35,Rare,Foil,Teenage Mutant Ninja Turtles
mtg_tmnt-35_R_standard_normal,https://card-images.fetchtcg.com/mtg/4465/large/mtg_tmnt-35_R_standard_normal.png,"Donatello, Gadget Master",35,Rare,Normal,Teenage Mutant Ninja Turtles
mtg_tmnt-36_M_standard_foil,https://card-images.fetchtcg.com/mtg/4465/large/mtg_tmnt-36_M_standard_foil.png,"Donatello, Mutant Mechanic",36,Mythic,Foil,Teenage Mutant Ninja Turtles
mtg_tmnt-36_M_standard_normal,https://card-images.fetchtcg.com/mtg/4465/large/mtg_tmnt-36_M_standard_normal.png,"Donatello, Mutant Mechanic",36,Mythic,Normal,Teenage Mutant Ninja Turtles
mtg_tmnt-42_R_standard_foil,https://card-images.fetchtcg.com/mtg/4465/large/mtg_tmnt-42_R_standard_foil.png,Kitsune's Technique,42,Rare,Foil,Teenage Mutant Ninja Turtles
mtg_tmnt-42_R_standard_normal,https://card-images.fetchtcg.com/mtg/4465/large/mtg_tmnt-42_R_standard_normal.png,Kitsune's Technique,42,Rare,Normal,Teenage Mutant Ninja Turtles
mtg_tmnt-66_R_standard_foil,https://card-images.fetchtcg.com/mtg/4465/large/mtg_tmnt-66_R_standard_foil.png,"Madame Null, Power Broker",66,Rare,Foil,Teenage Mutant Ninja Turtles
mtg_tmnt-66_R_standard_normal,https://card-images.fetchtcg.com/mtg/4465/large/mtg_tmnt-66_R_standard_normal.png,"Madame Null, Power Broker",66,Rare,Normal,Teenage Mutant Ninja Turtles
mtg_238_r_bro_foil,https://card-images.fetchtcg.com/mtg/3257/large/mtg_238_r_bro_foil.png,The Mightstone and Weakstone,238,Rare,Foil,The Brothers' War
mtg_238_r_bro_normal,https://card-images.fetchtcg.com/mtg/3257/large/mtg_238_r_bro_normal.png,The Mightstone and Weakstone,238,Rare,Normal,The Brothers' War
mtg_132_u_plist_normal,https://card-images.fetchtcg.com/mtg/3267/large/mtg_132_u_plist_normal.png,Battle Cry Goblin,132,Uncommon,Normal,The List
mtg_149_scrying-sheets_list-csp-348-en_r_plist_normal,https://card-images.fetchtcg.com/mtg/3267/large/mtg_149_scrying-sheets_list-csp-348-en_r_plist_normal.png,Scrying Sheets,149_scrying-sheets_list-csp-348-en,Rare,Normal,The List
mtg_15_m_plist_normal,https://card-images.fetchtcg.com/mtg/3267/large/mtg_15_m_plist_normal.png,Halo Fountain,15,Mythic,Normal,The List
mtg_18_m_plist_normal,https://card-images.fetchtcg.com/mtg/3267/large/mtg_18_m_plist_normal.png,"Heliod, Sun-Crowned",18,Mythic,Normal,The List
mtg_180_r_plist_normal,https://card-images.fetchtcg.com/mtg/3267/large/mtg_180_r_plist_normal.png,Feline Sovereign,180,Rare,Normal,The List
mtg_184_c_plist_normal,https://card-images.fetchtcg.com/mtg/3267/large/mtg_184_c_plist_normal.png,Masked Vandal,184,Common,Normal,The List
mtg_184_r_plist_normal,https://card-images.fetchtcg.com/mtg/3267/large/mtg_184_r_plist_normal.png,Eerie Ultimatum,184,Rare,Normal,The List
mtg_188_r_plist_normal,https://card-images.fetchtcg.com/mtg/3267/large/mtg_188_r_plist_normal.png,Realmwalker,188,Rare,Normal,The List
mtg_229_r_plist_normal,https://card-images.fetchtcg.com/mtg/3267/large/mtg_229_r_plist_normal.png,Showdown of the Skalds,229,Rare,Normal,The List
mtg_240_r_plist_normal,https://card-images.fetchtcg.com/mtg/3267/large/mtg_240_r_plist_normal.png,Maskwood Nexus,240,Rare,Normal,The List
mtg_242_animal-sanctuary_r_plist_normal,https://card-images.fetchtcg.com/mtg/3267/large/mtg_242_animal-sanctuary_r_plist_normal.png,Animal Sanctuary,242_animal-sanctuary,Rare,Normal,The List
mtg_253_r_plist_normal,https://card-images.fetchtcg.com/mtg/3267/large/mtg_253_r_plist_normal.png,Cave of the Frost Dragon,253,Rare,Normal,The List
mtg_27_m_plist_normal,https://card-images.fetchtcg.com/mtg/3267/large/mtg_27_m_plist_normal.png,"Mangara, the Diplomat",27,Mythic,Normal,The List
mtg_275_the-world-tree_list-khm-275-en_r_plist_normal,https://card-images.fetchtcg.com/mtg/3267/large/mtg_275_the-world-tree_list-khm-275-en_r_plist_normal.png,The World Tree,275_the-world-tree_list-khm-275-en,Rare,Normal,The List
mtg_29_r_plist_normal,https://card-images.fetchtcg.com/mtg/3267/large/mtg_29_r_plist_normal.png,Pack Leader,29,Rare,Normal,The List
mtg_328_m_plist_normal,https://card-images.fetchtcg.com/mtg/3267/large/mtg_328_m_plist_normal.png,"Liliana, Death Mage",328,Mythic,Normal,The List
mtg_64_r_plist_normal,https://card-images.fetchtcg.com/mtg/3267/large/mtg_64_r_plist_normal.png,Baleful Mastery,64,Rare,Normal,The List
mtg_149_m_ltr_foil,https://card-images.fetchtcg.com/mtg/3268/large/mtg_149_m_ltr_foil.png,Spiteful Banditry,149,Mythic,Foil,The Lord of the Rings: Tales of Middle-Earth
mtg_149_m_ltr_normal,https://card-images.fetchtcg.com/mtg/3268/large/mtg_149_m_ltr_normal.png,Spiteful Banditry,149,Mythic,Normal,The Lord of the Rings: Tales of Middle-Earth
mtg_158_r_ltr_foil,https://card-images.fetchtcg.com/mtg/3268/large/mtg_158_r_ltr_foil.png,Delighted Halfling,158,Rare,Foil,The Lord of the Rings: Tales of Middle-Earth
mtg_158_r_ltr_normal,https://card-images.fetchtcg.com/mtg/3268/large/mtg_158_r_ltr_normal.png,Delighted Halfling,158,Rare,Normal,The Lord of the Rings: Tales of Middle-Earth
mtg_17_r_ltr_foil,https://card-images.fetchtcg.com/mtg/3268/large/mtg_17_r_ltr_foil.png,Forge Anew,17,Rare,Foil,The Lord of the Rings: Tales of Middle-Earth
mtg_17_r_ltr_normal,https://card-images.fetchtcg.com/mtg/3268/large/mtg_17_r_ltr_normal.png,Forge Anew,17,Rare,Normal,The Lord of the Rings: Tales of Middle-Earth
mtg_173_r_ltr_foil,https://card-images.fetchtcg.com/mtg/3268/large/mtg_173_r_ltr_foil.png,"Legolas, Master Archer",173,Rare,Foil,The Lord of the Rings: Tales of Middle-Earth
mtg_173_r_ltr_normal,https://card-images.fetchtcg.com/mtg/3268/large/mtg_173_r_ltr_normal.png,"Legolas, Master Archer",173,Rare,Normal,The Lord of the Rings: Tales of Middle-Earth
mtg_239_m_ltr_foil,https://card-images.fetchtcg.com/mtg/3268/large/mtg_239_m_ltr_foil.png,Glamdring,239,Mythic,Foil,The Lord of the Rings: Tales of Middle-Earth
mtg_239_m_ltr_normal,https://card-images.fetchtcg.com/mtg/3268/large/mtg_239_m_ltr_normal.png,Glamdring,239,Mythic,Normal,The Lord of the Rings: Tales of Middle-Earth
mtg_257_mines-of-moria_r_ltr_foil,https://card-images.fetchtcg.com/mtg/3268/large/mtg_257_mines-of-moria_r_ltr_foil.png,Mines of Moria,257_mines-of-moria,Rare,Foil,The Lord of the Rings: Tales of Middle-Earth
mtg_257_mines-of-moria_r_ltr_normal,https://card-images.fetchtcg.com/mtg/3268/large/mtg_257_mines-of-moria_r_ltr_normal.png,Mines of Moria,257_mines-of-moria,Rare,Normal,The Lord of the Rings: Tales of Middle-Earth
mtg_282_r_ltr_foil,https://card-images.fetchtcg.com/mtg/3268/large/mtg_282_r_ltr_foil.png,"Saradoc, Master of Buckland",282,Rare,Foil,The Lord of the Rings: Tales of Middle-Earth
mtg_282_r_ltr_normal,https://card-images.fetchtcg.com/mtg/3268/large/mtg_282_r_ltr_normal.png,"Saradoc, Master of Buckland",282,Rare,Normal,The Lord of the Rings: Tales of Middle-Earth
mtg_36_r_ltr_foil,https://card-images.fetchtcg.com/mtg/3268/large/mtg_36_r_ltr_foil.png,War of the Last Alliance,36,Rare,Foil,The Lord of the Rings: Tales of Middle-Earth
mtg_36_r_ltr_normal,https://card-images.fetchtcg.com/mtg/3268/large/mtg_36_r_ltr_normal.png,War of the Last Alliance,36,Rare,Normal,The Lord of the Rings: Tales of Middle-Earth
mtg_69_r_ltr_foil,https://card-images.fetchtcg.com/mtg/3268/large/mtg_69_r_ltr_foil.png,Scroll of Isildur,69,Rare,Foil,The Lord of the Rings: Tales of Middle-Earth
mtg_69_r_ltr_normal,https://card-images.fetchtcg.com/mtg/3268/large/mtg_69_r_ltr_normal.png,Scroll of Isildur,69,Rare,Normal,The Lord of the Rings: Tales of Middle-Earth
mtg_203_r_ltc_normal,https://card-images.fetchtcg.com/mtg/3270/large/mtg_203_r_ltc_normal.png,Living Death,203,Rare,Normal,The Lord of the Rings: Tales of Middle-Earth Commander
mtg_334_sulfurous-springs_r_ltc_normal,https://card-images.fetchtcg.com/mtg/3270/large/mtg_334_sulfurous-springs_r_ltc_normal.png,Sulfurous Springs,334_sulfurous-springs,Rare,Normal,The Lord of the Rings: Tales of Middle-Earth Commander
mtg_12_r_lci_foil,https://card-images.fetchtcg.com/mtg/3277/large/mtg_12_r_lci_foil.png,Fabrication Foundry,12,Rare,Foil,The Lost Caverns of Ixalan
mtg_12_r_lci_normal,https://card-images.fetchtcg.com/mtg/3277/large/mtg_12_r_lci_normal.png,Fabrication Foundry,12,Rare,Normal,The Lost Caverns of Ixalan
mtg_228_r_lci_foil,https://card-images.fetchtcg.com/mtg/3277/large/mtg_228_r_lci_foil.png,Deepfathom Echo,228,Rare,Foil,The Lost Caverns of Ixalan
mtg_228_r_lci_normal,https://card-images.fetchtcg.com/mtg/3277/large/mtg_228_r_lci_normal.png,Deepfathom Echo,228,Rare,Normal,The Lost Caverns of Ixalan
mtg_92_m_lci_foil,https://card-images.fetchtcg.com/mtg/3277/large/mtg_92_m_lci_foil.png,Bloodletter of Aclazotz,92,Mythic,Foil,The Lost Caverns of Ixalan
mtg_92_m_lci_normal,https://card-images.fetchtcg.com/mtg/3277/large/mtg_92_m_lci_normal.png,Bloodletter of Aclazotz,92,Mythic,Normal,The Lost Caverns of Ixalan
mtg_140_r_lcc_normal,https://card-images.fetchtcg.com/mtg/3279/large/mtg_140_r_lcc_normal.png,Welcoming Vampire,140,Rare,Normal,The Lost Caverns of Ixalan Commander
mtg_159_r_lcc_normal,https://card-images.fetchtcg.com/mtg/3279/large/mtg_159_r_lcc_normal.png,Kindred Discovery,159,Rare,Normal,The Lost Caverns of Ixalan Commander
mtg_168_r_lcc_normal,https://card-images.fetchtcg.com/mtg/3279/large/mtg_168_r_lcc_normal.png,Reflections of Littjara,168,Rare,Normal,The Lost Caverns of Ixalan Commander
mtg_176_m_lcc_normal,https://card-images.fetchtcg.com/mtg/3279/large/mtg_176_m_lcc_normal.png,"Thassa, God of the Sea",176,Mythic,Normal,The Lost Caverns of Ixalan Commander
mtg_181_r_lcc_normal,https://card-images.fetchtcg.com/mtg/3279/large/mtg_181_r_lcc_normal.png,Black Market Connections,181,Rare,Normal,The Lost Caverns of Ixalan Commander
mtg_195_r_lcc_normal,https://card-images.fetchtcg.com/mtg/3279/large/mtg_195_r_lcc_normal.png,Exquisite Blood,195,Rare,Normal,The Lost Caverns of Ixalan Commander
mtg_250_r_lcc_normal,https://card-images.fetchtcg.com/mtg/3279/large/mtg_250_r_lcc_normal.png,Realmwalker,250,Rare,Normal,The Lost Caverns of Ixalan Commander
mtg_272_r_lcc_normal,https://card-images.fetchtcg.com/mtg/3279/large/mtg_272_r_lcc_normal.png,King Narfi's Betrayal,272,Rare,Normal,The Lost Caverns of Ixalan Commander
mtg_288_r_lcc_normal,https://card-images.fetchtcg.com/mtg/3279/large/mtg_288_r_lcc_normal.png,Simic Ascendancy,288,Rare,Normal,The Lost Caverns of Ixalan Commander
mtg_308_r_lcc_normal,https://card-images.fetchtcg.com/mtg/3279/large/mtg_308_r_lcc_normal.png,Metallic Mimic,308,Rare,Normal,The Lost Caverns of Ixalan Commander
mtg_121_u_thb_foil,https://card-images.fetchtcg.com/mtg/3287/large/mtg_121_u_thb_foil.png,Underworld Dreams,121,Uncommon,Foil,Theros Beyond Death
mtg_121_u_thb_normal,https://card-images.fetchtcg.com/mtg/3287/large/mtg_121_u_thb_normal.png,Underworld Dreams,121,Uncommon,Normal,Theros Beyond Death
mtg_18_m_thb_foil,https://card-images.fetchtcg.com/mtg/3287/large/mtg_18_m_thb_foil.png,"Heliod, Sun-Crowned",18,Mythic,Foil,Theros Beyond Death
mtg_18_m_thb_normal,https://card-images.fetchtcg.com/mtg/3287/large/mtg_18_m_thb_normal.png,"Heliod, Sun-Crowned",18,Mythic,Normal,Theros Beyond Death
mtg_235_r_thb_foil,https://card-images.fetchtcg.com/mtg/3287/large/mtg_235_r_thb_foil.png,Nyx Lotus,235,Rare,Foil,Theros Beyond Death
mtg_235_r_thb_normal,https://card-images.fetchtcg.com/mtg/3287/large/mtg_235_r_thb_normal.png,Nyx Lotus,235,Rare,Normal,Theros Beyond Death
mtg_73_r_thb_foil,https://card-images.fetchtcg.com/mtg/3287/large/mtg_73_r_thb_foil.png,Thassa's Oracle,73,Rare,Foil,Theros Beyond Death
mtg_73_r_thb_normal,https://card-images.fetchtcg.com/mtg/3287/large/mtg_73_r_thb_normal.png,Thassa's Oracle,73,Rare,Normal,Theros Beyond Death
mtg_171_m_eld_foil,https://card-images.fetchtcg.com/mtg/3296/large/mtg_171_m_eld_foil.png,Questing Beast,171,Mythic,Foil,Throne of Eldraine
mtg_171_m_eld_normal,https://card-images.fetchtcg.com/mtg/3296/large/mtg_171_m_eld_normal.png,Questing Beast,171,Mythic,Normal,Throne of Eldraine
mtg_203_r_eld_foil,https://card-images.fetchtcg.com/mtg/3296/large/mtg_203_r_eld_foil.png,Stormfist Crusader,203,Rare,Foil,Throne of Eldraine
mtg_203_r_eld_normal,https://card-images.fetchtcg.com/mtg/3296/large/mtg_203_r_eld_normal.png,Stormfist Crusader,203,Rare,Normal,Throne of Eldraine
mtg_241_castle-locthwain_r_eld_foil,https://card-images.fetchtcg.com/mtg/3296/large/mtg_241_castle-locthwain_r_eld_foil.png,Castle Locthwain,241_castle-locthwain,Rare,Foil,Throne of Eldraine
mtg_241_castle-locthwain_r_eld_normal,https://card-images.fetchtcg.com/mtg/3296/large/mtg_241_castle-locthwain_r_eld_normal.png,Castle Locthwain,241_castle-locthwain,Rare,Normal,Throne of Eldraine
mtg_244_fabled-passage_r_eld_foil,https://card-images.fetchtcg.com/mtg/3296/large/mtg_244_fabled-passage_r_eld_foil.png,Fabled Passage,244_fabled-passage,Rare,Foil,Throne of Eldraine
mtg_244_fabled-passage_r_eld_normal,https://card-images.fetchtcg.com/mtg/3296/large/mtg_244_fabled-passage_r_eld_normal.png,Fabled Passage,244_fabled-passage,Rare,Normal,Throne of Eldraine
mtg_39_r_tsb_foil,https://card-images.fetchtcg.com/mtg/3304/large/mtg_39_r_tsb_foil.png,Conspiracy,39,Rare,Foil,Time Spiral Timeshifted
mtg_39_r_tsb_normal,https://card-images.fetchtcg.com/mtg/3304/large/mtg_39_r_tsb_normal.png,Conspiracy,39,Rare,Normal,Time Spiral Timeshifted
mtg_1_m_ugin_normal,https://card-images.fetchtcg.com/mtg/3310/large/mtg_1_m_ugin_normal.png,"Ugin, the Spirit Dragon",1,Mythic,Normal,Ugin's Fate
mtg_11_r_ust_foil,https://card-images.fetchtcg.com/mtg/3325/large/mtg_11_r_ust_foil.png,Jackknight,11,Rare,Foil,Unstable
mtg_11_r_ust_normal,https://card-images.fetchtcg.com/mtg/3325/large/mtg_11_r_ust_normal.png,Jackknight,11,Rare,Normal,Unstable
mtg_128_r_ust_foil,https://card-images.fetchtcg.com/mtg/3325/large/mtg_128_r_ust_foil.png,Better Than One,128,Rare,Foil,Unstable
mtg_128_r_ust_normal,https://card-images.fetchtcg.com/mtg/3325/large/mtg_128_r_ust_normal.png,Better Than One,128,Rare,Normal,Unstable
mtg_15_r_ust_foil,https://card-images.fetchtcg.com/mtg/3325/large/mtg_15_r_ust_foil.png,Oddly Uneven,15,Rare,Foil,Unstable
mtg_15_r_ust_normal,https://card-images.fetchtcg.com/mtg/3325/large/mtg_15_r_ust_normal.png,Oddly Uneven,15,Rare,Normal,Unstable
mtg_20_r_ust_foil,https://card-images.fetchtcg.com/mtg/3325/large/mtg_20_r_ust_foil.png,Rules Lawyer,20,Rare,Foil,Unstable
mtg_20_r_ust_normal,https://card-images.fetchtcg.com/mtg/3325/large/mtg_20_r_ust_normal.png,Rules Lawyer,20,Rare,Normal,Unstable
mtg_4_r_ust_foil,https://card-images.fetchtcg.com/mtg/3325/large/mtg_4_r_ust_foil.png,By Gnome Means,4,Rare,Foil,Unstable
mtg_4_r_ust_normal,https://card-images.fetchtcg.com/mtg/3325/large/mtg_4_r_ust_normal.png,By Gnome Means,4,Rare,Normal,Unstable
mtg_56_r_ust_foil,https://card-images.fetchtcg.com/mtg/3325/large/mtg_56_r_ust_foil.png,Hangman,56,Rare,Foil,Unstable
mtg_56_r_ust_normal,https://card-images.fetchtcg.com/mtg/3325/large/mtg_56_r_ust_normal.png,Hangman,56,Rare,Normal,Unstable
mtg_101_r_40k_normal,https://card-images.fetchtcg.com/mtg/3337/large/mtg_101_r_40k_normal.png,Toxicrene,101,Rare,Normal,"Warhammer 40,000"
mtg_210_r_40k_normal,https://card-images.fetchtcg.com/mtg/3337/large/mtg_210_r_40k_normal.png,Abundance,210,Rare,Normal,"Warhammer 40,000"
mtg_242_r_40k_normal,https://card-images.fetchtcg.com/mtg/3337/large/mtg_242_r_40k_normal.png,Icon of Ancestry,242,Rare,Normal,"Warhammer 40,000"
mtg_269_cinder-glade_r_40k_normal,https://card-images.fetchtcg.com/mtg/3337/large/mtg_269_cinder-glade_r_40k_normal.png,Cinder Glade,269_cinder-glade,Rare,Normal,"Warhammer 40,000"
mtg_282_game-trail_r_40k_normal,https://card-images.fetchtcg.com/mtg/3337/large/mtg_282_game-trail_r_40k_normal.png,Game Trail,282_game-trail,Rare,Normal,"Warhammer 40,000"
mtg_297_temple-of-abandon_r_40k_normal,https://card-images.fetchtcg.com/mtg/3337/large/mtg_297_temple-of-abandon_r_40k_normal.png,Temple of Abandon,297_temple-of-abandon,Rare,Normal,"Warhammer 40,000"
mtg_298_temple-of-epiphany_r_40k_normal,https://card-images.fetchtcg.com/mtg/3337/large/mtg_298_temple-of-epiphany_r_40k_normal.png,Temple of Epiphany,298_temple-of-epiphany,Rare,Normal,"Warhammer 40,000"
mtg_299_temple-of-mystery_r_40k_normal,https://card-images.fetchtcg.com/mtg/3337/large/mtg_299_temple-of-mystery_r_40k_normal.png,Temple of Mystery,299_temple-of-mystery,Rare,Normal,"Warhammer 40,000"
mtg_45_u_40k_normal,https://card-images.fetchtcg.com/mtg/3337/large/mtg_45_u_40k_normal.png,Nurgle's Rot,45,Uncommon,Normal,"Warhammer 40,000"
mtg_83_r_40k_normal,https://card-images.fetchtcg.com/mtg/3337/large/mtg_83_r_40k_normal.png,The Red Terror,83,Rare,Normal,"Warhammer 40,000"
mtg_87_r_40k_normal,https://card-images.fetchtcg.com/mtg/3337/large/mtg_87_r_40k_normal.png,Biophagus,87,Rare,Normal,"Warhammer 40,000"
mtg_107_r_woe_foil,https://card-images.fetchtcg.com/mtg/3346/large/mtg_107_r_woe_foil.png,Specter of Mortality,107,Rare,Foil,Wilds of Eldraine
mtg_107_r_woe_normal,https://card-images.fetchtcg.com/mtg/3346/large/mtg_107_r_woe_normal.png,Specter of Mortality,107,Rare,Normal,Wilds of Eldraine
mtg_190_r_woe_foil,https://card-images.fetchtcg.com/mtg/3346/large/mtg_190_r_woe_foil.png,Thunderous Debut,190,Rare,Foil,Wilds of Eldraine
mtg_190_r_woe_normal,https://card-images.fetchtcg.com/mtg/3346/large/mtg_190_r_woe_normal.png,Thunderous Debut,190,Rare,Normal,Wilds of Eldraine
mtg_215_m_woe_foil,https://card-images.fetchtcg.com/mtg/3346/large/mtg_215_m_woe_foil.png,"Talion, the Kindly Lord",215,Mythic,Foil,Wilds of Eldraine
mtg_215_m_woe_normal,https://card-images.fetchtcg.com/mtg/3346/large/mtg_215_m_woe_normal.png,"Talion, the Kindly Lord",215,Mythic,Normal,Wilds of Eldraine
mtg_34_r_woe_foil,https://card-images.fetchtcg.com/mtg/3346/large/mtg_34_r_woe_foil.png,A Tale for the Ages,34,Rare,Foil,Wilds of Eldraine
mtg_34_r_woe_normal,https://card-images.fetchtcg.com/mtg/3346/large/mtg_34_r_woe_normal.png,A Tale for the Ages,34,Rare,Normal,Wilds of Eldraine
mtg_87_r_woe_foil,https://card-images.fetchtcg.com/mtg/3346/large/mtg_87_r_woe_foil.png,The End,87,Rare,Foil,Wilds of Eldraine
mtg_87_r_woe_normal,https://card-images.fetchtcg.com/mtg/3346/large/mtg_87_r_woe_normal.png,The End,87,Rare,Normal,Wilds of Eldraine
mtg_25_r_woc_foil,https://card-images.fetchtcg.com/mtg/3348/large/mtg_25_r_woc_foil.png,Court of Garenbrig,25,Rare,Foil,Wilds of Eldraine Commander
mtg_25_r_woc_normal,https://card-images.fetchtcg.com/mtg/3348/large/mtg_25_r_woc_normal.png,Court of Garenbrig,25,Rare,Normal,Wilds of Eldraine Commander
mtg_3_m_woc_foil,https://card-images.fetchtcg.com/mtg/3348/large/mtg_3_m_woc_foil.png,"Alela, Cunning Conqueror",3,Mythic,Foil,Wilds of Eldraine Commander
mtg_3_m_woc_normal,https://card-images.fetchtcg.com/mtg/3348/large/mtg_3_m_woc_normal.png,"Alela, Cunning Conqueror",3,Mythic,Normal,Wilds of Eldraine Commander
mtg_34_r_wot_foil,https://card-images.fetchtcg.com/mtg/3350/large/mtg_34_r_wot_foil.png,Polluted Bonds,34,Rare,Foil,Wilds of Eldraine: Enchanting Tales
mtg_34_r_wot_normal,https://card-images.fetchtcg.com/mtg/3350/large/mtg_34_r_wot_normal.png,Polluted Bonds,34,Rare,Normal,Wilds of Eldraine: Enchanting Tales
mtg_7_r_wot_foil,https://card-images.fetchtcg.com/mtg/3350/large/mtg_7_r_wot_foil.png,Karmic Justice,7,Rare,Foil,Wilds of Eldraine: Enchanting Tales
mtg_7_r_wot_normal,https://card-images.fetchtcg.com/mtg/3350/large/mtg_7_r_wot_normal.png,Karmic Justice,7,Rare,Normal,Wilds of Eldraine: Enchanting Tales
mtg_102_c_znr_foil,https://card-images.fetchtcg.com/mtg/3388/large/mtg_102_c_znr_foil.png,Feed the Swarm,102,Common,Foil,Zendikar Rising
mtg_102_c_znr_normal,https://card-images.fetchtcg.com/mtg/3388/large/mtg_102_c_znr_normal.png,Feed the Swarm,102,Common,Normal,Zendikar Rising
mtg_108_r_znr_foil,https://card-images.fetchtcg.com/mtg/3388/large/mtg_108_r_znr_foil.png,Inscription of Ruin,108,Rare,Foil,Zendikar Rising
mtg_108_r_znr_normal,https://card-images.fetchtcg.com/mtg/3388/large/mtg_108_r_znr_normal.png,Inscription of Ruin,108,Rare,Normal,Zendikar Rising
mtg_115_r_znr_foil,https://card-images.fetchtcg.com/mtg/3388/large/mtg_115_r_znr_foil.png,Nighthawk Scavenger,115,Rare,Foil,Zendikar Rising
mtg_115_r_znr_normal,https://card-images.fetchtcg.com/mtg/3388/large/mtg_115_r_znr_normal.png,Nighthawk Scavenger,115,Rare,Normal,Zendikar Rising
mtg_118_r_znr_foil,https://card-images.fetchtcg.com/mtg/3388/large/mtg_118_r_znr_foil.png,Nullpriest of Oblivion,118,Rare,Foil,Zendikar Rising
mtg_118_r_znr_normal,https://card-images.fetchtcg.com/mtg/3388/large/mtg_118_r_znr_normal.png,Nullpriest of Oblivion,118,Rare,Normal,Zendikar Rising
mtg_124_r_znr_foil,https://card-images.fetchtcg.com/mtg/3388/large/mtg_124_r_znr_foil.png,Shadows' Verdict,124,Rare,Foil,Zendikar Rising
mtg_124_r_znr_normal,https://card-images.fetchtcg.com/mtg/3388/large/mtg_124_r_znr_normal.png,Shadows' Verdict,124,Rare,Normal,Zendikar Rising
mtg_125_r_znr_foil,https://card-images.fetchtcg.com/mtg/3388/large/mtg_125_r_znr_foil.png,Skyclave Shade,125,Rare,Foil,Zendikar Rising
mtg_125_r_znr_normal,https://card-images.fetchtcg.com/mtg/3388/large/mtg_125_r_znr_normal.png,Skyclave Shade,125,Rare,Normal,Zendikar Rising
mtg_127_r_znr_foil,https://card-images.fetchtcg.com/mtg/3388/large/mtg_127_r_znr_foil.png,Soul Shatter,127,Rare,Foil,Zendikar Rising
mtg_127_r_znr_normal,https://card-images.fetchtcg.com/mtg/3388/large/mtg_127_r_znr_normal.png,Soul Shatter,127,Rare,Normal,Zendikar Rising
mtg_137_c_znr_foil,https://card-images.fetchtcg.com/mtg/3388/large/mtg_137_c_znr_foil.png,Cleansing Wildfire,137,Common,Foil,Zendikar Rising
mtg_137_c_znr_normal,https://card-images.fetchtcg.com/mtg/3388/large/mtg_137_c_znr_normal.png,Cleansing Wildfire,137,Common,Normal,Zendikar Rising
mtg_145_r_znr_foil,https://card-images.fetchtcg.com/mtg/3388/large/mtg_145_r_znr_foil.png,Kargan Intimidator,145,Rare,Foil,Zendikar Rising
mtg_145_r_znr_normal,https://card-images.fetchtcg.com/mtg/3388/large/mtg_145_r_znr_normal.png,Kargan Intimidator,145,Rare,Normal,Zendikar Rising
mtg_151_r_znr_foil,https://card-images.fetchtcg.com/mtg/3388/large/mtg_151_r_znr_foil.png,Nahiri's Lithoforming,151,Rare,Foil,Zendikar Rising
mtg_151_r_znr_normal,https://card-images.fetchtcg.com/mtg/3388/large/mtg_151_r_znr_normal.png,Nahiri's Lithoforming,151,Rare,Normal,Zendikar Rising
mtg_153_r_znr_foil,https://card-images.fetchtcg.com/mtg/3388/large/mtg_153_r_znr_foil.png,Relic Robber,153,Rare,Foil,Zendikar Rising
mtg_153_r_znr_normal,https://card-images.fetchtcg.com/mtg/3388/large/mtg_153_r_znr_normal.png,Relic Robber,153,Rare,Normal,Zendikar Rising
mtg_156_r_znr_foil,https://card-images.fetchtcg.com/mtg/3388/large/mtg_156_r_znr_foil.png,Roiling Vortex,156,Rare,Foil,Zendikar Rising
mtg_156_r_znr_normal,https://card-images.fetchtcg.com/mtg/3388/large/mtg_156_r_znr_normal.png,Roiling Vortex,156,Rare,Normal,Zendikar Rising
mtg_159_r_znr_foil,https://card-images.fetchtcg.com/mtg/3388/large/mtg_159_r_znr_foil.png,Shatterskull Charger,159,Rare,Foil,Zendikar Rising
mtg_159_r_znr_normal,https://card-images.fetchtcg.com/mtg/3388/large/mtg_159_r_znr_normal.png,Shatterskull Charger,159,Rare,Normal,Zendikar Rising
mtg_176_r_znr_foil,https://card-images.fetchtcg.com/mtg/3388/large/mtg_176_r_znr_foil.png,Wayward Guide-Beast,176,Rare,Foil,Zendikar Rising
mtg_176_r_znr_normal,https://card-images.fetchtcg.com/mtg/3388/large/mtg_176_r_znr_normal.png,Wayward Guide-Beast,176,Rare,Normal,Zendikar Rising
mtg_179_m_znr_foil,https://card-images.fetchtcg.com/mtg/3388/large/mtg_179_m_znr_foil.png,"Ashaya, Soul of the Wild",179,Mythic,Foil,Zendikar Rising
mtg_179_m_znr_normal,https://card-images.fetchtcg.com/mtg/3388/large/mtg_179_m_znr_normal.png,"Ashaya, Soul of the Wild",179,Mythic,Normal,Zendikar Rising
mtg_198_r_znr_foil,https://card-images.fetchtcg.com/mtg/3388/large/mtg_198_r_znr_foil.png,Oran-Rief Ooze,198,Rare,Foil,Zendikar Rising
mtg_198_r_znr_normal,https://card-images.fetchtcg.com/mtg/3388/large/mtg_198_r_znr_normal.png,Oran-Rief Ooze,198,Rare,Normal,Zendikar Rising
mtg_2_m_znr_foil,https://card-images.fetchtcg.com/mtg/3388/large/mtg_2_m_znr_foil.png,Angel of Destiny,2,Mythic,Foil,Zendikar Rising
mtg_2_m_znr_normal,https://card-images.fetchtcg.com/mtg/3388/large/mtg_2_m_znr_normal.png,Angel of Destiny,2,Mythic,Normal,Zendikar Rising
mtg_203_r_znr_foil,https://card-images.fetchtcg.com/mtg/3388/large/mtg_203_r_znr_foil.png,Scute Swarm,203,Rare,Foil,Zendikar Rising
mtg_203_r_znr_normal,https://card-images.fetchtcg.com/mtg/3388/large/mtg_203_r_znr_normal.png,Scute Swarm,203,Rare,Normal,Zendikar Rising
mtg_209_r_znr_foil,https://card-images.fetchtcg.com/mtg/3388/large/mtg_209_r_znr_foil.png,Tajuru Paragon,209,Rare,Foil,Zendikar Rising
mtg_209_r_znr_normal,https://card-images.fetchtcg.com/mtg/3388/large/mtg_209_r_znr_normal.png,Tajuru Paragon,209,Rare,Normal,Zendikar Rising
mtg_220_r_znr_foil,https://card-images.fetchtcg.com/mtg/3388/large/mtg_220_r_znr_foil.png,"Akiri, Fearless Voyager",220,Rare,Foil,Zendikar Rising
mtg_220_r_znr_normal,https://card-images.fetchtcg.com/mtg/3388/large/mtg_220_r_znr_normal.png,"Akiri, Fearless Voyager",220,Rare,Normal,Zendikar Rising
mtg_225_r_znr_foil,https://card-images.fetchtcg.com/mtg/3388/large/mtg_225_r_znr_foil.png,"Kaza, Roil Chaser",225,Rare,Foil,Zendikar Rising
mtg_225_r_znr_normal,https://card-images.fetchtcg.com/mtg/3388/large/mtg_225_r_znr_normal.png,"Kaza, Roil Chaser",225,Rare,Normal,Zendikar Rising
mtg_226_r_znr_foil,https://card-images.fetchtcg.com/mtg/3388/large/mtg_226_r_znr_foil.png,"Linvala, Shield of Sea Gate",226,Rare,Foil,Zendikar Rising
mtg_226_r_znr_normal,https://card-images.fetchtcg.com/mtg/3388/large/mtg_226_r_znr_normal.png,"Linvala, Shield of Sea Gate",226,Rare,Normal,Zendikar Rising
mtg_23_r_znr_foil,https://card-images.fetchtcg.com/mtg/3388/large/mtg_23_r_znr_foil.png,Legion Angel,23,Rare,Foil,Zendikar Rising
mtg_23_r_znr_normal,https://card-images.fetchtcg.com/mtg/3388/large/mtg_23_r_znr_normal.png,Legion Angel,23,Rare,Normal,Zendikar Rising
mtg_233_r_znr_foil,https://card-images.fetchtcg.com/mtg/3388/large/mtg_233_r_znr_foil.png,"Orah, Skyclave Hierophant",233,Rare,Foil,Zendikar Rising
mtg_233_r_znr_normal,https://card-images.fetchtcg.com/mtg/3388/large/mtg_233_r_znr_normal.png,"Orah, Skyclave Hierophant",233,Rare,Normal,Zendikar Rising
mtg_239_r_znr_foil,https://card-images.fetchtcg.com/mtg/3388/large/mtg_239_r_znr_foil.png,"Verazol, the Split Current",239,Rare,Foil,Zendikar Rising
mtg_239_r_znr_normal,https://card-images.fetchtcg.com/mtg/3388/large/mtg_239_r_znr_normal.png,"Verazol, the Split Current",239,Rare,Normal,Zendikar Rising
mtg_24_r_znr_foil,https://card-images.fetchtcg.com/mtg/3388/large/mtg_24_r_znr_foil.png,Luminarch Aspirant,24,Rare,Foil,Zendikar Rising
mtg_24_r_znr_normal,https://card-images.fetchtcg.com/mtg/3388/large/mtg_24_r_znr_normal.png,Luminarch Aspirant,24,Rare,Normal,Zendikar Rising
mtg_240_r_znr_foil,https://card-images.fetchtcg.com/mtg/3388/large/mtg_240_r_znr_foil.png,"Yasharn, Implacable Earth",240,Rare,Foil,Zendikar Rising
mtg_240_r_znr_normal,https://card-images.fetchtcg.com/mtg/3388/large/mtg_240_r_znr_normal.png,"Yasharn, Implacable Earth",240,Rare,Normal,Zendikar Rising
mtg_244_m_znr_foil,https://card-images.fetchtcg.com/mtg/3388/large/mtg_244_m_znr_foil.png,Forsaken Monument,244,Mythic,Foil,Zendikar Rising
mtg_244_m_znr_normal,https://card-images.fetchtcg.com/mtg/3388/large/mtg_244_m_znr_normal.png,Forsaken Monument,244,Mythic,Normal,Zendikar Rising
mtg_246_r_znr_foil,https://card-images.fetchtcg.com/mtg/3388/large/mtg_246_r_znr_foil.png,Myriad Construct,246,Rare,Foil,Zendikar Rising
mtg_246_r_znr_normal,https://card-images.fetchtcg.com/mtg/3388/large/mtg_246_r_znr_normal.png,Myriad Construct,246,Rare,Normal,Zendikar Rising
mtg_252_r_znr_foil,https://card-images.fetchtcg.com/mtg/3388/large/mtg_252_r_znr_foil.png,Skyclave Relic,252,Rare,Foil,Zendikar Rising
mtg_252_r_znr_normal,https://card-images.fetchtcg.com/mtg/3388/large/mtg_252_r_znr_normal.png,Skyclave Relic,252,Rare,Normal,Zendikar Rising
mtg_262_crawling-barrens_r_znr_foil,https://card-images.fetchtcg.com/mtg/3388/large/mtg_262_crawling-barrens_r_znr_foil.png,Crawling Barrens,262_crawling-barrens,Rare,Foil,Zendikar Rising
mtg_262_crawling-barrens_r_znr_normal,https://card-images.fetchtcg.com/mtg/3388/large/mtg_262_crawling-barrens_r_znr_normal.png,Crawling Barrens,262_crawling-barrens,Rare,Normal,Zendikar Rising
mtg_265_throne-of-makindi_r_znr_foil,https://card-images.fetchtcg.com/mtg/3388/large/mtg_265_throne-of-makindi_r_znr_foil.png,Throne of Makindi,265_throne-of-makindi,Rare,Foil,Zendikar Rising
mtg_265_throne-of-makindi_r_znr_normal,https://card-images.fetchtcg.com/mtg/3388/large/mtg_265_throne-of-makindi_r_znr_normal.png,Throne of Makindi,265_throne-of-makindi,Rare,Normal,Zendikar Rising
mtg_27_r_znr_foil,https://card-images.fetchtcg.com/mtg/3388/large/mtg_27_r_znr_foil.png,Maul of the Skyclaves,27,Rare,Foil,Zendikar Rising
mtg_27_r_znr_normal,https://card-images.fetchtcg.com/mtg/3388/large/mtg_27_r_znr_normal.png,Maul of the Skyclaves,27,Rare,Normal,Zendikar Rising
mtg_39_r_znr_foil,https://card-images.fetchtcg.com/mtg/3388/large/mtg_39_r_znr_foil.png,Skyclave Apparition,39,Rare,Foil,Zendikar Rising
mtg_39_r_znr_normal,https://card-images.fetchtcg.com/mtg/3388/large/mtg_39_r_znr_normal.png,Skyclave Apparition,39,Rare,Normal,Zendikar Rising
mtg_41_r_znr_foil,https://card-images.fetchtcg.com/mtg/3388/large/mtg_41_r_znr_foil.png,Squad Commander,41,Rare,Foil,Zendikar Rising
mtg_41_r_znr_normal,https://card-images.fetchtcg.com/mtg/3388/large/mtg_41_r_znr_normal.png,Squad Commander,41,Rare,Normal,Zendikar Rising
mtg_44_m_znr_foil,https://card-images.fetchtcg.com/mtg/3388/large/mtg_44_m_znr_foil.png,"Tazri, Beacon of Unity",44,Mythic,Foil,Zendikar Rising
mtg_44_m_znr_normal,https://card-images.fetchtcg.com/mtg/3388/large/mtg_44_m_znr_normal.png,"Tazri, Beacon of Unity",44,Mythic,Normal,Zendikar Rising
mtg_5_r_znr_foil,https://card-images.fetchtcg.com/mtg/3388/large/mtg_5_r_znr_foil.png,Archpriest of Iona,5,Rare,Foil,Zendikar Rising
mtg_5_r_znr_normal,https://card-images.fetchtcg.com/mtg/3388/large/mtg_5_r_znr_normal.png,Archpriest of Iona,5,Rare,Normal,Zendikar Rising
mtg_53_r_znr_foil,https://card-images.fetchtcg.com/mtg/3388/large/mtg_53_r_znr_foil.png,Confounding Conundrum,53,Rare,Foil,Zendikar Rising
mtg_53_r_znr_normal,https://card-images.fetchtcg.com/mtg/3388/large/mtg_53_r_znr_normal.png,Confounding Conundrum,53,Rare,Normal,Zendikar Rising
mtg_54_r_znr_foil,https://card-images.fetchtcg.com/mtg/3388/large/mtg_54_r_znr_foil.png,Coralhelm Chronicler,54,Rare,Foil,Zendikar Rising
mtg_54_r_znr_normal,https://card-images.fetchtcg.com/mtg/3388/large/mtg_54_r_znr_normal.png,Coralhelm Chronicler,54,Rare,Normal,Zendikar Rising
mtg_61_r_znr_foil,https://card-images.fetchtcg.com/mtg/3388/large/mtg_61_r_znr_foil.png,Inscription of Insight,61,Rare,Foil,Zendikar Rising
mtg_61_r_znr_normal,https://card-images.fetchtcg.com/mtg/3388/large/mtg_61_r_znr_normal.png,Inscription of Insight,61,Rare,Normal,Zendikar Rising
mtg_68_r_znr_foil,https://card-images.fetchtcg.com/mtg/3388/large/mtg_68_r_znr_foil.png,Master of Winds,68,Rare,Foil,Zendikar Rising
mtg_68_r_znr_normal,https://card-images.fetchtcg.com/mtg/3388/large/mtg_68_r_znr_normal.png,Master of Winds,68,Rare,Normal,Zendikar Rising
mtg_72_r_znr_foil,https://card-images.fetchtcg.com/mtg/3388/large/mtg_72_r_znr_foil.png,Nimble Trapfinder,72,Rare,Foil,Zendikar Rising
mtg_72_r_znr_normal,https://card-images.fetchtcg.com/mtg/3388/large/mtg_72_r_znr_normal.png,Nimble Trapfinder,72,Rare,Normal,Zendikar Rising
mtg_75_u_znr_foil,https://card-images.fetchtcg.com/mtg/3388/large/mtg_75_u_znr_foil.png,Ruin Crab,75,Uncommon,Foil,Zendikar Rising
mtg_75_u_znr_normal,https://card-images.fetchtcg.com/mtg/3388/large/mtg_75_u_znr_normal.png,Ruin Crab,75,Uncommon,Normal,Zendikar Rising
mtg_85_r_znr_foil,https://card-images.fetchtcg.com/mtg/3388/large/mtg_85_r_znr_foil.png,Thieving Skydiver,85,Rare,Foil,Zendikar Rising
mtg_85_r_znr_normal,https://card-images.fetchtcg.com/mtg/3388/large/mtg_85_r_znr_normal.png,Thieving Skydiver,85,Rare,Normal,Zendikar Rising
mtg_95_r_znr_foil,https://card-images.fetchtcg.com/mtg/3388/large/mtg_95_r_znr_foil.png,Coveted Prize,95,Rare,Foil,Zendikar Rising
mtg_95_r_znr_normal,https://card-images.fetchtcg.com/mtg/3388/large/mtg_95_r_znr_normal.png,Coveted Prize,95,Rare,Normal,Zendikar Rising
mtg_97_u_znr_foil,https://card-images.fetchtcg.com/mtg/3388/large/mtg_97_u_znr_foil.png,Demon's Disciple,97,Uncommon,Foil,Zendikar Rising
mtg_97_u_znr_normal,https://card-images.fetchtcg.com/mtg/3388/large/mtg_97_u_znr_normal.png,Demon's Disciple,97,Uncommon,Normal,Zendikar Rising
